kepid,kepoi_name,koi_disposition,koi_fpflag_nt,koi_fpflag_ss,koi_fpflag_co,koi_fpflag_ec,koi_period,koi_time0bk,koi_duration,koi_depth,koi_model_snr,koi_srad,koi_slogg,koi_steff
10797460,K00752.01,CONFIRMED,0,0,0,0,9.48803557,170.53875,2.9575,615.8,35.8,0.927,4.467,5455.0
10811496,K00753.01,CANDIDATE,0,0,0,0,19.89913995,175.850252,1.7822,10829.0,76.3,0.868,4.544,5853.0
10848459,K00754.01,FALSE POSITIVE,0,1,0,0,1.736952453,170.307565,2.40641,8079.2,505.6,0.791,4.564,5805.0
10854555,K00755.01,CONFIRMED,0,0,0,0,2.525591777,171.59555,1.6545,603.3,40.9,1.046,4.438,6031.0
10872983,K00756.01,CONFIRMED,0,0,0,0,11.09432054,171.20116,4.5945,1517.5,66.5,0.972,4.486,6046.0
10872983,K00756.02,CONFIRMED,0,0,0,0,4.13443512,172.97937,3.1402,686.0,40.2,0.972,4.486,6046.0
10872983,K00756.03,CONFIRMED,0,0,0,0,2.56658897,179.55437,2.429,226.5,15.0,0.972,4.486,6046.0
6721123,K00114.01,FALSE POSITIVE,0,1,1,0,7.36178958,132.25053,5.022,233.7,47.7,1.958,3.986,6227.0
10910878,K00757.01,CONFIRMED,0,0,0,0,16.06864674,173.621937,3.5347,4914.3,161.9,0.848,4.485,5031.0
11446443,K00001.01,CONFIRMED,0,0,0,0,2.470613377,122.763305,1.74319,14230.9,4304.3,0.964,4.457,5820.0
10666592,K00002.01,CONFIRMED,0,1,0,0,2.204735417,121.3585417,3.88864,6674.7,5945.9,1.952,4.019,6440.0
6922244,K00010.01,CONFIRMED,0,0,0,0,3.522498429,121.1194228,3.19843,9145.7,1741.5,1.451,4.169,6225.0
10984090,K00112.02,CONFIRMED,0,0,0,0,3.709214104,133.98318,2.6302,131.1,50.6,1.022,4.407,5833.0
10419211,K00742.01,FALSE POSITIVE,0,1,0,0,11.521446064,170.839688,3.6399,17984.3,622.1,0.848,4.554,5795.0
10464078,K00743.01,FALSE POSITIVE,0,1,0,0,19.40393776,172.484253,12.2155,8918.7,214.7,0.68,4.591,5043.0
10480982,K00744.01,FALSE POSITIVE,0,1,0,0,19.221388942,184.5521637,4.79843,74284.0,2317.0,0.947,4.496,6117.0
10485250,K00745.01,FALSE POSITIVE,0,1,0,0,16.46983774,180.881761,9.4378,10478.9,303.4,0.786,4.517,5152.0
10526549,K00746.01,CONFIRMED,0,0,0,0,9.27358173,173.258155,3.2875,1288.3,87.2,0.696,4.583,4856.0
10583066,K00747.01,CONFIRMED,0,0,0,0,6.02930329,171.602959,1.5821,1912.7,65.4,0.672,4.648,4537.0
10583180,K00748.01,FALSE POSITIVE,0,1,1,1,2.696370652,170.73769,3.6129,397.9,48.2,0.819,4.504,4989.0
10601284,K00749.01,CONFIRMED,0,0,0,0,5.349553819,171.80694,3.0278,831.0,60.6,0.91,4.44,5185.0
10601284,K00749.02,CONFIRMED,0,0,0,0,3.94105221,136.08662,2.5984,363.3,28.9,0.91,4.44,5185.0
10601284,K00749.03,CONFIRMED,0,0,0,0,8.10904807,132.8031,3.596,217.4,14.1,0.91,4.44,5185.0
10682541,K00751.01,CONFIRMED,0,0,0,0,4.99677968,171.74208,2.1717,934.7,28.2,0.847,4.552,5339.0
11460018,K00769.01,CONFIRMED,0,0,0,0,4.280963604,171.89659,2.875,750.8,61.8,0.831,4.564,5644.0
11463211,K00770.01,FALSE POSITIVE,0,0,1,0,1.50635409,170.998064,1.5155,2211.7,181.1,0.831,4.563,5714.0
10910878,K00757.03,CONFIRMED,0,0,0,0,6.252962249,171.30126,2.5819,1036.9,47.1,0.848,4.485,5031.0
10987985,K00758.01,CONFIRMED,0,0,0,0,16.01308419,176.3608,3.2554,1121.9,33.2,0.826,4.499,5015.0
11138155,K00760.01,CONFIRMED,0,0,0,0,4.959319244,172.2585292,2.22739,9802.0,696.5,1.082,4.359,5712.0
11152159,K00761.01,FALSE POSITIVE,0,1,1,0,2.701287801,170.69579,3.3827,860.4,48.3,0.91,4.468,5550.0
11153539,K00762.01,CONFIRMED,0,0,0,0,4.49876511,171.34905,3.7362,460.0,29.5,0.969,4.486,6075.0
11242721,K00763.01,FALSE POSITIVE,0,1,0,0,19.651209505,179.401981,5.2514,11766.3,513.4,1.063,4.391,6074.0
9579641,K00115.01,CONFIRMED,0,0,0,0,5.412203927,133.143089,2.9472,601.6,166.7,1.087,4.339,5779.0
11391957,K00765.01,CONFIRMED,0,0,0,0,8.35389523,171.63257,2.2514,1041.6,43.4,0.787,4.582,5592.0
11403044,K00766.01,CONFIRMED,0,0,0,0,4.125543472,169.752585,3.1744,1487.3,128.6,1.103,4.417,6174.0
11414511,K00767.01,CONFIRMED,0,0,0,0,2.816504904,170.9676846,2.50587,16813.7,1406.8,0.955,4.452,5532.0
12110942,K00786.01,CONFIRMED,0,0,0,0,3.689920099,170.36571,2.6557,426.7,35.6,0.917,4.518,5880.0
12366084,K00787.01,CONFIRMED,0,0,0,0,4.431238488,171.015,3.15,1010.9,71.1,1.015,4.428,5714.0
12366084,K00787.02,CONFIRMED,0,0,0,0,11.37936986,133.84992,2.6255,1023.5,37.9,1.015,4.428,5714.0
8395660,K00116.01,CONFIRMED,0,0,0,0,13.57078281,136.279194,3.3539,511.7,88.4,1.012,4.406,5854.0
9579641,K00115.02,CONFIRMED,0,0,0,0,7.12594387,139.00492,3.0014,192.4,47.1,1.087,4.339,5779.0
11656840,K00774.01,FALSE POSITIVE,0,1,0,0,7.442652004,169.9717797,2.3078,24446.2,835.6,0.956,4.469,6108.0
11754553,K00775.01,CONFIRMED,0,0,0,0,16.38489988,172.72782,3.0249,1127.1,28.9,0.615,4.661,4126.0
11754553,K00775.02,CONFIRMED,0,0,0,0,7.8774163,176.3759,2.0805,1306.1,38.7,0.615,4.661,4126.0
11812062,K00776.01,CONFIRMED,0,0,0,0,3.728732147,171.793255,2.683,5226.5,345.2,0.809,4.577,5497.0
11853255,K00778.01,CONFIRMED,0,0,0,0,2.243380573,170.679233,1.1196,821.7,38.9,0.564,4.698,4149.0
11909839,K00779.01,FALSE POSITIVE,0,1,0,0,10.405998015,177.197466,6.5036,14488.8,745.2,0.924,4.393,5746.0
11918099,K00780.01,CONFIRMED,0,0,0,0,2.337437946,171.761982,1.9982,971.2,82.4,0.765,4.595,5005.0
11918099,K00780.02,CANDIDATE,0,0,0,0,7.2406612,137.75545,0.558,556.4,13.7,0.765,4.595,5005.0
11923270,K00781.01,CONFIRMED,0,0,0,0,11.59822233,180.395376,2.5237,2804.5,71.0,0.473,4.79,3688.0
11960862,K00782.01,CONFIRMED,0,0,0,0,6.575315881,173.634044,4.3084,2793.3,221.1,0.989,4.415,5992.0
12020329,K00783.01,CONFIRMED,0,0,0,0,7.275040844,169.994217,7.5377,3001.0,312.1,0.867,4.556,5485.0
12066335,K00784.01,CONFIRMED,0,0,0,0,19.27153892,186.77093,2.7594,1219.8,37.1,0.56,4.702,4077.0
12066335,K00784.02,CONFIRMED,0,0,0,0,10.06524317,136.28906,1.369,1053.3,30.3,0.56,4.702,4077.0
12070811,K00785.01,CONFIRMED,0,0,0,0,12.3935651,178.74725,3.8896,916.6,35.8,0.75,4.603,5557.0
3120431,K00798.01,FALSE POSITIVE,0,1,1,0,3.341913228,171.63943,3.813,725.3,39.0,0.811,4.551,5295.0
3246984,K00799.01,FALSE POSITIVE,0,0,1,0,1.626630225,169.820171,2.1145,1620.6,103.6,0.973,4.41,5735.0
3342970,K00800.01,CONFIRMED,0,0,0,0,2.711504086,170.03417,3.0099,837.5,64.5,1.076,4.442,6214.0
3342970,K00800.02,CONFIRMED,0,0,0,0,7.21203748,172.81782,4.0491,950.4,51.5,1.076,4.442,6214.0
12459725,K00789.01,FALSE POSITIVE,0,0,0,1,14.1798187,171.50237,2.505,459.9,11.2,0.878,4.539,5799.0
12470844,K00790.01,CONFIRMED,0,0,0,0,8.47237911,174.16212,2.7245,1123.5,47.6,0.788,4.587,5354.0
12644822,K00791.01,CONFIRMED,0,0,0,0,12.611904345,180.892284,5.1497,6105.6,277.2,0.919,4.508,5795.0
2440757,K00792.01,FALSE POSITIVE,0,1,0,0,1.433769925,170.403536,1.8868,1976.3,112.6,1.339,4.22,6017.0
2445129,K00793.01,FALSE POSITIVE,0,1,1,0,10.31872301,173.31543,3.836,871.7,38.2,1.06,4.409,5927.0
2713049,K00794.01,CONFIRMED,0,0,0,0,2.539183147,169.67494,2.4282,382.1,38.9,1.062,4.35,5519.0
3114167,K00795.01,CONFIRMED,0,0,0,0,6.770300385,170.57662,2.0844,1304.0,50.8,0.679,4.656,5653.0
3115833,K00797.01,CANDIDATE,0,0,0,0,10.181584004,177.141891,3.5089,5741.1,183.6,0.836,4.541,5988.0
4139816,K00812.04,CONFIRMED,0,0,0,0,7.82502168,136.54995,2.186,520.8,15.9,0.493,4.754,3950.0
4275191,K00813.01,CONFIRMED,0,0,0,0,3.895936525,170.527552,2.3111,8544.8,370.8,0.774,4.592,5557.0
3351888,K00801.01,CONFIRMED,0,0,0,0,1.625522174,170.8266564,2.38963,7969.0,799.7,1.106,4.322,5539.0
3453214,K00802.01,CANDIDATE,0,0,0,0,19.620346923,181.881819,2.0038,21724.6,340.5,0.905,4.492,5710.0
3554600,K00803.01,FALSE POSITIVE,1,0,1,0,7.544039,171.7982,6.222,322.6,14.2,0.824,4.567,5657.0
3641726,K00804.01,CONFIRMED,0,0,0,0,9.02930689,177.20422,3.1449,1019.8,53.9,0.82,4.526,5349.0
3734868,K00805.01,FALSE POSITIVE,0,1,0,0,10.328035714,174.581054,7.7915,16917.7,636.8,1.024,4.359,5627.0
8395660,K00116.03,CONFIRMED,0,0,0,0,6.164876,135.63916,3.262,55.8,14.4,1.012,4.406,5854.0
3836375,K00807.01,FALSE POSITIVE,0,0,1,1,1.540397253,170.50479,2.1541,816.1,38.8,0.915,4.53,5663.0
3838486,K00808.01,FALSE POSITIVE,0,0,1,1,2.99025443,171.9834,5.414,589.2,48.5,0.731,4.578,4667.0
3935914,K00809.01,CONFIRMED,0,0,0,0,1.594745374,170.6483505,1.9604,15044.5,1009.3,0.893,4.491,5934.0
3940418,K00810.01,CONFIRMED,0,0,0,0,4.783002698,170.508434,2.335,1008.7,70.6,0.807,4.574,5170.0
4139816,K00812.01,CONFIRMED,0,0,0,0,3.340218842,171.979062,1.9104,1632.6,71.6,0.493,4.754,3950.0
5287983,K00828.01,FALSE POSITIVE,0,1,1,0,2.507089906,171.002455,2.0067,1339.2,64.9,0.939,4.506,5926.0
5358241,K00829.01,CONFIRMED,0,0,0,0,18.64932728,174.771,4.4056,893.6,46.1,1.053,4.405,5775.0
10875245,K00117.02,CONFIRMED,0,0,0,0,4.90144976,138.60548,4.1654,140.7,50.6,1.402,4.191,5847.0
5358241,K00829.02,CONFIRMED,0,0,0,0,9.75192101,138.78608,4.793,418.0,28.5,1.053,4.405,5775.0
5358624,K00830.01,CONFIRMED,0,0,0,0,3.525632539,170.0479951,2.59959,22335.0,1996.7,0.793,4.572,5150.0
4664847,K00816.01,CONFIRMED,0,0,0,0,7.748094239,174.997206,3.5957,2472.1,113.2,1.085,4.439,5973.0
4725681,K00817.02,CONFIRMED,0,0,0,0,8.29561738,135.79284,1.3421,824.3,17.9,0.524,4.728,3747.0
4913852,K00818.01,CONFIRMED,0,0,0,0,8.11437482,176.33968,2.2736,1558.0,56.4,0.517,4.753,3692.0
4936180,K00820.01,CANDIDATE,0,0,0,0,4.64090031,173.64638,35.512,2450.6,296.9,0.826,4.5,6463.0
11913073,K00011.01,FALSE POSITIVE,0,1,1,1,3.747838198,171.66504,5.0642,616.0,138.2,0.826,4.569,5514.0
10875245,K00117.01,CONFIRMED,0,0,0,0,14.74914825,138.77799,6.0995,430.2,107.4,1.402,4.191,5847.0
5077629,K00822.01,FALSE POSITIVE,0,1,0,0,7.91936937,172.181092,3.3148,15148.1,389.0,0.776,4.588,5690.0
5115978,K00823.01,CANDIDATE,0,0,0,0,1.028436523,170.228582,1.8606,8098.0,89.6,0.99,4.428,6228.0
5164255,K00824.01,CONFIRMED,0,0,0,0,15.37562369,173.61402,3.3169,15337.0,166.0,0.833,4.496,4986.0
5252423,K00825.01,CONFIRMED,0,0,0,0,8.10363271,176.9486,3.161,887.9,39.3,0.732,4.574,4861.0
5252423,K00825.02,CONFIRMED,0,0,0,0,4.71510843,134.96178,2.506,417.5,21.3,0.732,4.574,4861.0
5272878,K00826.01,CONFIRMED,0,0,0,0,6.365839713,171.13575,2.9721,780.7,70.8,0.849,4.554,5776.0
5283542,K00827.01,FALSE POSITIVE,0,0,1,0,5.97581754,174.77602,3.065,962.4,50.3,0.997,4.471,6108.0
5649215,K00839.01,FALSE POSITIVE,0,0,1,1,2.446737317,170.66951,4.7211,1177.9,110.2,0.863,4.548,5764.0
5651104,K00840.01,CONFIRMED,0,0,0,0,3.04033046,169.9490106,1.8411,10858.8,568.2,0.791,4.519,5035.0
5792202,K00841.01,CONFIRMED,0,0,0,0,15.33528675,174.00278,3.897,3081.4,86.6,0.817,4.581,5251.0
10875245,K00117.04,CONFIRMED,0,0,0,0,7.95825328,137.80219,4.377,50.0,14.7,1.402,4.191,5847.0
5370302,K00831.01,FALSE POSITIVE,0,1,0,0,3.9043425,173.393734,3.831,16228.4,323.4,0.898,4.526,5810.0
5372966,K00832.01,FALSE POSITIVE,0,1,0,0,9.286358079,171.8214689,3.49949,44791.4,1671.1,0.821,4.523,5670.0
5376067,K00833.01,FALSE POSITIVE,0,1,0,0,3.951405455,173.276125,2.1862,2453.9,117.2,0.869,4.539,6046.0
5436502,K00834.02,CONFIRMED,0,0,0,0,13.23352214,140.32196,6.7372,504.6,49.1,1.384,4.191,5739.0
5436502,K00834.03,CONFIRMED,0,0,0,0,6.15560285,134.81656,4.9843,285.0,35.1,1.384,4.191,5739.0
5436502,K00834.04,CONFIRMED,0,0,0,0,2.090811305,134.17462,3.388,115.9,19.9,1.384,4.191,5739.0
10875245,K00117.03,CONFIRMED,0,0,0,0,3.180027898,133.49863,3.5797,120.3,50.4,1.402,4.191,5847.0
5456651,K00835.01,CONFIRMED,0,0,0,0,11.76307164,180.93613,2.9076,1037.3,48.9,0.756,4.603,4959.0
5481416,K00836.01,FALSE POSITIVE,0,1,1,1,2.384052875,171.58362,3.0918,1268.1,50.5,0.701,4.58,4794.0
5531576,K00837.01,CONFIRMED,0,0,0,0,7.953547,174.66224,2.6312,875.4,38.4,0.779,4.536,4768.0
5531576,K00837.02,CONFIRMED,0,0,0,0,4.14451656,135.92831,2.3421,391.8,22.8,0.779,4.536,4768.0
5534814,K00838.01,FALSE POSITIVE,0,1,0,0,4.859386384,173.011469,2.2757,6044.3,269.7,0.988,4.47,6072.0
6291653,K00850.01,CONFIRMED,0,0,0,0,10.526294577,176.522462,2.5211,9768.0,482.3,0.793,4.553,5386.0
6392727,K00851.01,CONFIRMED,0,0,0,0,4.583520948,169.973972,2.7055,3812.1,99.5,0.877,4.54,5815.0
6422070,K00852.01,CONFIRMED,0,0,0,0,3.76181843,171.90364,3.5176,510.6,35.9,0.949,4.472,5653.0
6428700,K00853.01,CONFIRMED,0,0,0,0,8.20396958,169.69138,2.9667,1024.4,54.4,0.826,4.499,5015.0
6428700,K00853.02,CONFIRMED,0,0,0,0,14.49645186,143.41659,4.016,647.5,25.7,0.826,4.499,5015.0
5792202,K00841.03,CONFIRMED,0,0,0,0,6.54626149,133.85964,2.75,655.9,24.8,0.817,4.581,5251.0
5794379,K00842.01,CONFIRMED,0,0,0,0,12.71809866,175.35526,3.0957,1149.4,52.7,0.686,4.592,4702.0
5881688,K00843.01,CONFIRMED,0,0,0,0,4.190425659,171.44122,2.8589,2877.4,240.6,1.135,4.392,6073.0
6022556,K00844.01,CONFIRMED,0,0,0,0,3.709870784,171.987982,3.0694,2020.3,116.1,0.978,4.463,5727.0
6032497,K00845.01,CONFIRMED,0,0,0,0,16.3297527,177.29506,6.271,1187.5,74.6,0.987,4.444,5878.0
6267425,K00848.01,FALSE POSITIVE,0,1,1,0,3.166465862,172.002627,2.9381,4357.2,122.1,0.704,4.575,4968.0
6276477,K00849.01,CONFIRMED,0,0,0,0,10.35533116,170.93729,3.1775,750.6,49.2,0.918,4.462,5501.0
6863998,K00867.01,CONFIRMED,0,0,0,0,16.08518937,180.28319,3.984,1442.4,62.6,0.826,4.523,5239.0
6948054,K00869.01,CONFIRMED,0,0,0,0,7.49018305,174.95037,2.7297,1123.6,53.0,0.787,4.562,5103.0
6948054,K00869.03,CONFIRMED,0,0,0,0,17.46087931,137.26594,2.2641,812.4,22.6,0.787,4.562,5103.0
6587280,K00857.01,CONFIRMED,0,0,0,0,5.715425977,174.87931,2.5242,908.1,59.4,0.826,4.572,5237.0
6599919,K00858.01,CANDIDATE,0,0,0,0,13.61014819,173.987319,2.594,5732.9,184.1,0.903,4.46,5697.0
6675056,K00859.01,FALSE POSITIVE,0,1,1,1,10.44331991,175.4046,2.743,1159.8,51.7,0.802,4.516,4947.0
6685526,K00861.01,CONFIRMED,0,0,0,0,2.237489571,170.81914,1.8119,315.8,30.7,0.81,4.58,5265.0
6756669,K00862.01,FALSE POSITIVE,0,1,0,0,5.851520671,173.8228336,3.11058,33003.6,1630.4,0.806,4.53,5532.0
6784235,K00863.01,CONFIRMED,0,0,0,0,3.167893418,172.147959,2.1814,781.2,64.8,0.94,4.503,5895.0
6849310,K00864.01,CONFIRMED,0,0,0,0,4.311780262,173.576483,2.7251,1154.0,86.1,0.927,4.484,5527.0
6849310,K00864.03,CONFIRMED,0,0,0,0,9.76734503,186.57718,1.6585,569.1,21.1,0.927,4.484,5527.0
6862603,K00866.01,FALSE POSITIVE,0,1,1,0,2.861159894,171.648106,1.8832,1014.3,58.3,1.021,4.458,6126.0
7366258,K00880.03,CONFIRMED,0,0,0,0,5.902245782,136.78393,2.9003,702.3,59.3,0.929,4.463,5427.0
7366258,K00880.04,CONFIRMED,0,0,0,0,2.382951591,135.080841,1.8876,391.6,41.4,0.929,4.463,5427.0
6948054,K00869.04,CONFIRMED,0,0,0,0,3.219814777,133.00406,2.0642,488.2,30.5,0.787,4.562,5103.0
6949607,K00870.01,CONFIRMED,0,0,0,0,5.912273234,172.184012,2.3254,961.4,62.8,0.57,4.696,4072.0
6949607,K00870.02,CONFIRMED,0,0,0,0,8.98581901,175.68418,2.8606,881.3,51.8,0.57,4.696,4072.0
7031517,K00871.01,CANDIDATE,0,0,0,0,12.940668656,179.423014,2.4845,42450.0,307.5,0.809,4.572,5875.0
7109675,K00872.02,CONFIRMED,0,0,0,0,6.76652928,138.0637,2.9004,450.7,29.2,0.93,4.447,5149.0
7118364,K00873.01,CONFIRMED,0,0,0,0,4.347288783,172.23343,2.1024,451.6,39.7,1.122,4.345,5754.0
7134976,K00874.01,CONFIRMED,0,0,0,0,4.601811819,169.98108,2.2607,755.9,60.8,0.833,4.496,4986.0
7134976,K00874.02,CONFIRMED,0,0,0,0,11.18719905,137.17814,3.252,353.6,21.9,0.833,4.496,4986.0
7135852,K00875.01,CONFIRMED,0,0,0,0,4.220965778,170.622433,3.0854,2260.0,157.8,0.517,4.747,3837.0
7270230,K00876.01,FALSE POSITIVE,0,1,0,0,6.998099523,171.898913,2.0488,20285.0,192.3,0.829,4.566,5612.0
7287995,K00877.01,CONFIRMED,0,0,0,0,5.95489993,170.955871,2.3892,1410.7,87.2,0.633,4.641,4261.0
7287995,K00877.02,CONFIRMED,0,0,0,0,12.03987488,181.22536,2.7363,1250.6,57.6,0.633,4.641,4261.0
3247396,K00121.01,FALSE POSITIVE,0,1,1,1,8.8111022,136.4568,5.0683,401.1,76.8,2.404,3.8,6200.0
5094751,K00123.01,CONFIRMED,0,0,0,0,6.481633073,122.977657,3.784,298.5,125.6,1.302,4.213,5945.0
7678434,K00892.01,CONFIRMED,0,0,0,0,10.37168928,172.61729,3.035,1254.9,64.5,0.888,4.457,5121.0
7678434,K00892.02,CONFIRMED,0,0,0,0,3.96996298,137.75447,1.1757,299.2,15.0,0.888,4.457,5121.0
7685981,K00893.01,CONFIRMED,0,0,0,0,4.40841331,172.18582,5.012,549.4,45.1,0.961,4.457,6007.0
7708215,K00894.01,FALSE POSITIVE,0,1,1,1,7.9426176,174.52563,6.703,1590.7,60.4,0.926,4.521,5811.0
7377033,K00882.01,FALSE POSITIVE,0,1,0,0,1.956811408,170.694208,2.1958,24905.0,125.4,0.603,4.657,5209.0
7380537,K00883.01,CANDIDATE,0,0,0,0,2.688899233,170.1020904,2.11275,37491.6,1011.6,0.639,4.667,4820.0
7434875,K00884.01,CONFIRMED,0,0,0,0,9.439459486,177.186096,2.8979,3036.1,175.2,0.779,4.597,5097.0
8349582,K00122.01,CONFIRMED,0,0,0,0,11.523067458,131.969055,3.8757,507.3,142.0,1.411,4.162,5644.0
7434875,K00884.03,CONFIRMED,0,0,0,0,3.336123113,135.31623,1.9616,516.3,41.6,0.779,4.597,5097.0
7455287,K00886.01,CONFIRMED,0,0,0,0,8.01078456,170.20739,2.312,1333.6,48.5,0.47,4.779,3713.0
7455287,K00886.02,CONFIRMED,0,0,0,0,12.07134205,143.45948,4.3224,759.2,31.0,0.47,4.779,3713.0
7458762,K00887.01,CONFIRMED,0,0,0,0,7.41113177,175.34754,2.5242,620.5,50.4,0.919,4.517,5849.0
7552344,K00888.01,FALSE POSITIVE,0,1,0,0,1.000747038,169.974229,0.9967,1823.5,147.4,0.79,4.499,5472.0
757450,K00889.01,CONFIRMED,0,0,0,0,8.884922995,169.991686,2.07004,16053.4,388.2,0.843,4.5,5332.0
7585481,K00890.01,CONFIRMED,0,0,0,0,8.09888906,176.623731,4.20241,6911.1,435.9,1.076,4.442,6214.0
7663691,K00891.01,CONFIRMED,0,0,0,0,10.00653012,176.96898,5.344,936.1,71.9,1.001,4.47,6063.0
5812701,K00012.01,CONFIRMED,0,0,0,0,17.855221681,146.596466,7.41287,9065.2,915.7,1.367,4.308,6823.0
8013419,K00901.01,CANDIDATE,0,0,0,0,12.732624065,176.939054,2.2083,6465.7,210.5,0.541,4.721,3950.0
8039892,K00903.01,CONFIRMED,0,0,0,0,5.007316661,173.433997,4.2362,6932.3,431.4,0.827,4.563,5865.0
8150320,K00904.01,CONFIRMED,0,0,0,0,2.211116989,170.150139,1.6485,724.2,42.6,0.646,4.656,4500.0
11086270,K00124.01,CONFIRMED,0,0,0,0,12.69104387,137.12594,3.7727,252.1,60.2,1.626,4.024,5869.0
7767559,K00895.01,FALSE POSITIVE,0,1,0,0,4.409409243,171.89433,3.8636,12861.0,85.8,0.975,4.368,5600.0
7825899,K00896.01,CONFIRMED,0,0,0,0,16.23947096,175.569907,4.0374,2590.7,123.8,0.837,4.564,5191.0
7825899,K00896.02,CONFIRMED,0,0,0,0,6.308201629,174.047661,2.9785,1328.5,86.2,0.837,4.564,5191.0
7849854,K00897.01,CONFIRMED,0,0,0,0,2.052349884,169.890622,2.0778,14280.6,1072.1,1.08,4.393,5855.0
7870390,K00898.01,CONFIRMED,0,0,0,0,9.7704486,175.71372,2.4517,1897.8,58.0,0.509,4.73,3906.0
7870390,K00898.02,CONFIRMED,0,0,0,0,5.169804269,172.63153,2.153,1037.4,41.4,0.509,4.73,3906.0
7907423,K00899.01,CONFIRMED,0,0,0,0,7.11373257,174.32351,2.1764,807.6,44.4,0.411,4.855,3561.0
7907423,K00899.02,CONFIRMED,0,0,0,0,3.306551643,134.37211,1.8177,509.2,37.8,0.411,4.855,3561.0
7907423,K00899.03,CONFIRMED,0,0,0,0,15.36845737,147.38965,2.4714,756.1,30.9,0.411,4.855,3561.0
7938496,K00900.01,CONFIRMED,0,0,0,0,13.81020318,172.33533,3.048,1309.7,46.2,1.142,4.327,5942.0
8490993,K00911.01,CONFIRMED,0,0,0,0,4.093578461,171.00954,2.5833,538.6,36.4,0.999,4.471,6077.0
8505670,K00912.01,CONFIRMED,0,0,0,0,10.8484518,171.80584,2.9993,1675.6,64.5,0.591,4.682,4201.0
8505670,K00912.02,CONFIRMED,0,0,0,0,6.66833241,137.43988,1.915,362.3,14.2,0.591,4.682,4201.0
8544996,K00913.01,CONFIRMED,0,0,0,0,4.082274889,169.6375652,3.23015,17859.2,1669.1,0.794,4.581,5655.0
8552202,K00914.01,CANDIDATE,0,0,0,0,3.886655224,169.73814,3.1646,581.6,48.1,0.738,4.61,5662.0
8150320,K00904.04,CONFIRMED,0,0,0,0,4.617490562,135.04909,2.2618,575.8,28.1,0.646,4.656,4500.0
8150320,K00904.05,CONFIRMED,0,0,0,0,10.19849255,137.92067,2.4283,634.1,21.4,0.646,4.656,4500.0
8180063,K00905.01,FALSE POSITIVE,0,0,1,0,5.795063956,172.697467,3.2496,1692.9,119.4,0.827,4.563,5865.0
8226994,K00906.01,CONFIRMED,0,0,0,0,7.15681552,174.13511,2.5882,867.0,47.7,0.838,4.494,5029.0
8226994,K00906.02,CONFIRMED,0,0,0,0,17.64830851,133.54533,2.0873,763.3,23.8,0.838,4.494,5029.0
8226994,K00906.03,CONFIRMED,0,0,0,0,4.14810719,133.3881,2.535,175.2,12.9,0.838,4.494,5029.0
8247638,K00907.01,CONFIRMED,0,0,0,0,16.51410989,176.11686,4.1575,973.5,55.9,0.866,4.488,5527.0
8247638,K00907.03,CONFIRMED,0,0,0,0,4.79090809,136.31106,2.603,251.3,21.2,0.866,4.488,5527.0
8255887,K00908.01,CONFIRMED,0,0,0,0,4.708326451,171.446507,3.16114,7912.7,633.4,1.21,4.246,5560.0
8256049,K00909.01,FALSE POSITIVE,0,0,1,1,16.37198661,172.75926,3.8449,4147.6,54.5,0.592,4.656,4187.0
8414716,K00910.01,CONFIRMED,0,0,0,0,5.392026903,171.72707,2.9804,1151.4,77.4,0.801,4.589,5198.0
9140402,K00928.01,CANDIDATE,0,0,0,0,2.494170338,170.852848,1.1221,863.7,69.2,0.829,4.566,5569.0
9141746,K00929.01,CONFIRMED,0,0,0,0,6.491682808,174.633553,4.301,7163.3,502.3,1.107,4.413,6123.0
9159275,K00930.01,FALSE POSITIVE,0,1,1,1,3.044770796,172.01916,10.0134,1695.0,203.5,0.753,4.603,5525.0
9166862,K00931.01,CONFIRMED,0,0,0,0,3.855603916,170.6787843,3.2179,16652.7,1173.9,1.046,4.46,6033.0
9166870,K00932.01,FALSE POSITIVE,0,0,1,1,3.855599139,170.67957,3.183,1030.9,90.1,0.965,4.501,5936.0
8628973,K00916.01,CONFIRMED,0,0,0,0,3.314947362,171.313058,1.8007,1398.2,123.5,0.944,4.481,5609.0
8655354,K00917.01,FALSE POSITIVE,0,1,0,0,6.71969089,173.35776,3.0231,969.7,45.4,0.866,4.479,5931.0
8689373,K00921.01,CONFIRMED,0,0,0,0,10.28194593,175.33988,3.4366,1110.7,55.0,0.775,4.593,5196.0
8689373,K00921.02,CONFIRMED,0,0,0,0,18.11993039,182.61535,4.2309,1506.9,60.7,0.775,4.593,5196.0
8689373,K00921.03,CONFIRMED,0,0,0,0,3.78402867,133.28133,1.9012,426.1,25.6,0.775,4.593,5196.0
8826878,K00922.01,CONFIRMED,0,0,0,0,5.15448142,171.6389,3.228,697.5,48.1,0.884,4.457,5431.0
8883593,K00923.01,CONFIRMED,0,0,0,0,5.743469797,174.898924,3.4412,1240.2,79.7,0.891,4.531,5897.0
9016295,K00925.01,FALSE POSITIVE,0,1,0,0,19.974485239,171.6300909,4.23479,40293.1,1398.8,0.997,4.471,6108.0
9077124,K00926.01,CONFIRMED,0,0,0,0,3.166353562,170.966145,3.3129,1473.4,128.3,0.998,4.47,6007.0
9466668,K00939.01,CONFIRMED,0,0,0,0,3.388012244,170.5336,2.6849,280.1,30.6,1.25,4.221,5553.0
9466668,K00939.02,CONFIRMED,0,0,0,0,5.83909761,132.09261,3.1915,273.6,25.2,1.25,4.221,5553.0
9466668,K00939.03,CONFIRMED,0,0,0,0,1.620467654,132.06388,2.1888,159.6,22.7,1.25,4.221,5553.0
9466668,K00939.04,CONFIRMED,0,0,0,0,10.6816951,131.55082,3.605,307.8,21.9,1.25,4.221,5553.0
9479273,K00940.01,CONFIRMED,0,0,0,0,6.104849417,169.573477,4.6912,2090.3,293.7,0.712,4.584,5085.0
8359498,K00127.01,CONFIRMED,0,0,0,0,3.578780566,134.0304187,2.91089,11382.2,1838.4,0.994,4.421,5524.0
9171801,K00933.01,FALSE POSITIVE,0,1,1,0,3.187067566,171.64976,3.119,1037.4,37.2,0.811,4.552,5450.0
9334289,K00934.01,CONFIRMED,0,0,0,0,5.826657508,173.011411,2.9183,1539.1,81.1,1.06,4.362,5561.0
9334289,K00934.02,CONFIRMED,0,0,0,0,12.41216347,142.54039,3.739,611.3,25.6,1.06,4.362,5561.0
9334289,K00934.03,CONFIRMED,0,0,0,0,18.74649011,147.13074,3.895,796.8,26.7,1.06,4.362,5561.0
9347899,K00935.04,CANDIDATE,0,0,0,0,9.61731426,142.47479,3.8692,234.0,18.2,1.257,4.22,6035.0
9388479,K00936.01,CONFIRMED,0,0,0,0,9.467821474,178.415842,2.4327,2237.0,124.7,0.458,4.807,3582.0
9388479,K00936.02,CONFIRMED,0,0,0,0,0.893040969,134.540342,1.0981,741.7,87.8,0.458,4.807,3582.0
11359879,K00128.01,CONFIRMED,0,0,0,0,4.942783419,136.3294353,3.25346,11144.7,2040.7,0.978,4.459,5514.0
9415172,K00938.01,CONFIRMED,0,0,0,0,9.94602357,171.70192,3.3862,994.5,51.0,1.013,4.365,5344.0
9415172,K00938.02,CONFIRMED,0,0,0,0,1.04562195,133.91912,1.8955,213.0,25.3,1.013,4.365,5344.0
9415172,K00938.03,CONFIRMED,0,0,0,0,5.71462396,132.63866,2.336,297.8,16.7,1.013,4.365,5344.0
3231341,K01102.02,CONFIRMED,0,0,0,0,8.14515981,140.56811,5.073,446.8,32.2,1.24,4.197,5896.0
3231341,K01102.03,CONFIRMED,0,0,0,0,18.9985279,144.74157,4.529,430.7,16.9,1.24,4.197,5896.0
3231341,K01102.04,CONFIRMED,0,0,0,0,4.24439049,137.06643,3.282,174.0,15.1,1.24,4.197,5896.0
10319385,K01169.01,CANDIDATE,0,0,0,0,0.689210173,133.28584,1.6169,195.0,93.4,0.954,4.505,5630.0
10482160,K01170.01,CONFIRMED,0,0,0,0,7.34373964,137.29874,1.1784,574.4,32.2,0.762,4.597,5757.0
6579806,K00967.01,FALSE POSITIVE,0,1,0,0,9.88047978,173.608672,2.78458,18541.0,534.5,0.917,4.512,6113.0
3560301,K00968.01,FALSE POSITIVE,1,0,0,0,4.6484156,261.09395,38.1939,128.4,91.7,3.482,3.577,6980.0
4044005,K00969.01,FALSE POSITIVE,0,1,0,0,17.512014768,174.282592,1.8248,4511.7,322.3,1.132,4.33,6224.0
11502218,K00970.01,CANDIDATE,0,0,0,0,3.9886021,171.01852,1.7376,673.5,37.1,13.652,2.472,4813.0
11180361,K00971.01,CANDIDATE,0,0,0,0,0.533059312,171.2274419,1.8621,1495.8,179.6,4.051,3.559,8523.0
5802246,K01044.01,FALSE POSITIVE,0,1,1,0,0.525154153,133.744359,2.1441,747.5,116.1,0.846,4.497,5582.0
6066403,K01045.01,FALSE POSITIVE,0,0,1,1,1.303861044,134.212059,4.0541,598.2,140.6,0.902,4.475,5758.0
5988031,K01047.01,FALSE POSITIVE,0,0,1,0,2.55549176,134.50078,9.083,113.8,24.3,0.901,4.508,5948.0
7684873,K00014.01,FALSE POSITIVE,0,1,0,0,2.947376671,171.522978,2.0911,433.2,62.3,2.234,4.002,8090.0
2851100,K01104.01,FALSE POSITIVE,0,1,1,0,0.890110752,133.2647,0.8774,321.5,19.6,0.711,4.628,4768.0
3130300,K01105.01,FALSE POSITIVE,0,0,1,0,5.76573396,133.30941,2.924,248.0,22.2,4.434,3.364,5772.0
3240158,K01106.01,CONFIRMED,0,0,0,0,7.42608123,139.90039,3.6379,443.3,37.5,1.176,4.353,6049.0
3240158,K01106.02,CONFIRMED,0,0,0,0,15.9868932,137.5964,4.158,178.5,10.9,1.176,4.353,6049.0
3228959,K01107.01,FALSE POSITIVE,1,0,1,0,0.73094589,133.68876,4.32,250.2,37.5,0.848,4.553,5901.0
3218908,K01108.01,CONFIRMED,0,0,0,0,18.92537246,149.49558,3.9835,640.9,41.0,4.885,3.317,4941.0
10341913,K01172.01,FALSE POSITIVE,1,0,1,1,0.933749106,134.31831,4.256,186.2,136.3,2.188,3.849,6215.0
10480921,K01173.01,FALSE POSITIVE,0,0,1,1,2.037440623,133.59962,3.442,118.6,27.0,1.015,4.415,6253.0
10350571,K01175.02,CONFIRMED,0,0,0,0,17.157236,133.68951,11.284,110.4,23.6,1.487,4.1,5676.0
3749365,K01176.01,CONFIRMED,0,0,0,0,1.97376085,178.6894194,1.82542,30222.4,1252.5,0.503,4.762,3807.0
11013201,K00972.01,CONFIRMED,0,0,0,0,13.118962443,261.539434,4.3045,372.2,267.4,4.24,3.488,7221.0
11673674,K00133.01,FALSE POSITIVE,0,1,1,1,4.618767792,133.386535,5.9957,4399.1,270.1,1.033,4.381,6013.0
11013201,K00972.02,CANDIDATE,0,0,0,0,7.82187328,123.49907,3.8417,42.2,37.2,4.24,3.488,7221.0
3632418,K00975.01,CONFIRMED,0,0,0,0,2.785821236,260.83731,3.5599,68.9,53.6,1.733,4.026,6202.0
5820218,K01048.01,FALSE POSITIVE,0,0,1,0,3.411758679,133.18086,3.158,570.6,35.6,0.561,4.71,3995.0
5876368,K01049.01,FALSE POSITIVE,0,1,1,1,0.525426427,133.187901,1.0801,324.6,63.6,0.802,4.575,5791.0
5809890,K01050.01,CONFIRMED,0,0,0,0,1.269091415,133.343682,1.4647,340.9,73.5,0.766,4.576,5041.0
5809890,K01050.02,CONFIRMED,0,0,0,0,2.853133997,133.79678,1.465,277.1,39.7,0.766,4.576,5041.0
6131236,K01051.01,CONFIRMED,0,0,0,0,6.79685353,138.11324,3.1702,393.1,29.8,0.97,4.486,6061.0
9048161,K00146.01,FALSE POSITIVE,0,1,1,1,8.667822346,137.341841,4.9658,2121.9,187.6,1.889,3.923,6266.0
3218908,K01108.02,CONFIRMED,0,0,0,0,1.475323222,131.83272,2.3155,154.9,27.2,4.885,3.317,4941.0
3218908,K01108.03,CONFIRMED,0,0,0,0,4.15246118,134.57991,2.5755,223.4,24.5,4.885,3.317,4941.0
2837111,K01110.01,CONFIRMED,0,0,0,0,8.7348852,135.0818,4.49,270.7,24.8,0.96,4.493,5982.0
3120276,K01111.01,FALSE POSITIVE,0,0,1,1,10.26547688,136.49663,3.733,399.6,20.1,0.853,4.553,5699.0
2307199,K00151.01,CANDIDATE,0,0,0,0,13.4471791,132.830555,3.0454,1428.2,105.3,1.041,4.405,6276.0
3547091,K01177.01,FALSE POSITIVE,0,1,0,0,3.305577989,180.68154,2.5903,17971.0,39.6,0.707,4.629,5534.0
3869825,K01178.01,FALSE POSITIVE,0,1,0,0,4.800653901,134.365782,9.0419,15304.4,298.0,1.241,4.347,6715.0
3655332,K01179.01,FALSE POSITIVE,0,1,1,1,15.06649901,140.654788,5.9885,36348.0,154.6,1.626,4.028,5751.0
3344419,K01181.01,FALSE POSITIVE,1,0,0,1,0.651784374,133.111707,2.0141,2779.3,195.2,1.061,4.375,5555.0
11192141,K00977.01,FALSE POSITIVE,0,1,0,0,1.353771892,261.43662,7.012,1349.1,76.7,15.76,2.012,4283.0
11494130,K00978.01,FALSE POSITIVE,1,0,0,0,18.95491633,262.46677,24.249,867.5,249.3,2.534,3.761,6362.0
5648449,K00979.01,FALSE POSITIVE,0,1,0,0,4.348866254,262.72768,3.2797,625.6,56.3,101.451,0.65,3598.0
1433962,K00982.01,FALSE POSITIVE,0,1,1,1,1.592633181,133.9243804,5.5605,633.1,66.9,0.651,4.626,4506.0
5956342,K01052.01,CONFIRMED,0,0,0,0,17.02902786,143.33395,4.645,568.9,29.8,1.067,4.327,5839.0
5956342,K01052.02,CONFIRMED,0,0,0,0,6.84619236,132.17265,3.529,246.8,17.7,1.067,4.327,5839.0
5956656,K01053.01,CONFIRMED,0,0,0,0,1.224866441,133.20824,1.7086,196.0,21.1,1.107,4.32,5553.0
3337425,K01114.01,FALSE POSITIVE,0,0,1,1,7.04710032,139.79737,2.926,400.9,24.0,1.068,4.363,5766.0
3116412,K01115.01,CONFIRMED,0,0,0,0,12.99204853,136.32016,6.0175,270.6,38.7,1.242,4.236,5765.0
3865567,K01182.01,FALSE POSITIVE,0,1,1,0,11.11620211,133.100575,4.211,4843.9,115.3,0.996,4.471,6122.0
3544689,K01183.01,FALSE POSITIVE,0,1,1,1,1.922861499,134.658644,3.5734,1916.2,103.4,0.911,4.531,5778.0
4037164,K01184.01,FALSE POSITIVE,0,1,1,1,0.635445336,134.184037,1.8592,2547.4,182.2,0.55,4.7,3920.0
3443790,K01185.01,FALSE POSITIVE,0,1,1,0,1.665784138,133.863028,1.8946,2006.2,148.0,2.789,3.686,6261.0
11607193,K00983.01,FALSE POSITIVE,0,0,0,0,7.1548608,266.04847,7.694,780.4,24.2,1.739,4.166,7443.0
1161345,K00984.01,CONFIRMED,0,0,0,0,4.28746668,262.06245,1.5693,790.1,19.4,0.815,4.576,5296.0
10227501,K00985.01,FALSE POSITIVE,0,0,1,0,2.002779769,261.95791,2.231,260.5,22.2,0.892,4.44,5346.0
2854698,K00986.01,CONFIRMED,0,0,0,0,8.18739443,260.86931,3.0472,517.6,38.4,0.849,4.494,5251.0
8559644,K00139.02,CONFIRMED,0,0,0,0,3.341799486,141.35472,2.9254,178.2,48.8,1.235,4.293,5873.0
5964985,K01056.01,FALSE POSITIVE,0,0,0,0,1.851409163,133.17995,10.232,232.5,54.4,1.469,4.176,7117.0
6066416,K01057.01,FALSE POSITIVE,0,0,1,1,1.303859704,134.21201,2.8239,36.7,34.7,1.521,4.103,6802.0
2849805,K01116.01,CONFIRMED,0,0,0,0,3.749105745,135.10837,1.9826,182.6,38.0,0.983,4.447,5751.0
3114811,K01117.01,CONFIRMED,0,0,0,0,11.08956602,141.76142,6.2877,148.1,38.9,2.867,3.698,6353.0
2853446,K01118.01,CANDIDATE,0,0,0,0,7.37290344,137.60991,2.172,205.2,19.1,1.07,4.371,5973.0
3003992,K01119.01,FALSE POSITIVE,0,0,0,1,7.24476126,139.10497,2.3145,58.0,27.2,0.874,4.494,5370.0
3554031,K01194.01,CONFIRMED,0,0,0,0,8.70798309,363.05638,2.4904,1419.6,28.1,0.554,4.722,4362.0
3554031,K01194.02,CANDIDATE,0,0,0,0,14.8623076,354.57297,3.161,840.0,14.4,0.554,4.722,4362.0
3554031,K01194.03,CONFIRMED,0,0,0,0,4.17634276,352.99674,2.335,531.5,14.9,0.554,4.722,4362.0
7295235,K00987.01,CONFIRMED,0,0,0,0,3.179267286,261.841607,1.0246,200.9,41.0,0.857,4.554,5511.0
2302548,K00988.01,CONFIRMED,0,0,0,0,10.38122447,268.02421,2.715,801.5,41.9,0.78,4.566,5095.0
10743597,K00989.02,FALSE POSITIVE,0,0,1,1,0.817026268,132.835239,2.0799,1145.5,121.1,0.874,4.536,5619.0
9818381,K00135.01,CONFIRMED,0,0,0,0,3.024092505,132.4168573,2.8021,7765.0,1225.3,1.358,4.261,6063.0
6124941,K01058.01,FALSE POSITIVE,0,0,1,0,5.670155713,136.201739,0.9361,536.7,37.3,0.183,5.126,3337.0
6060203,K01059.01,CONFIRMED,0,0,0,0,1.022678654,133.45422,1.3712,129.2,21.6,1.02,4.363,5366.0
5880320,K01060.01,CONFIRMED,0,0,0,0,12.10968709,140.21258,6.3461,284.7,33.4,1.458,4.093,6021.0
5880320,K01060.02,CONFIRMED,0,0,0,0,4.75796103,137.69636,4.66,124.5,20.9,1.458,4.093,6021.0
3003992,K01119.02,FALSE POSITIVE,0,0,1,0,13.55480534,139.81609,2.288,48.3,16.5,0.874,4.494,5370.0
6359798,K01121.01,FALSE POSITIVE,0,1,0,0,14.15402428,140.698466,4.47001,61625.1,930.3,1.037,4.404,5850.0
6311681,K01122.01,FALSE POSITIVE,0,1,1,0,0.844786082,134.216987,3.5289,2468.5,245.6,0.915,4.452,5705.0
6365321,K01123.01,FALSE POSITIVE,0,1,0,0,0.848483947,133.585301,1.4451,1907.4,185.0,0.936,4.504,5941.0
6301035,K01124.01,FALSE POSITIVE,0,1,1,1,11.99097576,143.28437,5.7401,2124.3,102.8,1.072,4.352,6110.0
4061149,K01201.01,CONFIRMED,0,0,0,0,2.757584622,133.05017,0.9267,563.1,19.6,0.424,4.84,3683.0
3444588,K01202.01,CONFIRMED,0,0,0,0,0.928310036,133.80358,1.1899,376.2,22.6,0.602,4.672,4109.0
8394721,K00152.03,CONFIRMED,0,0,0,0,13.48457668,136.61808,5.0197,653.5,80.8,1.324,4.237,6198.0
10743597,K00989.03,CANDIDATE,0,0,0,0,16.15811112,143.00233,6.049,2319.8,52.8,0.874,4.536,5619.0
10154388,K00991.01,CONFIRMED,0,0,0,0,12.06222962,138.22229,2.0584,300.2,32.4,0.933,4.451,5547.0
1432789,K00992.01,CONFIRMED,0,0,0,0,9.93146307,136.49128,5.678,398.6,26.2,1.22,4.28,5782.0
5880320,K01060.04,CONFIRMED,0,0,0,0,8.19345065,138.99617,5.234,115.4,15.7,1.458,4.093,6021.0
5130369,K00140.01,FALSE POSITIVE,0,1,1,1,19.97867,137.17061,10.168,944.3,86.2,1.895,4.229,9651.0
6147122,K01062.01,FALSE POSITIVE,0,1,1,0,15.45158184,142.21096,2.406,85.3,21.0,2.069,4.08,7839.0
8218274,K01064.01,FALSE POSITIVE,0,1,0,0,1.187352427,133.465454,4.999,20703.0,717.4,1.489,4.186,6424.0
3964562,K00015.01,FALSE POSITIVE,0,1,1,1,3.012476582,135.259271,3.1424,1138.5,253.4,2.031,4.137,8601.0
5735762,K00148.01,CONFIRMED,0,0,0,0,4.77800306,124.061465,2.7361,473.0,115.4,0.873,4.489,5192.0
6292162,K01125.01,FALSE POSITIVE,0,1,0,0,7.814839231,357.519981,3.0122,2010.3,100.0,0.931,4.499,5887.0
6359320,K01127.01,CONFIRMED,0,0,0,0,5.32667299,357.12617,3.4045,611.4,34.1,0.921,4.517,5831.0
3848972,K01187.01,FALSE POSITIVE,0,1,0,0,0.741057213,131.947273,1.05299,1996.3,251.9,0.776,4.592,5496.0
3860441,K01188.01,FALSE POSITIVE,0,0,1,0,2.988085455,133.27252,3.68,802.8,48.2,0.809,4.577,5497.0
3765771,K01189.01,FALSE POSITIVE,0,1,1,0,2.783883492,133.227846,2.4546,903.9,86.1,2.147,3.835,6028.0
3859628,K01191.01,CONFIRMED,0,0,0,0,8.17242644,361.20157,3.902,864.3,37.0,0.905,4.499,5705.0
1718189,K00993.02,CONFIRMED,0,0,0,0,13.0607936,137.63148,3.215,236.6,19.4,0.876,4.54,5830.0
1431122,K00994.01,CANDIDATE,0,0,0,0,4.2989201,132.86187,2.747,237.6,20.0,0.986,4.385,5300.0
2157247,K00997.01,FALSE POSITIVE,0,0,0,0,5.68628739,135.89269,17.573,5559.7,414.4,0.956,4.442,6052.0
7601633,K00136.01,FALSE POSITIVE,0,1,0,0,15.663886949,147.395712,2.4775,5144.4,175.9,2.221,3.901,5996.0
8242681,K01065.01,FALSE POSITIVE,0,1,0,0,4.020628573,133.638478,4.4085,20901.0,282.6,1.033,4.45,6210.0
8260218,K01066.01,CANDIDATE,0,0,0,0,5.714817603,355.00831,3.14126,12294.8,537.7,0.842,4.526,5695.0
8264070,K01068.01,FALSE POSITIVE,0,1,1,1,2.897432135,450.75739,3.1793,1223.7,73.9,2.994,3.619,5970.0
8222813,K01069.01,CONFIRMED,0,0,0,0,8.70420525,357.55941,2.9385,1074.9,74.0,0.863,4.474,5074.0
6359320,K01127.02,CONFIRMED,0,0,0,0,8.1280933,358.68367,3.727,224.1,10.7,0.921,4.517,5831.0
6359320,K01127.03,CANDIDATE,0,0,0,0,2.83668931,353.81531,3.031,166.1,12.1,0.921,4.517,5831.0
6362874,K01128.01,CONFIRMED,0,0,0,0,0.974868896,133.076265,1.6191,197.6,82.6,0.832,4.563,5487.0
6272413,K01129.01,CONFIRMED,0,0,0,0,4.89721006,133.39852,1.812,274.4,16.9,0.847,4.483,5093.0
8279765,K01130.01,FALSE POSITIVE,0,1,0,0,2.757794163,135.232863,2.7644,39043.0,349.2,0.891,4.514,5747.0
8330548,K01132.01,FALSE POSITIVE,0,0,1,1,1.914158508,134.644919,3.2917,7829.2,124.6,1.118,4.407,6289.0
3348082,K01196.01,FALSE POSITIVE,0,0,1,1,3.98216698,135.52749,2.396,381.3,27.1,1.548,4.066,5570.0
3853673,K01197.01,FALSE POSITIVE,0,1,1,0,0.643794198,133.984483,1.5662,456.7,53.7,0.83,4.561,5958.0
3447722,K01198.01,CONFIRMED,0,0,0,0,16.08832318,139.49184,5.731,597.8,31.3,1.33,4.224,6157.0
3447722,K01198.02,CONFIRMED,0,0,0,0,10.30067919,142.74251,4.885,271.8,16.4,1.33,4.224,6157.0
2165002,K00999.01,CONFIRMED,0,0,0,0,16.56806842,146.15285,4.2647,1331.4,41.9,0.716,4.602,4987.0
2441728,K01000.01,FALSE POSITIVE,0,0,1,0,0.856895349,133.67521,1.3078,82.2,33.1,0.873,4.537,6021.0
8222813,K01069.02,CONFIRMED,0,0,0,0,2.46697039,354.93093,1.6345,308.7,29.5,0.863,4.474,5074.0
12105051,K00141.01,CANDIDATE,0,0,0,0,2.624234833,132.304988,1.3874,2607.0,361.1,0.899,4.514,5340.0
8240904,K01070.01,CONFIRMED,0,0,0,0,6.61836309,360.36694,3.6813,549.1,31.5,1.294,4.19,5529.0
8374494,K01133.01,FALSE POSITIVE,0,1,1,1,5.251916208,357.321883,4.9095,10624.3,146.3,0.872,4.52,5542.0
5735762,K00148.02,CONFIRMED,0,0,0,0,9.673958488,125.339418,3.2641,952.7,178.0,0.873,4.489,5192.0
8397446,K01135.01,FALSE POSITIVE,1,0,1,0,0.986620248,448.5959,3.9722,1345.8,117.7,1.385,4.176,6243.0
3962243,K01203.02,CONFIRMED,0,0,0,0,14.12847677,142.8971,3.685,628.7,23.0,0.974,4.477,5779.0
3438507,K01204.01,CONFIRMED,0,0,0,0,8.39842977,136.31152,6.344,340.1,28.0,1.044,4.441,6309.0
3869014,K01205.01,CONFIRMED,0,0,0,0,8.63847391,139.94684,5.4566,395.9,38.6,3.046,3.657,5684.0
1865042,K01002.01,CONFIRMED,0,0,0,0,3.4815917,132.98828,1.8069,135.2,23.4,1.022,4.374,5405.0
2438502,K01003.01,FALSE POSITIVE,0,1,0,0,8.360616221,172.264978,7.5385,28066.3,425.6,2.445,3.79,5463.0
2309585,K01004.01,FALSE POSITIVE,0,1,1,1,1.838514968,352.72266,2.7391,2721.7,63.7,0.94,4.508,5751.0
8244190,K01071.01,FALSE POSITIVE,0,0,1,1,1.09206833,133.19403,1.8596,219.2,45.5,0.859,4.551,5639.0
8229696,K01072.01,CONFIRMED,0,0,0,0,10.12805158,139.1159,3.517,477.4,38.0,0.82,4.548,5676.0
8262210,K01073.01,FALSE POSITIVE,0,1,1,1,1.613001111,178.52846,2.394,104.1,19.3,1.205,4.223,5580.0
10272640,K01074.01,CONFIRMED,0,0,0,0,3.770551475,357.11836,3.8077,12440.0,100.8,1.075,4.426,6322.0
10232123,K01075.01,FALSE POSITIVE,0,0,1,0,1.343767797,133.275862,1.9405,4702.6,269.8,2.312,3.8,6324.0
8378634,K01139.01,FALSE POSITIVE,0,1,1,1,3.629442796,134.70066,5.63,426.6,76.4,1.217,4.336,6506.0
8397675,K01140.01,FALSE POSITIVE,0,1,0,0,0.553261874,133.446605,0.8875,1038.1,202.2,3.142,3.565,5679.0
8346392,K01141.01,CONFIRMED,0,0,0,0,5.72812616,135.18066,2.0295,643.4,20.8,0.548,4.714,3968.0
8288947,K01142.01,CONFIRMED,0,0,0,0,3.75574267,133.4333,2.2911,417.4,27.9,0.788,4.588,5311.0
8312852,K01143.01,FALSE POSITIVE,0,0,1,0,7.44042933,134.76331,2.991,547.3,34.0,0.877,4.54,5815.0
9480189,K00941.01,CONFIRMED,0,0,0,0,6.581477136,174.787814,3.0896,2318.9,116.2,0.973,4.4,5188.0
9480189,K00941.02,CONFIRMED,0,0,0,0,2.382652873,170.66626,1.8888,705.4,45.5,0.973,4.4,5188.0
9512687,K00942.01,CONFIRMED,0,0,0,0,11.51517167,174.85855,2.006,1357.4,53.2,0.798,4.59,5177.0
8644288,K00137.01,CONFIRMED,0,0,0,0,7.641567589,135.407564,3.41018,2269.7,437.5,1.055,4.338,5356.0
1725016,K01007.01,CONFIRMED,0,0,0,0,7.40742502,355.49652,3.675,442.0,23.1,0.961,4.474,5922.0
892772,K01009.01,FALSE POSITIVE,0,0,1,0,5.09246539,357.53594,3.659,254.0,17.1,0.751,4.547,5037.0
10268907,K01077.01,FALSE POSITIVE,0,0,0,1,1.103971357,354.58216,0.926,317.9,21.7,0.746,4.609,5409.0
5446285,K00142.01,CONFIRMED,0,0,0,0,10.916108342,133.009227,3.6496,1479.0,302.2,0.932,4.521,5575.0
10166274,K01078.01,CONFIRMED,0,0,0,0,3.353732008,134.869597,1.4598,1264.7,47.8,0.46,4.781,3789.0
10166274,K01078.02,CONFIRMED,0,0,0,0,6.877446033,132.08426,1.3692,1632.3,39.6,0.46,4.781,3789.0
8302450,K01144.01,FALSE POSITIVE,0,0,1,1,2.44199803,134.57095,2.759,251.7,27.2,0.796,4.564,5970.0
8351704,K01146.01,CONFIRMED,0,0,0,0,7.09712124,136.34514,2.1059,369.5,18.3,0.389,4.861,3569.0
8299955,K01147.01,FALSE POSITIVE,0,0,1,1,2.6827683,134.25535,2.957,79.8,26.7,1.223,4.262,6180.0
9513865,K00943.01,CONFIRMED,0,0,0,0,3.601465336,171.99184,2.2753,777.7,50.7,0.855,4.48,5052.0
9595686,K00944.01,FALSE POSITIVE,0,1,1,0,3.108251172,170.244566,2.5048,1867.7,156.5,0.847,4.495,5330.0
5728283,K01011.01,FALSE POSITIVE,0,1,0,0,6.198273591,183.3731434,7.53837,47302.6,2561.1,0.898,4.524,6038.0
8127639,K01012.01,FALSE POSITIVE,0,0,1,1,1.023471798,354.8182,2.3499,861.4,63.0,0.893,4.491,5741.0
6047498,K01013.01,FALSE POSITIVE,0,1,0,0,0.51872711,133.676312,1.252,714.1,93.3,0.762,4.597,5572.0
8125580,K01014.01,CONFIRMED,0,0,0,0,17.31711739,142.36094,3.1518,1473.0,35.9,0.502,4.753,4719.0
8158127,K01015.01,CONFIRMED,0,0,0,0,9.42889884,140.1046,4.4481,565.4,50.4,1.86,3.98,5897.0
10158990,K01080.01,FALSE POSITIVE,0,1,1,1,1.096583368,133.61436,2.1188,308.5,44.3,0.763,4.528,5222.0
10149023,K01081.01,CANDIDATE,0,0,0,0,9.95639775,134.29186,5.615,510.5,32.9,1.053,4.454,6161.0
10141900,K01082.01,CONFIRMED,0,0,0,0,6.50327035,135.26657,2.591,418.3,19.0,0.843,4.49,4999.0
10141900,K01082.02,CONFIRMED,0,0,0,0,4.09667624,133.09833,2.19,302.3,16.2,0.843,4.49,4999.0
10141900,K01082.03,CONFIRMED,0,0,0,0,1.196548464,132.53363,1.2592,224.6,16.5,0.843,4.49,4999.0
8410727,K01148.01,CONFIRMED,0,0,0,0,11.47609015,135.39622,5.046,182.3,27.7,1.41,4.202,6071.0
8278371,K01150.01,CONFIRMED,0,0,0,0,0.677374687,133.94573,1.8361,76.7,38.7,1.037,4.395,5718.0
8280511,K01151.01,CONFIRMED,0,0,0,0,10.43547031,134.82462,3.4167,210.2,36.7,0.853,4.499,5528.0
8280511,K01151.02,CONFIRMED,0,0,0,0,7.41084314,135.75425,3.245,124.1,25.6,0.853,4.499,5528.0
9766437,K00949.01,CONFIRMED,0,0,0,0,12.53248222,170.76535,4.0168,1145.9,66.7,0.904,4.522,5997.0
9775938,K00951.01,CONFIRMED,0,0,0,0,13.19720694,171.545479,3.4872,2141.4,116.2,0.885,4.462,4954.0
8644288,K00137.02,CONFIRMED,0,0,0,0,14.85890852,128.154869,3.5252,3269.0,456.8,1.055,4.338,5356.0
8158127,K01015.02,CONFIRMED,0,0,0,0,4.08897299,135.76402,3.585,157.9,19.0,1.86,3.98,5897.0
8176653,K01016.01,FALSE POSITIVE,0,0,1,0,2.866680334,134.066374,1.1264,712.4,43.0,0.764,4.598,5238.0
8174625,K01017.01,CONFIRMED,0,0,0,0,17.44486016,141.6802,4.445,826.9,46.0,0.966,4.413,5568.0
8183911,K01018.01,FALSE POSITIVE,0,0,1,0,8.30697421,137.08254,2.76,158.7,17.4,2.124,3.69,5300.0
10157458,K01083.01,CONFIRMED,0,0,0,0,7.33685101,138.5829,3.548,325.8,21.6,0.848,4.554,5795.0
10148521,K01084.01,FALSE POSITIVE,0,0,1,0,1.204274435,134.05838,1.3362,185.8,34.7,0.849,4.552,5668.0
10118816,K01085.01,CONFIRMED,0,0,0,0,7.71790675,139.15725,1.84,306.8,12.6,0.509,4.753,3975.0
3124412,K01087.01,FALSE POSITIVE,0,1,1,1,0.948950734,134.368152,4.0245,2133.0,238.6,1.133,4.391,6307.0
3835670,K00149.01,CONFIRMED,0,0,0,0,14.55730897,145.095012,7.7643,956.9,200.0,1.412,4.159,5774.0
10287248,K01152.01,FALSE POSITIVE,0,1,1,0,4.722254104,178.243313,3.451,82670.0,314.1,0.488,4.776,3801.0
10351767,K01153.01,FALSE POSITIVE,1,0,0,0,0.635069939,134.0209283,2.07171,33117.3,578.6,1.058,4.434,6340.0
10295951,K01154.01,CANDIDATE,0,0,0,0,6.810823723,136.04667,7.98574,14446.8,1441.9,2.079,3.967,7226.0
10342041,K01155.01,FALSE POSITIVE,0,0,1,1,0.933746515,133.387415,6.6522,2936.6,549.5,0.716,4.596,5252.0
10514770,K01156.01,FALSE POSITIVE,0,1,0,0,1.872421727,134.366162,1.5261,3018.9,179.0,0.825,4.486,5337.0
9787239,K00952.01,CONFIRMED,0,0,0,0,5.90127815,171.40674,2.1979,1525.2,56.6,0.498,4.75,3731.0
9787239,K00952.02,CONFIRMED,0,0,0,0,8.75209691,170.63671,2.3742,1367.6,44.8,0.498,4.75,3731.0
9787239,K00952.04,CONFIRMED,0,0,0,0,2.896005211,133.61228,1.6776,614.1,28.6,0.498,4.75,3731.0
9787239,K00952.05,CONFIRMED,0,0,0,0,0.742957911,133.27936,0.6688,843.3,45.3,0.498,4.75,3731.0
2558363,K01021.01,FALSE POSITIVE,0,0,1,1,0.54624855,178.5614,2.0543,639.7,42.9,0.714,4.625,5414.0
2716853,K01022.01,CONFIRMED,0,0,0,0,18.82744023,196.19088,4.664,1006.2,29.5,0.86,4.538,5687.0
2445154,K01023.01,FALSE POSITIVE,0,0,1,1,8.4120069,139.64745,3.923,819.6,39.7,0.621,4.668,4502.0
2715135,K01024.01,CONFIRMED,0,0,0,0,5.747711909,133.29939,1.8923,820.1,51.7,0.632,4.64,4252.0
8644288,K00137.03,CONFIRMED,0,0,0,0,3.504691252,133.511941,1.9811,315.1,67.5,1.055,4.338,5356.0
3113266,K01088.01,FALSE POSITIVE,0,1,1,0,0.995861402,132.346819,1.1507,4993.8,272.0,0.706,4.604,5286.0
3247268,K01089.02,CONFIRMED,0,0,0,0,12.21828097,140.321095,2.6969,1843.4,90.1,1.081,4.351,5822.0
3232859,K01090.01,FALSE POSITIVE,0,1,1,0,8.387210055,138.903759,1.6477,4952.0,180.6,1.795,4.044,6089.0
3098184,K01091.01,FALSE POSITIVE,0,1,0,1,15.2384539,369.56902,19.292,7019.0,56.0,1.086,4.419,6384.0
10342065,K01157.01,FALSE POSITIVE,0,0,1,1,0.93374614,133.388153,6.551,1717.5,365.7,4.319,3.424,5438.0
10352945,K01158.01,FALSE POSITIVE,0,0,1,1,6.47179275,356.38477,6.788,402.5,30.7,1.033,4.446,6341.0
10330115,K01160.01,CONFIRMED,0,0,0,0,13.21409607,140.58492,3.5641,1154.8,38.0,0.728,4.62,5333.0
10426656,K01161.01,CONFIRMED,0,0,0,0,6.05729966,135.92756,3.7419,385.2,35.1,1.004,4.372,5334.0
9820483,K00953.01,CONFIRMED,0,0,0,0,3.584101048,170.427829,2.7316,2608.1,166.3,0.922,4.518,5739.0
9941662,K00013.01,CONFIRMED,0,1,0,0,1.763587535,120.5659254,3.16877,4590.6,4061.9,3.031,3.867,9107.0
7778437,K00131.01,CONFIRMED,0,0,0,0,5.014234733,133.174289,4.589,6536.0,794.3,1.307,4.32,6490.0
9823457,K00954.01,CONFIRMED,0,0,0,0,8.11528727,174.52257,3.211,834.9,59.1,0.887,4.532,5926.0
2166206,K01028.01,FALSE POSITIVE,0,0,1,1,8.09695764,140.74216,3.319,283.5,35.4,1.707,4.024,5949.0
2574338,K01030.01,CONFIRMED,0,0,0,0,9.22961384,138.43961,2.235,492.1,19.3,1.252,4.347,6320.0
2584163,K01031.01,CONFIRMED,0,0,0,0,14.5598556,135.95038,5.624,290.6,15.6,0.966,4.46,5959.0
4180280,K00144.01,CONFIRMED,0,0,0,0,4.176254191,133.090415,3.6716,1360.1,249.7,0.776,4.594,4957.0
3239636,K01093.01,FALSE POSITIVE,1,0,1,0,0.528755447,133.38227,5.714,408.5,100.1,1.954,3.92,6151.0
2721030,K01094.01,CONFIRMED,0,0,0,0,6.10027621,135.58656,4.7476,766.6,43.2,0.937,4.506,5957.0
3340070,K01097.01,FALSE POSITIVE,0,0,0,0,10.9110487,142.52714,7.033,401.9,28.3,0.864,4.546,5903.0
7626506,K00150.01,CONFIRMED,0,0,0,0,8.408878137,134.006366,3.4967,798.9,147.2,0.812,4.508,5551.0
10426656,K01161.02,CONFIRMED,0,0,0,0,10.93725572,136.98549,3.0822,421.6,24.6,1.004,4.372,5334.0
10426656,K01161.03,CONFIRMED,0,0,0,0,2.97136658,134.38662,2.716,233.3,25.6,1.004,4.372,5334.0
10468940,K01163.01,CONFIRMED,0,0,0,0,2.936527336,135.71829,1.771,352.3,34.7,1.002,4.375,5359.0
9825625,K00955.01,CONFIRMED,0,0,0,0,7.03902016,175.73059,3.8633,529.8,54.3,1.058,4.434,6321.0
9875711,K00956.01,CONFIRMED,0,0,0,0,8.360870704,175.64459,2.7144,2039.7,120.9,0.81,4.516,4743.0
7661409,K00957.01,FALSE POSITIVE,0,0,1,0,3.14051153,178.4691,8.2806,1444.4,139.5,0.974,4.443,6108.0
10002261,K00959.01,FALSE POSITIVE,0,1,0,0,12.713794177,175.0725677,2.44093,36718.7,2981.3,0.116,5.283,2661.0
8176650,K00960.01,FALSE POSITIVE,0,1,0,0,15.801100028,177.1533515,6.37505,37545.0,1642.2,0.789,4.587,5383.0
5899544,K01034.01,FALSE POSITIVE,0,0,1,0,1.739428983,354.889074,2.4894,5897.4,130.0,0.742,4.603,5415.0
5963222,K01035.01,FALSE POSITIVE,0,1,1,0,1.217266418,133.328666,3.3208,5811.5,603.4,1.638,4.145,6631.0
5982353,K01036.01,FALSE POSITIVE,0,1,0,0,19.563092517,134.3548284,6.9547,12992.2,2477.0,1.831,3.959,6208.0
6205468,K01037.01,FALSE POSITIVE,0,1,1,1,3.7228551,179.30315,12.8164,2969.2,294.8,0.863,4.547,5873.0
3240706,K01098.01,FALSE POSITIVE,0,1,1,0,5.48990788,134.10438,4.02,598.9,36.7,0.96,4.493,5982.0
3228824,K01100.01,FALSE POSITIVE,1,0,1,1,0.73093905,355.90306,2.8437,451.1,52.4,0.711,4.588,4768.0
3245969,K01101.01,CONFIRMED,0,0,0,0,11.39102358,137.70864,2.303,448.6,10.5,0.728,4.617,4983.0
3231341,K01102.01,CONFIRMED,0,0,0,0,12.33343853,137.58782,6.221,536.4,31.7,1.24,4.197,5896.0
10468940,K01163.02,CONFIRMED,0,0,0,0,8.01500821,134.8277,3.0137,363.0,28.6,1.002,4.375,5359.0
10341831,K01164.01,FALSE POSITIVE,0,0,1,1,0.933749941,133.38422,6.606,415.3,88.8,0.48,4.786,3682.0
10337517,K01165.01,CONFIRMED,0,0,0,0,7.053934488,136.357253,1.7244,511.5,56.3,0.863,4.498,5357.0
10337517,K01165.02,CONFIRMED,0,0,0,0,4.29263699,134.80018,2.7,61.4,11.4,0.863,4.498,5357.0
10351231,K01166.01,CONFIRMED,0,0,0,0,7.6746614,133.22431,1.9374,503.0,20.8,1.001,4.47,6063.0
8561063,K00961.01,CONFIRMED,0,0,0,0,1.213770423,170.483645,0.5532,1821.0,111.4,0.148,5.215,3292.0
8892910,K00132.01,FALSE POSITIVE,0,1,0,0,10.810132734,132.95157,4.4618,6165.2,806.5,1.284,4.269,6211.0
8561063,K00961.03,CONFIRMED,0,0,0,0,1.865114193,133.792344,0.4279,1124.8,56.9,0.148,5.215,3292.0
10657664,K00964.01,FALSE POSITIVE,0,1,0,0,3.273699006,171.2385098,3.07626,6862.8,1293.1,2.493,4.086,10816.0
3337351,K00965.01,FALSE POSITIVE,0,1,1,1,7.047103499,175.03337,3.3208,71318.0,274.9,1.035,4.417,5730.0
6153201,K01038.01,FALSE POSITIVE,0,0,0,1,0.530300102,354.985736,2.8502,3040.0,207.4,1.038,4.448,6184.0
5802486,K01039.01,FALSE POSITIVE,0,1,1,0,1.073917869,177.924088,2.4305,1926.6,137.5,0.959,4.479,5962.0
5817553,K01040.01,FALSE POSITIVE,1,0,1,1,4.206096814,136.44854,10.7381,1298.1,149.3,1.076,4.426,6306.0
5982368,K01041.01,FALSE POSITIVE,0,1,1,1,19.56313723,369.11182,6.8575,5536.0,157.8,1.077,4.352,5766.0
5816811,K01042.01,FALSE POSITIVE,0,1,1,1,2.227718792,134.452638,4.9699,1039.0,124.3,0.922,4.508,6038.0
5816165,K01043.01,FALSE POSITIVE,0,1,0,0,0.591914504,355.353791,1.0225,1057.7,56.3,0.655,4.659,5122.0
7102227,K01360.02,CONFIRMED,0,0,0,0,14.58932429,141.93498,2.4184,831.3,29.3,0.755,4.602,5142.0
7102227,K01360.03,CONFIRMED,0,0,0,0,0.764017553,132.2214,1.103,128.2,13.2,0.755,4.602,5142.0
11129738,K01427.01,CONFIRMED,0,0,0,0,2.613020421,133.11283,1.9588,599.7,31.1,0.517,4.725,3883.0
11401182,K01428.01,CONFIRMED,0,0,0,0,0.927859786,133.905978,1.4279,515.3,99.8,0.699,4.631,4815.0
11512246,K00168.03,CONFIRMED,0,0,0,0,7.10695741,138.32271,5.1462,131.0,33.8,1.518,4.091,5761.0
6607286,K01239.01,CANDIDATE,0,0,0,0,0.783276173,355.94865,1.6735,264.7,46.9,1.233,4.247,5640.0
6607286,K01239.02,CANDIDATE,0,0,0,0,3.17405898,357.05776,2.3156,282.2,29.2,1.233,4.247,5640.0
6690082,K01240.01,CONFIRMED,0,0,0,0,2.1395563,133.65392,2.0678,266.1,48.9,1.08,4.338,5534.0
6690082,K01240.02,CONFIRMED,0,0,0,0,4.807103254,134.640371,0.9393,450.5,32.9,1.08,4.338,5534.0
6448890,K01241.02,CONFIRMED,0,0,0,0,10.5007712,135.6479,14.522,183.4,45.3,4.361,3.299,4838.0
10730034,K01305.01,CONFIRMED,0,0,0,0,2.633852528,134.56431,2.0206,259.8,23.3,0.878,4.463,5114.0
10730034,K01305.02,CONFIRMED,0,0,0,0,6.18670882,136.63308,2.909,202.6,14.3,0.878,4.463,5114.0
10858691,K01306.01,CONFIRMED,0,0,0,0,1.796320953,133.33662,1.9139,210.9,22.1,0.829,4.503,5576.0
10858691,K01306.02,CONFIRMED,0,0,0,0,3.468073,136.00831,2.361,243.9,20.6,0.829,4.503,5576.0
10858691,K01306.03,CONFIRMED,0,0,0,0,5.9142668,133.49193,2.661,253.2,17.4,0.829,4.503,5576.0
8107380,K00162.01,CONFIRMED,0,0,0,0,14.00640392,142.20885,4.6919,716.4,109.3,1.124,4.323,5788.0
6936909,K01363.01,CONFIRMED,0,0,0,0,3.546531809,134.90127,2.2746,442.7,26.4,0.986,4.489,5993.0
6936909,K01363.02,CONFIRMED,0,0,0,0,5.70070626,132.69229,1.6408,379.8,15.2,0.986,4.489,5993.0
6962977,K01364.02,CONFIRMED,0,0,0,0,7.0556584,181.91205,3.0479,705.6,32.1,0.808,4.538,5296.0
11176127,K01430.01,CONFIRMED,0,0,0,0,10.47548084,152.64165,2.3024,1070.7,40.3,0.611,4.677,4463.0
11014932,K01432.01,CONFIRMED,0,0,0,0,6.88595222,138.40761,4.148,428.5,34.5,0.999,4.394,5616.0
6677256,K01243.01,FALSE POSITIVE,0,1,1,1,3.125814002,356.41184,1.7895,238.8,32.0,1.181,4.346,6358.0
8030148,K00155.01,CONFIRMED,0,0,0,0,5.660669429,137.416045,4.6483,737.8,201.1,1.173,4.266,5746.0
6692833,K01244.01,FALSE POSITIVE,0,0,1,0,10.80487163,134.09498,2.7215,292.7,27.4,0.998,4.471,6092.0
6693640,K01245.01,CONFIRMED,0,0,0,0,13.71938426,140.74483,5.5677,316.4,48.3,1.105,4.41,6387.0
6962977,K01364.03,CONFIRMED,0,0,0,0,11.97884409,178.96957,3.751,707.9,27.8,0.808,4.538,5296.0
6962977,K01364.04,CONFIRMED,0,0,0,0,3.71545593,169.78318,2.558,331.7,19.6,0.808,4.538,5296.0
6962977,K01364.05,CONFIRMED,0,0,0,0,2.58083264,171.56048,2.1729,270.2,17.5,0.808,4.538,5296.0
7174351,K01365.01,FALSE POSITIVE,0,0,1,1,1.487084251,133.97746,1.3233,295.7,17.9,0.876,4.551,5650.0
6932987,K01366.01,CONFIRMED,0,0,0,0,19.25404023,164.78424,4.6509,987.7,50.7,0.941,4.507,5798.0
11014932,K01432.02,CONFIRMED,0,0,0,0,15.0549356,144.575,4.801,256.4,16.6,0.999,4.394,5616.0
11014932,K01432.03,CONFIRMED,0,0,0,0,2.92721119,133.82725,2.545,170.2,18.0,0.999,4.394,5616.0
11288505,K01433.01,CONFIRMED,0,0,0,0,19.80787763,139.37983,3.453,616.3,20.1,0.84,4.558,5775.0
11493431,K01434.01,CONFIRMED,0,0,0,0,2.343230566,133.20732,2.0424,246.5,23.9,0.782,4.533,4798.0
6441738,K01246.01,CANDIDATE,0,0,0,0,19.03723442,148.55057,3.3882,401.3,25.3,2.892,3.523,5248.0
8801343,K01247.01,FALSE POSITIVE,0,1,0,0,2.73987398,134.5503077,4.15886,20632.2,1454.3,2.26,3.844,6520.0
8488878,K01248.01,FALSE POSITIVE,0,1,0,0,5.801880653,357.453464,4.2608,41924.0,396.8,0.874,4.541,5845.0
8620565,K01250.01,FALSE POSITIVE,0,1,1,1,0.782045734,134.0214,1.7945,16185.0,272.3,0.995,4.463,6113.0
8616873,K01251.01,CANDIDATE,0,0,0,0,0.576078683,134.107265,1.63253,10084.8,426.0,0.816,4.57,5693.0
10854768,K01309.01,CONFIRMED,0,0,0,0,10.1171684,137.44489,4.6677,288.7,50.6,1.792,4.077,6306.0
10964440,K01310.01,CONFIRMED,0,0,0,0,19.12947603,139.4353,3.9622,451.2,31.7,1.71,4.007,5372.0
10963242,K01312.01,CONFIRMED,0,0,0,0,6.1469956,135.07385,3.3153,249.6,25.8,1.296,4.285,6110.0
10785538,K01313.01,FALSE POSITIVE,0,1,1,0,0.522457732,133.751976,0.8907,143.8,48.2,0.954,4.459,5991.0
8191672,K00018.01,CONFIRMED,0,1,0,0,3.548465446,122.9014315,4.56904,7251.5,2486.5,1.746,4.074,6290.0
6851425,K00163.01,CONFIRMED,0,0,0,0,11.1199028,139.753524,3.3759,636.3,100.3,0.766,4.581,5078.0
6934291,K01367.01,CONFIRMED,0,0,0,0,0.567856484,134.063088,1.0258,334.8,53.8,0.853,4.483,5073.0
6185711,K00169.01,FALSE POSITIVE,0,0,1,1,11.70219638,151.13414,2.6658,639.7,41.3,0.762,4.596,5758.0
11037335,K01435.02,CONFIRMED,0,0,0,0,10.44635944,133.27821,2.749,354.2,34.4,0.881,4.534,5968.0
11389771,K01436.01,CONFIRMED,0,0,0,0,2.508553286,135.0112,2.2664,211.6,26.8,0.881,4.523,5814.0
11389771,K01436.02,CONFIRMED,0,0,0,0,13.75129636,144.61389,3.853,348.5,24.6,0.881,4.523,5814.0
8737796,K01252.01,FALSE POSITIVE,1,0,1,0,0.885747456,134.486834,4.4788,895.2,203.6,10.396,2.816,5487.0
8462258,K01253.01,FALSE POSITIVE,0,0,1,0,3.611541977,357.25064,8.6068,2972.3,167.1,0.802,4.504,5203.0
10925104,K00156.01,CONFIRMED,0,0,0,0,8.041347775,143.038292,2.6332,591.0,77.5,0.54,4.722,3980.0
8454250,K01254.01,FALSE POSITIVE,0,0,1,0,5.082722475,137.26075,5.9139,1974.1,95.5,1.0,4.438,5780.0
8848271,K01256.01,FALSE POSITIVE,0,1,1,0,9.991625291,137.447816,3.8552,3450.5,220.3,1.096,4.338,5874.0
10585852,K01314.01,CONFIRMED,0,0,0,0,8.57504983,140.14063,8.653,160.6,36.9,3.464,3.462,4986.0
10928043,K01315.01,CANDIDATE,0,0,0,0,6.84639884,133.76181,3.4919,149.7,36.3,1.31,4.251,6065.0
10794087,K01316.01,CONFIRMED,0,0,0,0,7.64970832,138.33113,6.625,55.4,28.5,1.613,4.125,5855.0
6541920,K00157.06,CONFIRMED,0,0,0,0,10.30401132,138.50377,4.2246,316.1,53.8,1.046,4.364,5657.0
4275739,K01317.01,FALSE POSITIVE,0,1,0,0,2.171827838,355.083686,3.2205,42086.0,300.6,0.891,4.513,5650.0
7287415,K01369.01,CONFIRMED,0,0,0,0,3.016182013,133.88395,2.8349,222.5,31.9,1.4,4.144,5611.0
6924203,K01370.01,CONFIRMED,0,0,0,0,6.8833761,135.26522,2.2702,458.4,28.1,0.794,4.581,5679.0
6878167,K01371.01,FALSE POSITIVE,0,1,1,0,0.833980196,133.68304,1.756,261.2,56.9,0.871,4.53,5747.0
6863839,K01373.01,FALSE POSITIVE,0,0,1,1,1.926353494,133.68077,2.5305,185.1,36.9,0.899,4.481,6063.0
7296086,K01374.01,FALSE POSITIVE,0,0,1,1,0.890737359,134.56707,1.9257,195.8,37.7,1.169,4.293,5687.0
11389771,K01436.03,CONFIRMED,0,0,0,0,5.41908491,131.6422,2.3379,231.0,20.2,0.881,4.523,5814.0
11599038,K01437.01,CONFIRMED,0,0,0,0,7.01733571,133.90592,3.567,255.5,15.5,0.967,4.456,6052.0
11193263,K01438.01,CONFIRMED,0,0,0,0,6.91134223,136.64878,5.6743,201.7,44.0,1.35,4.194,5685.0
11032227,K01440.01,CONFIRMED,0,0,0,0,7.19304935,136.05065,3.407,255.3,19.0,0.991,4.472,6185.0
8630788,K01258.02,CONFIRMED,0,0,0,0,14.64613058,136.5227,5.688,593.5,30.0,0.884,4.538,5717.0
8823426,K01259.01,FALSE POSITIVE,0,1,1,1,1.506507172,178.18515,4.5346,880.9,86.7,0.473,4.774,3755.0
4070376,K01318.01,FALSE POSITIVE,0,1,0,0,1.634614356,133.96855,3.4422,19761.5,376.5,0.97,4.468,6121.0
4078157,K01319.01,FALSE POSITIVE,0,1,0,0,16.025018977,367.693328,3.8828,29090.0,257.8,0.789,4.582,5776.0
4164994,K01320.01,CONFIRMED,0,0,0,0,10.50682978,360.082152,3.7769,13355.5,343.4,0.782,4.589,5127.0
4480676,K01321.01,FALSE POSITIVE,0,1,0,0,0.711966971,134.223486,2.0221,6227.5,392.2,0.83,4.47,5486.0
4079535,K01322.01,FALSE POSITIVE,0,1,1,1,17.72724392,356.795528,4.1073,16878.0,109.7,1.006,4.464,6181.0
6774826,K01376.01,FALSE POSITIVE,0,0,1,0,7.13895376,184.24569,4.568,254.2,32.9,2.145,3.913,7131.0
5652237,K00164.01,FALSE POSITIVE,0,1,1,1,4.4645454,132.31538,2.8823,194.3,37.6,1.985,3.91,6093.0
7211469,K01377.01,CONFIRMED,0,0,0,0,11.29689442,134.57233,4.623,198.5,20.9,1.176,4.358,6096.0
7375795,K01378.01,FALSE POSITIVE,0,0,1,0,19.30112039,133.35614,6.0752,232.3,45.0,0.943,4.408,5687.0
7255336,K00019.01,FALSE POSITIVE,0,1,0,0,1.20320092,133.929836,1.9197,2807.1,250.8,1.349,4.198,6218.0
7831264,K00171.01,CONFIRMED,0,0,0,0,5.968724048,137.158607,3.651,510.6,107.1,1.439,4.173,6122.0
7802136,K01449.01,FALSE POSITIVE,0,1,0,0,10.980246199,137.1376073,3.74464,50078.0,1555.4,0.897,4.462,5952.0
7532973,K01450.01,CONFIRMED,0,1,0,0,2.144632238,133.984128,6.2701,19836.9,334.8,1.305,4.24,6296.0
7449844,K01452.01,FALSE POSITIVE,0,1,0,0,1.152216965,133.277861,2.2245,12072.0,104.5,15.113,2.619,5560.0
8766222,K01260.01,FALSE POSITIVE,0,1,1,1,5.2972293,177.95111,3.799,1210.5,31.8,14.296,2.386,4631.0
10925104,K00156.02,CONFIRMED,0,0,0,0,5.188563677,145.362252,2.3683,358.7,56.4,0.54,4.722,3980.0
8678594,K01261.02,CONFIRMED,0,0,0,0,15.19423359,142.73422,3.106,367.8,18.1,1.593,4.047,5588.0
8703884,K01262.01,FALSE POSITIVE,0,0,1,1,14.17098745,359.82956,3.4804,3070.8,93.6,0.777,4.565,5107.0
4076098,K01323.01,CONFIRMED,0,0,0,0,3.990105908,355.840837,2.4108,6154.9,247.8,0.913,4.519,5926.0
4551328,K01324.01,FALSE POSITIVE,0,1,1,0,0.52205862,133.138446,2.0847,1381.3,169.0,0.878,4.478,5359.0
4282872,K01325.01,CONFIRMED,0,0,0,0,10.035381809,137.471481,3.4062,2829.7,150.9,0.833,4.561,5813.0
10555375,K00158.01,FALSE POSITIVE,0,0,1,1,5.80181368,137.57807,4.119,269.6,35.3,2.097,3.86,6020.0
4372768,K01327.01,FALSE POSITIVE,0,1,1,1,15.6402515,359.07991,6.222,800.3,19.3,0.826,4.491,5346.0
7375795,K01378.02,FALSE POSITIVE,0,0,1,0,0.691666384,135.94927,1.9603,35.6,20.8,0.943,4.408,5687.0
7211221,K01379.01,CONFIRMED,0,0,0,0,5.62154315,136.89013,2.4143,172.3,35.3,0.96,4.439,5637.0
7025526,K01380.01,FALSE POSITIVE,0,1,1,1,1.074106954,133.84323,1.9797,64.5,48.5,0.676,4.637,4699.0
9451127,K01381.01,FALSE POSITIVE,0,1,0,0,5.117401517,134.586518,4.3056,62929.0,456.6,1.053,4.454,6161.0
9446824,K01382.01,FALSE POSITIVE,0,1,0,0,4.20233673,179.533899,3.6973,45982.0,258.8,1.094,4.396,6185.0
11356260,K01441.01,CONFIRMED,0,0,0,0,8.50698069,134.64421,2.938,295.5,20.7,0.986,4.428,5822.0
11044770,K00170.01,FALSE POSITIVE,0,1,1,1,15.60865244,144.29934,6.26,311.4,46.9,2.43,3.94,8014.0
11600889,K01442.01,CONFIRMED,0,0,0,0,0.669310092,134.131388,1.6274,131.8,75.3,1.003,4.426,5475.0
11197126,K01443.01,FALSE POSITIVE,0,1,1,0,4.494498254,134.77583,1.9742,248.2,39.3,3.403,3.578,5117.0
8612847,K01264.01,CONFIRMED,0,0,0,0,14.13175309,142.26044,4.0136,1033.0,40.1,0.822,4.564,5616.0
8552583,K01265.01,FALSE POSITIVE,0,1,1,1,1.061934816,133.84801,3.2551,437.2,74.5,0.87,4.545,5730.0
8547140,K01266.01,CONFIRMED,0,0,0,0,11.41926141,137.66894,3.9908,915.6,58.0,0.492,4.765,3823.0
8519253,K01267.01,FALSE POSITIVE,0,1,1,0,5.93821065,136.52839,2.5128,522.5,33.6,0.85,4.545,6123.0
8757910,K01269.01,FALSE POSITIVE,0,1,1,0,0.655001616,133.176794,1.8136,271.2,104.5,2.089,3.965,6426.0
4150539,K01330.01,FALSE POSITIVE,0,1,1,1,8.65306587,134.30886,4.486,1048.1,43.0,0.694,4.589,4641.0
4274548,K01331.01,CANDIDATE,0,0,0,0,6.80082032,359.17999,1.9883,699.9,25.5,0.688,4.633,4805.0
4455231,K01332.01,CONFIRMED,0,0,0,0,19.30581662,373.18998,4.2902,709.1,36.3,1.522,4.09,5661.0
8953257,K01383.01,FALSE POSITIVE,0,1,0,0,3.221785738,136.141517,3.3411,46379.0,336.4,1.041,4.411,6250.0
8971432,K01384.01,FALSE POSITIVE,1,0,0,0,0.6243875,133.0436541,1.92102,36854.7,628.3,0.618,4.644,5211.0
9278553,K01385.01,FALSE POSITIVE,0,1,0,0,18.610092584,139.0850449,4.98308,50833.5,1309.3,0.891,4.526,6077.0
9527915,K00165.01,CONFIRMED,0,0,0,0,13.22175358,139.570627,2.7884,876.5,93.6,0.799,4.556,5211.0
9143254,K01386.01,FALSE POSITIVE,0,1,0,0,1.137525054,133.805565,2.68228,18006.1,633.1,0.937,4.467,5912.0
11336883,K01445.01,CONFIRMED,0,0,0,0,7.16893064,135.67854,4.6766,112.8,36.3,1.458,4.198,6221.0
12506351,K01446.01,FALSE POSITIVE,0,1,0,0,1.22775877,133.78679,2.7545,46148.0,292.7,1.044,4.412,6207.0
7622486,K01447.02,FALSE POSITIVE,0,1,0,0,2.27999662,133.640649,5.7777,12831.0,366.8,1.691,4.051,6594.0
9705459,K01448.01,FALSE POSITIVE,0,1,0,0,2.48658617,134.110364,2.7189,42122.0,91.6,1.198,4.35,5892.0
8564587,K01270.01,CONFIRMED,0,0,0,0,5.729317577,138.559971,1.1816,865.4,59.0,0.786,4.589,5320.0
10925104,K00156.03,CONFIRMED,0,0,0,0,11.776132317,142.705753,2.8971,1430.8,163.5,0.54,4.722,3980.0
8564587,K01270.02,CONFIRMED,0,0,0,0,11.60908533,133.99324,2.2603,489.3,34.1,0.786,4.589,5320.0
8552498,K01272.01,FALSE POSITIVE,0,1,0,1,0.530967162,133.849416,3.3659,244.9,125.5,1.193,4.316,6449.0
4455231,K01332.02,CONFIRMED,0,0,0,0,6.09747233,354.05919,3.431,217.6,17.4,1.522,4.09,5661.0
4285107,K01333.01,FALSE POSITIVE,0,0,1,1,2.243016513,133.45086,2.721,299.6,59.1,0.732,4.614,5462.0
4150624,K01334.01,FALSE POSITIVE,0,1,1,1,8.6531216,134.30147,4.39,654.8,35.7,0.852,4.564,5421.0
8972058,K00159.01,CONFIRMED,0,0,0,0,8.99088621,136.73923,4.2447,469.7,93.6,1.171,4.315,5881.0
9002237,K01389.01,FALSE POSITIVE,0,1,0,0,4.350087749,134.800238,2.6428,23593.0,192.2,0.953,4.495,6060.0
9288786,K01390.01,FALSE POSITIVE,0,1,0,0,1.744101106,134.50867,1.5497,9681.4,152.6,0.703,4.593,4368.0
8958035,K01391.01,FALSE POSITIVE,0,1,0,0,7.981187121,133.802114,1.8071,7609.5,202.1,0.989,4.472,6217.0
9040849,K01392.01,FALSE POSITIVE,0,0,1,0,4.118775582,357.261244,3.76,2647.7,125.6,0.802,4.579,5944.0
9202151,K01393.01,CANDIDATE,0,0,0,0,1.694740233,355.357543,1.6864,1446.8,92.3,0.527,4.739,3764.0
7842610,K01453.01,FALSE POSITIVE,0,1,1,0,0.971933156,133.853925,1.9265,4786.0,223.1,0.931,4.445,5592.0
4760746,K01455.01,CANDIDATE,0,0,0,0,15.068060768,363.549714,3.3011,19387.0,282.8,0.96,4.493,5982.0
7832356,K01456.01,CONFIRMED,0,0,0,0,7.886632468,360.514132,5.2147,6331.2,392.3,1.135,4.304,5847.0
9643874,K01457.01,CONFIRMED,0,0,0,0,8.027681123,360.171355,3.0942,8725.4,461.5,0.887,4.546,5569.0
8804283,K01276.02,CONFIRMED,0,0,0,0,13.26079792,139.0988,3.912,199.4,17.6,1.053,4.354,5478.0
8552565,K01277.01,FALSE POSITIVE,0,1,1,1,1.061932545,133.850441,2.1429,133.6,80.2,1.851,3.975,6134.0
4077526,K01336.01,CONFIRMED,0,0,0,0,10.21864532,136.8622,3.802,445.3,26.6,1.083,4.376,6100.0
4077526,K01336.02,CONFIRMED,0,0,0,0,15.573637,132.44282,5.326,468.1,24.7,1.083,4.376,6100.0
4077526,K01336.04,CONFIRMED,0,0,0,0,4.45814897,134.39743,2.867,188.1,14.3,1.083,4.376,6100.0
8937021,K01394.01,FALSE POSITIVE,0,1,1,1,5.663621501,133.89009,1.2968,1225.0,39.8,0.723,4.601,4917.0
8935810,K01395.01,CONFIRMED,0,0,0,0,6.230335,181.29566,1.6493,1449.2,31.6,0.865,4.557,5477.0
2441495,K00166.01,CONFIRMED,0,0,0,0,12.49340725,138.462232,2.2614,715.7,76.2,0.795,4.561,5207.0
9455556,K01396.01,CONFIRMED,0,0,0,0,6.62643441,183.98789,3.1752,814.6,40.6,0.903,4.529,5616.0
9455556,K01396.02,CONFIRMED,0,0,0,0,3.70122061,180.27172,2.523,327.4,19.6,0.903,4.529,5616.0
9427402,K01397.01,CANDIDATE,0,0,0,0,6.247030799,356.90972,1.4848,1496.6,44.8,0.487,4.764,3821.0
3732821,K01207.01,CONFIRMED,0,0,0,0,13.73474071,142.32752,2.769,746.4,31.0,0.772,4.524,5196.0
3962357,K01210.01,CONFIRMED,0,0,0,0,14.55387488,134.11669,6.973,319.7,26.8,1.507,4.177,6143.0
9110357,K00016.01,FALSE POSITIVE,0,1,1,1,0.895277575,133.411986,2.711,534.5,132.1,3.325,3.707,8040.0
6541920,K00157.01,CONFIRMED,0,0,0,0,13.02493307,138.176157,4.5706,778.4,119.3,1.046,4.364,5657.0
8609450,K01278.03,CONFIRMED,0,0,0,0,9.2207691,138.0072,4.907,140.0,13.2,0.872,4.455,5600.0
8609450,K01278.04,CONFIRMED,0,0,0,0,13.6396648,141.7301,5.425,162.7,13.3,0.872,4.455,5600.0
4243911,K01337.01,CONFIRMED,0,0,0,0,1.922799706,134.50174,1.8604,259.7,30.1,0.815,4.559,5194.0
4466677,K01338.01,CONFIRMED,0,0,0,0,3.222975318,178.0701,2.9247,232.7,31.3,0.96,4.427,5823.0
4135665,K01339.01,CONFIRMED,0,0,0,0,4.16811839,134.89621,2.8084,263.0,26.7,1.313,4.202,5689.0
9269281,K01398.01,CONFIRMED,0,0,0,0,5.82348911,354.99602,2.2441,888.7,38.1,0.864,4.526,5774.0
9100484,K01399.01,CANDIDATE,0,0,0,0,8.75059775,358.24233,2.8288,881.9,28.3,0.779,4.599,4942.0
9157908,K01400.01,FALSE POSITIVE,0,1,1,0,9.41475056,142.32936,4.736,483.4,55.2,1.033,4.436,6406.0
9030447,K01401.01,FALSE POSITIVE,1,0,0,0,0.56669006,133.81294,2.1674,104.6,53.8,1.386,4.273,6899.0
9034103,K01402.01,CONFIRMED,0,0,0,0,7.13969705,137.18652,3.981,512.9,27.8,0.993,4.486,6014.0
9214942,K01403.01,CONFIRMED,0,0,0,0,18.75470238,141.7172,3.0331,995.3,33.2,0.54,4.721,3976.0
3858704,K01211.01,FALSE POSITIVE,0,0,1,0,3.00363219,135.64129,3.732,101.2,38.5,1.32,4.217,6309.0
3749134,K01212.01,CONFIRMED,0,0,0,0,11.30123036,134.91855,4.022,277.1,18.5,1.122,4.34,5730.0
3556220,K01213.01,FALSE POSITIVE,0,1,1,1,0.796722833,133.07985,2.4551,107.1,43.9,1.334,4.121,5959.0
3660924,K01214.01,CONFIRMED,0,0,0,0,4.24153629,133.45522,2.971,188.1,18.0,1.047,4.34,5776.0
3939150,K01215.01,CONFIRMED,0,0,0,0,17.32419108,142.09977,8.045,241.3,49.1,1.857,3.972,5968.0
8628758,K01279.01,CONFIRMED,0,0,0,0,14.37457572,138.20189,4.7892,335.8,55.2,1.067,4.358,5768.0
8628758,K01279.02,CONFIRMED,0,0,0,0,9.65188331,132.15947,4.296,103.2,19.8,1.067,4.358,5768.0
8509361,K01280.01,FALSE POSITIVE,0,0,1,1,6.0990118,135.52357,3.6112,227.5,39.3,1.971,3.881,5743.0
8972058,K00159.02,CONFIRMED,0,0,0,0,2.403640701,134.73065,1.4012,74.9,16.3,1.171,4.315,5881.0
4386059,K01340.01,FALSE POSITIVE,0,0,1,1,2.90060781,179.83386,2.563,124.8,20.6,1.371,4.241,6547.0
4650674,K01341.01,CONFIRMED,0,0,0,0,4.51436096,134.0293,3.0083,230.7,28.4,1.215,4.306,5940.0
4275721,K01342.01,CONFIRMED,0,0,0,0,3.77359871,134.07013,2.7282,176.0,25.6,0.969,4.404,6224.0
4275721,K01342.02,CONFIRMED,0,0,0,0,8.18182189,134.81423,2.4566,299.6,27.4,0.969,4.404,6224.0
8874090,K01404.01,CONFIRMED,0,0,0,0,13.32389352,135.24585,3.2208,781.3,25.9,0.45,4.813,3751.0
11666881,K00167.01,CONFIRMED,0,0,0,0,4.919584997,134.602396,4.1988,425.7,132.0,1.378,4.246,6236.0
9264949,K01405.01,CONFIRMED,0,0,0,0,11.41911886,186.30498,5.135,509.2,23.7,1.172,4.398,6311.0
9271752,K01406.01,CONFIRMED,0,0,0,0,11.36113254,136.92584,4.1886,569.5,57.0,1.009,4.46,6244.0
9150827,K01408.01,CONFIRMED,0,0,0,0,14.53410833,145.42643,3.3094,510.6,32.5,0.553,4.693,3957.0
3839488,K01216.01,CONFIRMED,0,0,0,0,11.13127159,134.36341,4.2372,211.2,36.8,1.435,4.202,5800.0
3542588,K01217.01,FALSE POSITIVE,0,0,1,1,3.47143963,133.74061,3.663,99.8,27.5,1.111,4.409,6341.0
12252424,K00153.01,CONFIRMED,0,0,0,0,8.925079516,139.71389,2.6766,977.5,135.8,0.693,4.628,4728.0
8700771,K01283.01,CONFIRMED,0,0,0,0,8.0922105,138.04535,5.7696,65.3,37.5,1.395,4.106,5774.0
10960993,K01284.01,FALSE POSITIVE,0,1,0,1,3.117087797,134.684738,3.06941,12152.1,441.7,2.046,3.973,6338.0
10599397,K01285.01,FALSE POSITIVE,0,1,0,0,0.937406378,134.726531,1.9515,5079.6,138.9,0.843,4.529,5480.0
10879208,K01286.01,FALSE POSITIVE,0,1,1,1,0.668483615,178.281377,2.0909,2899.8,161.2,0.81,4.575,5546.0
10843203,K01287.01,FALSE POSITIVE,0,1,0,0,4.429633087,355.143546,3.0257,6120.1,166.3,0.809,4.545,5344.0
4570931,K01343.01,FALSE POSITIVE,0,0,1,1,1.544927524,133.54909,1.0134,138.5,25.4,1.132,4.34,6309.0
4136466,K01344.01,CONFIRMED,0,0,0,0,4.48758768,133.36092,2.874,112.0,25.9,1.257,4.227,6060.0
7199774,K01346.01,FALSE POSITIVE,0,1,0,0,4.70818628,137.0593,3.278,56545.0,24.7,0.894,4.53,5868.0
7037540,K01347.01,FALSE POSITIVE,0,1,0,0,14.405857436,360.3847471,5.48509,30430.6,2294.1,1.346,4.196,5945.0
6866228,K01348.01,FALSE POSITIVE,0,1,0,0,7.702374154,137.563452,3.8459,18377.0,157.2,0.83,4.565,5598.0
9391208,K01409.01,CONFIRMED,0,0,0,0,16.56062577,133.49703,2.611,700.8,30.8,0.855,4.436,5818.0
9391506,K01410.01,CONFIRMED,0,0,0,0,15.74958583,150.24579,4.6672,659.5,42.6,1.025,4.454,6191.0
9006449,K01413.01,CONFIRMED,0,0,0,0,12.64504291,138.63149,9.117,200.4,32.7,0.886,4.447,5607.0
4043190,K01220.01,CONFIRMED,0,0,0,0,6.40087137,136.8824,2.5561,133.6,24.4,1.421,4.107,5426.0
6613006,K01223.01,FALSE POSITIVE,0,1,0,0,7.388833611,133.9344039,5.62857,13063.5,1509.3,0.838,4.558,5845.0
6606653,K01224.01,FALSE POSITIVE,0,1,0,0,2.698021895,136.32786,23.192,6721.2,647.1,1.211,4.36,6568.0
10748393,K01289.01,FALSE POSITIVE,0,0,0,1,4.887806806,354.539481,2.4078,4676.0,116.1,0.812,4.523,5284.0
10874226,K01290.01,FALSE POSITIVE,0,1,0,0,11.973605044,144.779315,4.3117,3822.9,172.9,0.943,4.497,6146.0
10661771,K01291.01,FALSE POSITIVE,0,1,1,1,1.231364189,133.036618,5.8574,1097.1,229.7,0.891,4.429,5897.0
10924853,K01292.01,FALSE POSITIVE,0,0,1,0,2.102416517,134.394943,1.7684,1502.5,94.3,0.959,4.494,5999.0
10874926,K01293.01,FALSE POSITIVE,0,1,0,0,11.703109303,133.721698,2.0467,4201.0,126.6,0.958,4.494,6014.0
6631721,K00160.01,FALSE POSITIVE,0,0,1,0,13.73808249,134.43787,3.354,660.7,68.4,1.178,4.292,6375.0
6847018,K01349.01,FALSE POSITIVE,0,1,0,0,16.66216657,142.186468,3.8762,27442.0,114.5,1.169,4.38,6440.0
7220322,K01350.01,FALSE POSITIVE,0,1,1,1,0.752159702,134.047229,2.3621,3425.0,291.1,1.175,4.296,5916.0
6956233,K01352.01,FALSE POSITIVE,0,1,1,1,4.81886153,358.16338,6.223,1318.6,86.3,0.651,4.658,5030.0
11512246,K00168.01,CONFIRMED,0,0,0,0,10.74241765,133.2867,6.0633,415.2,95.4,1.518,4.091,5761.0
8916492,K01414.01,FALSE POSITIVE,0,1,0,0,4.02378908,136.23411,3.237,32.1,36.1,3.685,3.651,7516.0
11517719,K01416.01,CONFIRMED,0,1,0,0,2.495780169,135.336948,4.2721,25070.0,171.4,0.992,4.426,6039.0
11599264,K01417.01,FALSE POSITIVE,0,1,0,0,8.428090255,358.303469,1.881,11355.5,183.0,0.805,4.573,5761.0
11100657,K01418.01,FALSE POSITIVE,0,1,0,0,8.344104633,361.839209,1.8014,9695.0,89.7,0.838,4.559,5447.0
6620003,K01225.01,CANDIDATE,0,0,0,0,1.714274727,133.3158074,2.06728,28460.1,987.2,0.535,4.715,3874.0
6629332,K01227.01,FALSE POSITIVE,0,1,0,0,2.155278342,133.576109,2.1064,20739.0,142.7,0.82,4.568,5665.0
6387450,K01228.01,FALSE POSITIVE,0,1,0,0,3.661326482,135.26995,2.5714,17846.0,424.6,0.798,4.501,5319.0
12252424,K00153.02,CONFIRMED,0,0,0,0,4.75400072,128.547155,2.5394,748.7,141.4,0.693,4.628,4728.0
10549562,K01294.01,FALSE POSITIVE,0,1,1,1,9.08937826,139.08364,6.255,779.8,72.7,1.275,4.332,6739.0
10874614,K00017.01,CONFIRMED,0,0,0,0,3.234699282,121.4865708,3.59385,10558.7,3003.8,1.291,4.236,5640.0
10666230,K01295.01,FALSE POSITIVE,0,1,0,0,1.577800747,133.307724,2.1626,697.7,79.6,0.802,4.566,6089.0
10971674,K01296.01,FALSE POSITIVE,0,1,0,0,2.380862632,135.3252117,4.20416,32634.0,2590.6,1.129,4.297,5821.0
6891543,K01354.01,FALSE POSITIVE,0,0,1,1,1.752567456,134.47196,5.4993,607.3,92.2,0.996,4.433,5739.0
6719086,K01357.01,CANDIDATE,0,0,0,0,3.014330766,357.37948,2.4747,975.3,57.3,0.953,4.446,5209.0
7376983,K01358.01,CONFIRMED,0,0,0,0,5.644914154,356.73699,2.2599,1397.9,63.9,0.714,4.622,4769.0
5084942,K00161.01,CONFIRMED,0,0,0,0,3.105507835,133.210427,1.7458,904.6,178.6,0.791,4.585,4989.0
11125936,K01419.01,FALSE POSITIVE,0,1,1,0,1.336109338,178.258786,1.7419,2204.3,150.0,0.967,4.46,6119.0
11026304,K01420.01,CANDIDATE,0,0,0,0,13.35151248,363.086742,3.6045,3308.8,107.9,0.754,4.562,4843.0
11497958,K01422.01,CONFIRMED,0,0,0,0,5.841636615,135.92315,1.8734,1336.3,41.1,0.383,4.866,3526.0
11497958,K01422.02,CONFIRMED,0,0,0,0,19.85029495,133.64933,2.8407,1607.5,34.4,0.383,4.866,3526.0
11512246,K00168.02,CONFIRMED,0,0,0,0,15.27443889,147.57983,6.0765,206.7,40.3,1.518,4.091,5761.0
6545358,K01233.01,FALSE POSITIVE,0,1,1,0,1.171536413,178.597581,1.5878,1132.7,67.0,1.485,4.275,7021.0
6390824,K01234.01,FALSE POSITIVE,0,0,1,0,0.973547911,133.49742,2.2858,435.7,38.7,0.863,4.542,6084.0
6546528,K01235.01,FALSE POSITIVE,0,1,1,1,3.053563251,133.88354,3.2551,508.4,50.4,0.863,4.548,5764.0
10676923,K01297.01,FALSE POSITIVE,0,0,1,1,1.031096352,133.93938,2.781,265.4,37.8,1.072,4.426,6371.0
10604335,K01298.01,CONFIRMED,0,0,0,0,11.00817635,143.22611,2.013,1462.5,42.1,0.582,4.684,4141.0
10975146,K01300.01,CONFIRMED,0,0,0,0,0.63133171,133.94488,1.1487,434.5,95.8,0.53,4.71,4441.0
10538176,K01301.01,CONFIRMED,0,0,0,0,12.69905011,184.9868,2.9899,797.4,30.4,0.882,4.489,5291.0
7376983,K01358.02,CONFIRMED,0,0,0,0,8.74292005,358.59286,2.6277,779.5,30.7,0.714,4.622,4769.0
7376983,K01358.03,CONFIRMED,0,0,0,0,3.64830183,355.39128,1.9985,371.7,19.9,0.714,4.622,4769.0
7376983,K01358.04,CONFIRMED,0,0,0,0,2.345863002,354.11185,1.6795,316.7,19.6,0.714,4.622,4769.0
11497958,K01422.03,CONFIRMED,0,0,0,0,10.8644095,131.12833,1.853,748.7,16.8,0.383,4.866,3526.0
11611600,K01424.01,CONFIRMED,0,0,0,0,1.219568047,133.460233,1.5681,494.9,65.9,0.701,4.625,4838.0
11254382,K01425.01,CONFIRMED,0,0,0,0,2.05388477,133.73432,2.1635,546.7,50.0,1.176,4.282,5632.0
6677841,K01236.02,CONFIRMED,0,0,0,0,12.30971679,137.68401,6.74,396.0,45.9,1.697,4.045,6366.0
6531491,K01237.01,FALSE POSITIVE,0,1,1,1,14.32407216,364.39537,4.6577,2053.9,58.0,1.039,4.453,6022.0
10744335,K01304.01,CONFIRMED,0,0,0,0,4.59726613,136.47837,2.909,313.0,17.0,0.959,4.494,5999.0
4860678,K01602.01,CONFIRMED,0,0,0,0,9.97716876,137.2361,5.908,252.9,21.8,1.616,4.037,5557.0
5177104,K01603.01,CONFIRMED,0,0,0,0,3.02168007,133.47243,2.8264,171.9,32.9,0.989,4.472,6201.0
5009189,K01605.01,FALSE POSITIVE,0,1,0,0,4.93913074,135.05172,1.362,382.9,22.0,1.17,4.324,5956.0
8230616,K01713.02,CONFIRMED,0,0,0,0,2.240486703,137.82477,1.3988,436.3,33.8,0.574,4.689,4198.0
9838949,K01716.01,CONFIRMED,0,0,0,0,4.88084456,136.19585,2.5574,343.0,32.6,0.861,4.481,4929.0
9895006,K01717.01,CONFIRMED,0,0,0,0,10.56137217,133.76396,3.2645,238.4,21.7,1.171,4.316,5610.0
9589323,K01488.01,CONFIRMED,0,0,0,0,3.949627144,134.61096,1.5485,807.2,45.1,0.836,4.523,5155.0
9823487,K01489.01,CONFIRMED,0,0,0,0,16.00460392,140.47981,3.9475,831.9,34.3,0.769,4.597,5180.0
9602514,K01490.01,FALSE POSITIVE,0,0,1,1,3.55650737,133.51831,8.545,293.6,77.1,1.843,3.876,4951.0
9726659,K01491.01,CONFIRMED,0,0,0,0,3.148661555,356.93612,2.1978,550.5,35.3,0.873,4.458,5258.0
12108312,K01492.01,FALSE POSITIVE,0,1,1,1,0.70544824,133.807063,2.9423,462.4,118.2,0.826,4.564,5717.0
5371776,K01557.01,CONFIRMED,0,0,0,0,3.295701024,133.966333,1.8268,1745.7,114.7,0.691,4.628,4723.0
5371776,K01557.02,CONFIRMED,0,0,0,0,9.65349016,134.85555,2.9029,1308.6,63.1,0.691,4.628,4723.0
5371776,K01557.03,CONFIRMED,0,0,0,0,5.315954488,132.43002,1.1165,965.9,37.7,0.691,4.628,4723.0
9573539,K00180.01,CONFIRMED,0,0,0,0,10.04556377,129.09371,3.2027,671.4,66.5,0.853,4.554,5632.0
5371776,K01557.04,CONFIRMED,0,0,0,0,1.499144441,133.07022,1.4259,258.9,22.2,0.691,4.628,4723.0
9886661,K01606.01,CONFIRMED,0,0,0,0,5.082748362,133.21176,1.7732,276.7,40.9,0.858,4.555,5430.0
5477805,K01607.01,FALSE POSITIVE,0,0,1,0,5.00673576,134.54239,1.9398,191.2,26.6,1.383,4.158,6116.0
10055126,K01608.01,CONFIRMED,0,0,0,0,9.17617167,138.71393,4.2642,206.9,34.3,1.156,4.3,5903.0
10055126,K01608.02,CONFIRMED,0,0,0,0,19.7383992,133.28544,4.894,168.1,20.3,1.156,4.3,5903.0
7950644,K00192.01,CONFIRMED,0,0,0,0,10.290994129,137.0220594,4.28889,9655.7,1245.7,1.373,4.134,5803.0
10080248,K01722.01,CONFIRMED,0,0,0,0,14.8783945,142.96841,7.491,322.8,22.9,0.837,4.557,5822.0
9842906,K01493.01,FALSE POSITIVE,0,0,1,1,4.9883873,358.23526,9.059,507.6,42.4,1.171,4.395,6418.0
11821363,K01494.01,CONFIRMED,0,0,0,0,8.19596647,136.68736,2.824,792.8,20.2,0.747,4.557,4723.0
7629518,K01495.01,CONFIRMED,0,0,0,0,15.59466045,137.5636,5.0478,867.7,49.2,0.929,4.5,5900.0
9899280,K01559.01,FALSE POSITIVE,0,1,1,1,1.332560589,133.38311,4.2427,566.6,108.8,0.609,4.662,4489.0
4940438,K01561.01,FALSE POSITIVE,0,1,0,0,9.08590495,182.08162,2.0718,2121.3,50.5,0.866,4.479,5931.0
5308663,K01562.01,FALSE POSITIVE,0,0,0,1,0.784512952,355.57263,2.4623,586.0,44.4,0.904,4.522,5997.0
5474733,K01610.01,FALSE POSITIVE,0,0,1,0,0.883778461,133.60599,1.6339,120.1,31.7,0.949,4.453,5975.0
10963065,K01612.01,CONFIRMED,0,0,0,0,2.465024332,132.68122,1.262,30.7,23.2,1.194,4.291,6139.0
6268648,K01613.01,CONFIRMED,0,0,0,0,15.86624787,141.08734,4.25,77.3,28.4,1.308,4.193,6099.0
10125352,K00021.01,FALSE POSITIVE,0,1,1,0,4.288515468,121.97268,2.2959,3456.7,292.1,2.002,3.878,6378.0
5357901,K00188.01,CONFIRMED,0,0,0,0,3.797018259,133.508776,2.2608,14431.2,1549.0,0.848,4.527,5167.0
4278221,K01615.01,CONFIRMED,0,0,0,0,1.340596782,132.24549,1.6484,107.5,37.6,1.125,4.385,5992.0
10214162,K01724.01,CONFIRMED,0,0,0,0,17.42393582,148.82614,4.929,770.9,33.2,0.969,4.46,6018.0
10905746,K01725.01,CONFIRMED,0,0,0,0,9.8786461,138.41159,1.8915,1472.7,49.2,0.422,4.843,3609.0
11820830,K01728.01,FALSE POSITIVE,0,1,0,0,12.7319385,138.73144,4.4157,11449.0,69.9,1.568,4.221,7238.0
11774387,K01497.01,FALSE POSITIVE,0,1,1,1,0.520222869,178.14846,1.2216,269.5,28.9,0.889,4.527,5776.0
9636135,K01498.01,CONFIRMED,0,0,0,0,5.83376197,138.74892,3.9988,532.9,36.6,1.195,4.387,6213.0
9636135,K01498.02,CONFIRMED,0,0,0,0,2.42150341,133.83517,2.965,171.5,15.8,1.195,4.387,6213.0
7841925,K01499.01,CONFIRMED,0,0,0,0,14.16400071,140.58934,4.3031,728.1,71.5,0.885,4.438,5440.0
7841925,K01499.02,CANDIDATE,0,0,0,0,0.840594032,131.74104,1.404,49.8,11.6,0.885,4.438,5440.0
7841925,K01499.03,CONFIRMED,0,0,0,0,6.20920207,136.87938,2.637,101.9,12.1,0.885,4.438,5440.0
5219234,K01563.01,CONFIRMED,0,0,0,0,5.48711441,356.0773,2.93,1328.6,51.9,0.787,4.562,5103.0
5219234,K01563.02,CONFIRMED,0,0,0,0,8.29084167,359.63666,3.613,1033.9,34.7,0.787,4.562,5103.0
5219234,K01563.03,CONFIRMED,0,0,0,0,3.20539622,354.63069,2.143,453.6,20.6,0.787,4.562,5103.0
5219234,K01563.04,CONFIRMED,0,0,0,0,16.73869035,359.41655,2.398,996.8,20.4,0.787,4.562,5103.0
12504988,K00181.01,FALSE POSITIVE,0,1,0,0,5.093938816,139.7178386,3.93144,25026.7,1131.7,1.035,4.449,6197.0
9015738,K01616.01,CONFIRMED,0,0,0,0,13.93291548,139.41058,2.6239,131.6,28.9,1.207,4.321,6026.0
7215603,K01618.01,CONFIRMED,0,0,0,0,2.36436762,132.25007,3.372,28.4,12.4,1.543,4.184,6250.0
6387542,K01626.01,CONFIRMED,0,0,0,0,2.53475568,132.68024,4.5716,463.0,51.3,0.806,4.532,5662.0
8266276,K01731.01,CANDIDATE,0,0,0,0,2.59488443,132.75658,1.684,592.2,14.9,0.797,4.526,4748.0
8396405,K01733.01,CANDIDATE,0,0,0,0,19.18109525,141.37097,2.424,865.4,17.6,0.587,4.673,5214.0
9719634,K01500.01,FALSE POSITIVE,0,0,1,1,3.351556891,134.28439,2.4005,341.9,38.8,0.911,4.442,5185.0
7439316,K01501.01,CONFIRMED,0,0,0,0,2.617028373,134.03294,2.046,499.4,30.8,0.724,4.568,4831.0
12061238,K01502.01,FALSE POSITIVE,0,0,1,0,1.876406096,133.12761,1.531,433.8,37.0,0.759,4.6,5198.0
8323753,K00175.01,FALSE POSITIVE,0,0,1,1,6.71425632,134.31646,3.339,283.5,46.5,2.623,3.737,6093.0
5564247,K01566.01,FALSE POSITIVE,0,0,1,0,1.727177258,355.37033,2.081,347.4,17.1,0.72,4.622,5394.0
5438099,K01567.01,CONFIRMED,0,0,0,0,7.24022418,355.01243,2.9153,864.9,48.2,0.721,4.61,4955.0
5438099,K01567.02,CONFIRMED,0,0,0,0,4.64622383,354.58863,2.5137,446.5,28.2,0.721,4.61,4955.0
6543893,K01627.01,CONFIRMED,0,0,0,0,10.29674097,132.19453,2.7292,1011.8,31.3,1.797,4.04,6068.0
6543893,K01627.02,CONFIRMED,0,0,0,0,5.93919041,353.75537,2.285,424.5,15.9,1.797,4.04,6068.0
6975129,K01628.01,CONFIRMED,0,0,0,0,19.74733983,147.10553,3.4444,480.7,47.1,1.149,4.406,6243.0
8685497,K01629.01,CONFIRMED,0,0,0,0,4.4096675,132.45003,2.1418,132.7,26.4,1.166,4.347,5836.0
4365645,K01738.01,CONFIRMED,0,0,0,0,4.16787814,135.28334,2.2136,168.1,32.9,0.847,4.541,5251.0
8197343,K01746.01,CONFIRMED,0,0,0,0,11.79161234,134.54064,3.036,415.4,20.7,1.199,4.264,5619.0
6209677,K01750.01,CONFIRMED,0,0,0,0,7.76845639,138.06602,3.689,217.8,23.6,0.917,4.481,5447.0
9641018,K01504.01,FALSE POSITIVE,0,1,1,1,2.178154348,134.203059,3.4874,428.6,93.0,0.881,4.482,5947.0
9813499,K01505.01,CONFIRMED,0,0,0,0,5.03257009,137.32638,4.213,439.1,26.3,0.908,4.521,5970.0
5438099,K01567.03,CONFIRMED,0,0,0,0,17.32670445,360.5083,4.269,800.0,34.8,0.721,4.61,4955.0
5210475,K01568.01,FALSE POSITIVE,0,0,1,0,1.008917105,354.85926,1.4577,338.5,34.2,0.795,4.578,5708.0
8009350,K01569.01,CONFIRMED,0,0,0,0,13.75207851,143.03241,2.8831,1215.6,36.8,0.699,4.616,4802.0
8082001,K01570.01,CONFIRMED,0,0,0,0,6.33855946,354.85104,3.4617,721.7,57.4,1.03,4.466,6108.0
9017682,K01630.01,CANDIDATE,0,0,0,0,11.30507984,138.13638,3.989,278.4,19.5,0.844,4.556,5705.0
9277896,K01632.01,CONFIRMED,0,0,0,0,4.59489816,133.83995,3.1381,109.7,27.7,1.381,4.217,6056.0
10686864,K01637.01,CONFIRMED,0,0,0,0,2.97041801,133.39136,2.2369,530.7,22.4,0.743,4.608,5068.0
11904734,K01764.01,CANDIDATE,0,0,0,0,12.681733929,132.682519,1.6866,5879.1,102.8,0.701,4.577,4976.0
8043714,K01765.01,FALSE POSITIVE,0,1,0,0,6.814984472,134.212391,3.05409,23915.3,742.2,0.817,4.566,5465.0
9631995,K00022.01,CONFIRMED,0,0,0,0,7.891448838,177.2499624,4.2854,10344.6,1955.1,1.237,4.313,5972.0
11870545,K01510.01,CANDIDATE,0,0,0,0,0.839961456,178.354,1.3008,492.9,35.1,0.718,4.618,4932.0
7901948,K01511.01,CONFIRMED,0,0,0,0,2.578852119,133.2237,2.3581,334.3,36.7,0.853,4.553,5743.0
11955499,K01512.01,FALSE POSITIVE,0,1,1,0,9.04189129,137.86611,2.789,783.4,34.5,0.826,4.572,5237.0
9784222,K01513.01,FALSE POSITIVE,0,1,1,1,0.798200403,133.962079,1.8261,396.8,65.9,1.031,4.449,6258.0
5376836,K00182.01,FALSE POSITIVE,0,1,0,0,3.479425638,136.797172,3.4479,19550.0,123.3,0.878,4.519,5907.0
5557821,K01571.01,FALSE POSITIVE,0,0,1,0,2.92878704,356.28699,4.634,549.4,47.7,0.883,4.534,5955.0
10004519,K01572.01,CONFIRMED,0,0,0,0,9.80321143,363.98686,4.4617,813.4,53.1,0.992,4.472,6170.0
5031857,K01573.02,CANDIDATE,0,0,0,0,7.136922,131.75317,2.8005,221.6,23.7,0.921,4.511,6086.0
10879038,K01641.01,CONFIRMED,0,0,0,0,4.8538404,135.09902,3.198,196.4,15.4,0.968,4.483,5778.0
10990917,K01643.01,CONFIRMED,0,0,0,0,11.04605365,136.44056,4.799,308.3,24.3,1.025,4.429,6093.0
11043136,K01644.01,FALSE POSITIVE,0,1,0,0,2.621706694,131.88227,1.941,4572.0,24.3,0.881,4.436,5749.0
11046025,K01646.01,CONFIRMED,0,0,0,0,3.72020708,133.41684,1.892,156.9,15.0,0.797,4.516,5017.0
5771719,K00190.01,FALSE POSITIVE,0,1,0,0,12.264867364,139.304999,4.7366,11310.9,560.2,2.344,3.81,5372.0
9729691,K01751.01,CONFIRMED,0,0,0,0,8.689301216,133.661284,2.563,1117.0,70.9,0.895,4.447,5211.0
4950232,K01753.01,FALSE POSITIVE,0,0,1,0,0.979442525,132.42297,1.0348,469.3,27.0,0.745,4.607,5532.0
10904857,K00194.01,CONFIRMED,0,0,0,0,3.120828136,139.466594,2.1878,16456.0,113.5,0.996,4.471,6122.0
8651389,K01754.01,CONFIRMED,0,0,0,0,15.13590453,146.58371,2.236,255.7,19.8,1.572,4.137,6050.0
9520668,K01514.01,FALSE POSITIVE,0,0,1,0,1.399326503,133.61426,1.8305,206.4,22.7,0.728,4.572,4502.0
7871954,K01515.01,CONFIRMED,0,0,0,0,1.937029968,134.72107,1.4727,312.3,42.8,0.49,4.761,4042.0
7871954,K01515.02,CONFIRMED,0,0,0,0,7.06117322,136.27344,1.0406,481.7,27.2,0.49,4.761,4042.0
10028792,K01574.03,CANDIDATE,0,0,0,0,5.83393857,132.63426,4.5813,134.4,17.6,1.699,3.963,5597.0
5299459,K01576.01,CONFIRMED,0,0,0,0,10.41572666,143.04774,2.7719,825.3,69.3,0.987,4.426,5511.0
11153121,K01647.01,CONFIRMED,0,0,0,0,14.97031664,134.50507,5.884,290.5,28.9,1.483,4.123,5726.0
11337141,K01649.01,CONFIRMED,0,0,0,0,4.04355245,131.62995,1.965,416.2,21.2,0.532,4.744,3871.0
6705142,K01758.01,CANDIDATE,0,0,0,0,5.59728249,131.86708,1.795,1407.3,30.8,0.858,4.551,5610.0
3967760,K01760.01,CONFIRMED,0,0,0,0,5.52418625,135.62306,2.826,491.0,20.7,1.004,4.372,5334.0
3967760,K01760.02,CONFIRMED,0,0,0,0,8.77514782,133.70319,3.176,351.9,12.7,1.004,4.372,5334.0
4067336,K01761.01,FALSE POSITIVE,0,1,0,0,10.12742274,135.26504,1.2762,933.5,19.5,1.162,4.399,6392.0
5387843,K01762.01,FALSE POSITIVE,0,0,1,0,0.870693883,132.083949,1.2137,438.5,55.6,0.883,4.519,5985.0
7663405,K01519.01,CONFIRMED,0,0,0,0,5.1443645,133.83044,2.703,310.7,20.2,0.904,4.445,5157.0
9765975,K01520.01,CONFIRMED,0,0,0,0,18.45848388,138.1635,3.3703,535.3,41.5,0.948,4.419,5311.0
5299459,K01576.02,CONFIRMED,0,0,0,0,13.08424286,132.63129,3.0401,662.0,51.2,0.987,4.426,5511.0
9651668,K00183.01,CONFIRMED,0,0,0,0,2.684328541,133.3548095,2.69382,18136.5,2833.1,0.956,4.411,5561.0
12506770,K01577.01,CONFIRMED,0,0,0,0,2.806243488,133.7314,1.6271,599.6,22.4,0.581,4.684,4153.0
5629985,K01578.01,FALSE POSITIVE,0,0,1,0,2.27190723,134.79852,5.383,149.0,36.8,0.856,4.506,5788.0
9898364,K01579.01,FALSE POSITIVE,0,0,1,0,7.132351753,134.473083,2.9674,744.1,91.2,1.93,4.08,7530.0
11337372,K01650.01,CONFIRMED,0,0,0,0,6.53194024,136.03223,3.3351,771.9,39.6,0.977,4.391,5301.0
11546211,K01654.01,FALSE POSITIVE,0,1,0,0,1.097211085,131.517201,1.6738,38946.0,83.5,0.334,4.92,3497.0
11547505,K01655.01,CONFIRMED,0,0,0,0,0.938466959,135.600698,1.3015,217.4,54.4,1.087,4.323,5499.0
11502867,K00195.01,CONFIRMED,0,0,0,0,3.217518511,133.6320632,2.11481,14319.4,1287.4,0.903,4.473,5720.0
9909735,K01779.01,CONFIRMED,0,0,0,0,4.66271902,134.08296,2.757,1630.6,28.2,0.939,4.514,5729.0
9909735,K01779.02,CONFIRMED,0,0,0,0,11.8150174,133.08929,2.834,1003.0,10.5,0.939,4.514,5729.0
11551692,K01781.01,CONFIRMED,0,0,0,0,7.834433676,135.222143,2.89,2018.1,246.6,0.72,4.62,4920.0
11551692,K01781.02,CONFIRMED,0,0,0,0,3.005156911,137.103362,2.0747,691.6,115.1,0.72,4.62,4920.0
9850893,K01523.01,FALSE POSITIVE,0,0,1,1,8.48039789,135.85018,6.249,259.7,22.7,1.05,4.364,5401.0
4826110,K01524.01,FALSE POSITIVE,0,0,1,0,1.333395306,134.18228,1.188,114.5,11.5,0.811,4.527,5199.0
7869917,K01525.01,CONFIRMED,0,0,0,0,7.71467686,133.55635,4.5871,233.9,33.3,2.599,3.843,6900.0
9824805,K01526.01,CONFIRMED,0,0,0,0,4.4444826,133.46308,3.686,163.0,18.0,1.079,4.426,6240.0
12602568,K01583.01,CONFIRMED,0,0,0,0,8.04727721,137.2073,5.159,486.0,36.1,0.849,4.553,5840.0
9941066,K01584.01,CONFIRMED,0,0,0,0,5.87063416,137.24813,2.5736,505.6,23.2,0.612,4.66,4166.0
5972334,K00191.01,CONFIRMED,0,0,0,0,15.358767771,132.385085,4.1223,14638.1,812.6,0.887,4.484,5422.0
4832197,K01661.01,FALSE POSITIVE,0,1,0,0,0.94773253,137.12993,1.7645,11306.0,103.9,1.269,4.183,6302.0
4844004,K01662.01,FALSE POSITIVE,0,1,0,0,0.784031658,133.38391,0.7773,352.2,28.2,0.824,4.578,5435.0
12120943,K01458.01,CANDIDATE,0,0,0,0,8.98128472,354.83042,5.0397,4924.0,76.6,1.022,4.473,5977.0
7831264,K00171.02,CONFIRMED,0,0,0,0,13.07141889,144.44217,3.0946,251.1,32.0,1.439,4.173,6122.0
9761199,K01459.01,FALSE POSITIVE,0,1,0,0,0.692015479,133.114177,1.1315,4518.1,163.4,0.497,4.747,3752.0
7751571,K01460.01,FALSE POSITIVE,0,1,1,1,17.0421346,363.97428,7.507,3616.7,108.9,0.773,4.59,5367.0
9579499,K01461.01,FALSE POSITIVE,0,1,0,0,7.94671044,140.708207,2.8419,6084.4,165.3,0.702,4.626,4859.0
11913013,K01462.01,FALSE POSITIVE,0,1,1,1,3.74781242,355.31325,5.241,5367.0,44.8,1.0,4.438,5780.0
7691260,K01528.01,CONFIRMED,0,0,0,0,3.989544192,134.0989,1.591,190.0,26.2,0.688,4.643,5229.0
9821454,K01529.01,CONFIRMED,0,0,0,0,17.9776037,147.7515,4.605,213.9,23.3,1.006,4.46,6296.0
9821454,K01529.02,CONFIRMED,0,0,0,0,11.8693144,137.721,4.653,101.9,13.9,1.006,4.46,6296.0
11954842,K01530.01,CONFIRMED,0,0,0,0,12.98494603,139.78207,3.4497,257.2,38.4,1.025,4.384,5948.0
7972785,K00184.01,FALSE POSITIVE,0,1,0,0,7.300735516,133.5664741,5.78725,13051.7,1640.0,1.138,4.394,6434.0
5470739,K01585.01,CONFIRMED,0,0,0,0,19.17893976,139.74552,5.144,752.8,34.3,0.881,4.538,5767.0
10022908,K01586.01,CONFIRMED,0,0,0,0,6.99130452,135.46291,2.1568,555.4,36.3,0.761,4.606,4847.0
5617854,K01588.01,CONFIRMED,0,0,0,0,3.517494725,135.546724,1.5639,532.8,52.6,0.564,4.699,4132.0
4932442,K01665.01,CONFIRMED,0,0,0,0,6.93365167,137.07375,4.608,119.6,20.1,1.304,4.212,5861.0
5360920,K01675.01,CANDIDATE,0,0,0,0,14.62399621,144.45527,2.193,1082.0,25.0,0.815,4.57,5753.0
7838655,K01464.01,FALSE POSITIVE,0,0,1,1,2.113202658,356.32832,3.5234,2104.8,97.2,0.858,4.502,5482.0
11702948,K01465.01,CANDIDATE,0,0,0,0,9.771462706,135.584899,1.767,6933.2,215.0,0.853,4.551,5812.0
7770450,K01467.01,FALSE POSITIVE,0,1,1,1,1.157808038,354.74488,3.6705,866.7,78.8,0.886,4.532,5566.0
11455491,K00178.01,FALSE POSITIVE,0,1,1,1,6.14281498,135.16169,4.624,122.0,36.0,1.554,4.128,6495.0
11764462,K01531.01,CONFIRMED,0,0,0,0,5.69919592,136.58738,2.3906,159.4,35.3,0.932,4.493,5646.0
11656246,K01532.01,CONFIRMED,0,0,0,0,18.11473813,147.4904,5.2706,241.5,51.3,1.36,4.247,6109.0
7808587,K01533.01,CONFIRMED,0,0,0,0,6.24145791,134.88892,3.0998,163.7,30.8,1.259,4.25,5810.0
5301750,K01589.01,CONFIRMED,0,0,0,0,8.72585478,138.76838,4.473,446.7,37.7,1.131,4.326,6036.0
5301750,K01589.02,CONFIRMED,0,0,0,0,12.88291395,135.18736,5.676,460.5,33.6,1.131,4.326,6036.0
5301750,K01589.04,CONFIRMED,0,0,0,0,4.22453631,135.42908,3.128,159.1,16.7,1.131,4.326,6036.0
5972334,K00191.02,CONFIRMED,0,0,0,0,2.418406841,132.505587,2.0744,665.4,69.1,0.887,4.484,5422.0
5530882,K01680.01,FALSE POSITIVE,0,0,1,1,5.0825188,132.95792,3.328,105.0,17.1,0.834,4.561,5706.0
5531953,K01681.01,CANDIDATE,0,0,0,0,6.93910337,138.33927,2.977,614.7,22.9,0.42,4.844,3638.0
6034945,K01683.01,CONFIRMED,0,0,0,0,9.11500269,133.97523,4.558,268.3,21.7,1.028,4.431,5962.0
9851226,K01468.01,FALSE POSITIVE,0,0,1,1,8.48031942,135.85217,7.297,1426.7,92.8,0.991,4.439,5951.0
8692861,K00172.01,CONFIRMED,0,0,0,0,13.7223682,137.84083,5.1231,571.1,97.9,0.943,4.399,5637.0
7543649,K01469.01,FALSE POSITIVE,0,1,1,0,3.582076914,355.515064,4.4228,1534.4,138.4,0.993,4.422,6109.0
9480310,K01470.01,CONFIRMED,0,0,0,0,15.43400996,363.29494,4.2572,1785.9,59.7,0.951,4.509,5900.0
11858748,K01471.01,FALSE POSITIVE,0,0,1,1,1.780984316,177.8249,2.173,590.9,46.0,0.87,4.545,5730.0
4741126,K01534.02,CONFIRMED,0,0,0,0,7.63846084,138.24557,3.957,71.7,16.6,1.299,4.274,6119.0
12159249,K01536.01,CONFIRMED,0,0,0,0,3.74443645,133.55997,2.9191,73.3,25.4,1.293,4.269,5876.0
9872292,K01537.01,CANDIDATE,0,0,0,0,10.19154678,136.69755,6.165,61.3,27.6,1.684,4.049,6212.0
9963461,K01538.01,FALSE POSITIVE,0,1,0,0,10.581581895,183.008458,6.66929,112642.0,1241.4,1.567,4.074,6168.0
8081482,K01539.01,FALSE POSITIVE,0,1,0,0,2.819453322,133.870141,4.4127,71867.0,202.0,1.074,4.33,5767.0
5542466,K01590.01,CANDIDATE,0,0,0,0,12.89006728,201.22989,3.555,602.5,23.6,0.812,4.512,4915.0
5542466,K01590.02,CONFIRMED,0,0,0,0,2.35574505,177.88824,1.796,266.9,17.0,0.812,4.512,4915.0
5542466,K01590.03,CANDIDATE,0,0,0,0,4.74666128,134.63784,2.093,256.8,12.5,0.812,4.512,4915.0
10028140,K01591.01,CONFIRMED,0,0,0,0,19.65639342,140.29937,3.226,843.2,25.5,0.74,4.613,5288.0
6198999,K01687.01,CONFIRMED,0,0,0,0,3.93246069,132.55435,2.1763,455.5,30.6,0.779,4.533,4841.0
6310636,K01688.01,CONFIRMED,0,0,0,0,0.921030497,132.03171,2.6077,101.5,27.0,1.615,4.069,5843.0
6616218,K01692.01,CONFIRMED,0,0,0,0,5.960400011,137.265171,2.8617,828.3,126.1,0.886,4.534,5418.0
4770365,K01475.01,CONFIRMED,0,0,0,0,1.609321941,178.94178,1.6067,728.5,35.3,0.603,4.662,4224.0
4770365,K01475.02,CONFIRMED,0,0,0,0,9.51220046,185.47893,2.9497,1169.4,31.9,0.603,4.662,4224.0
4770365,K01475.03,CONFIRMED,0,0,0,0,4.72941177,132.93871,2.234,434.3,14.6,0.603,4.662,4224.0
10748390,K00003.01,CONFIRMED,0,0,0,0,4.887803076,124.8130808,2.36255,4315.8,862.3,0.763,4.591,4778.0
11804465,K00020.01,CONFIRMED,0,0,0,0,4.437962934,171.0091259,4.69813,16387.6,3535.6,1.415,4.175,5953.0
5649956,K01540.01,FALSE POSITIVE,0,1,0,0,1.207852845,178.2142,3.5802,49720.0,205.9,0.797,4.533,5601.0
4840513,K01541.01,FALSE POSITIVE,0,1,0,0,2.379282197,133.651365,3.1729,48434.0,538.0,1.162,4.399,6392.0
5289854,K01593.01,CONFIRMED,0,0,0,0,9.69501146,182.45413,2.75,515.2,18.3,0.914,4.516,5896.0
5289854,K01593.02,CONFIRMED,0,0,0,0,15.3825394,139.07648,3.815,550.5,18.4,0.914,4.516,5896.0
9895709,K01594.01,FALSE POSITIVE,0,0,1,0,1.818939148,133.12299,1.644,331.2,39.3,0.962,4.487,6153.0
5972334,K00191.03,CANDIDATE,0,0,0,0,0.708621057,133.36565,1.5041,187.5,30.5,0.887,4.484,5422.0
6616218,K01692.02,CONFIRMED,0,0,0,0,2.46106962,133.32138,2.184,84.2,18.0,0.886,4.534,5418.0
6696462,K01693.01,FALSE POSITIVE,0,1,0,0,3.403743926,137.232574,1.5017,815.9,59.5,0.853,4.533,5596.0
7220429,K01700.01,CONFIRMED,0,0,0,0,8.03753796,139.3582,2.9118,286.5,31.1,0.804,4.511,5044.0
7222086,K01701.01,FALSE POSITIVE,0,1,0,0,2.43902575,133.58474,1.1598,82.5,20.5,2.784,3.817,6546.0
9842890,K01479.01,FALSE POSITIVE,0,0,1,0,4.9883872,358.2335,9.142,638.2,52.9,0.823,4.565,5819.0
8113154,K01542.01,FALSE POSITIVE,0,1,0,0,2.586878667,133.817008,6.1614,25480.0,261.3,1.172,4.343,6812.0
5270698,K01543.01,FALSE POSITIVE,0,1,0,0,3.964333304,136.029542,4.7136,25886.2,408.5,2.318,3.808,5758.0
5024450,K01544.01,FALSE POSITIVE,0,1,0,0,1.525924389,355.479571,3.15998,24627.2,423.9,1.06,4.427,6203.0
5282049,K01545.01,FALSE POSITIVE,0,1,0,0,5.910371418,360.2852478,3.88962,17219.2,990.3,0.958,4.488,6200.0
5475431,K01546.01,CANDIDATE,0,0,0,0,0.917568975,133.932419,2.0654,15805.0,128.1,0.893,4.541,5713.0
10027323,K01596.01,CONFIRMED,0,0,0,0,5.92365747,134.68361,2.6302,406.5,26.4,0.496,4.762,3883.0
12019440,K00186.01,CONFIRMED,0,0,0,0,3.24325988,133.6690203,3.03318,16450.9,1586.2,1.013,4.438,5823.0
5039228,K01597.01,CANDIDATE,0,0,0,0,7.79668781,134.42081,4.6699,361.3,48.5,1.276,4.352,6521.0
7304449,K01702.01,CONFIRMED,0,0,0,0,1.538180949,131.822823,1.2635,841.0,47.7,0.274,4.978,3364.0
7386827,K01704.01,CONFIRMED,0,0,0,0,10.4188915,137.74971,3.0069,670.0,42.1,1.064,4.36,5692.0
7626370,K01706.01,CONFIRMED,0,0,0,0,1.921437488,131.806204,1.9046,278.7,56.7,0.851,4.472,5238.0
9597806,K01481.01,CONFIRMED,0,0,0,0,5.101375725,357.48217,2.595,894.6,55.1,0.954,4.479,5869.0
7812167,K01482.01,FALSE POSITIVE,0,1,1,1,17.7940049,365.34666,4.091,879.4,27.7,1.044,4.442,6273.0
9940565,K01548.01,FALSE POSITIVE,0,1,0,0,2.139325409,135.062261,2.8056,6897.8,164.4,0.666,4.642,4765.0
8111381,K01550.01,FALSE POSITIVE,0,1,1,0,2.233799622,134.720709,3.04,2658.5,228.9,0.846,4.555,5741.0
10004738,K01598.03,CONFIRMED,0,0,0,0,13.93068791,134.42851,2.312,186.5,14.9,0.839,4.57,5497.0
4860932,K01600.01,FALSE POSITIVE,0,1,1,0,12.36564669,140.92029,3.644,388.4,22.8,0.952,4.495,6075.0
5438757,K01601.01,CONFIRMED,0,0,0,0,10.35078415,133.71163,6.253,273.1,36.5,1.08,4.338,5534.0
7815744,K01710.01,CONFIRMED,0,0,0,0,14.20442616,142.7332,3.898,800.6,26.7,0.678,4.647,5350.0
8230616,K01713.01,CONFIRMED,0,0,0,0,6.82778157,131.78839,2.3726,545.8,32.2,0.574,4.689,4198.0
9692345,K01485.01,FALSE POSITIVE,0,1,1,1,0.687895191,133.66492,2.4233,462.5,60.9,0.651,4.615,4478.0
11402995,K00173.01,CONFIRMED,0,0,0,0,10.06083238,138.96723,4.5718,460.2,86.4,1.14,4.297,5705.0
12062667,K01487.01,FALSE POSITIVE,0,0,1,1,2.92928244,133.72275,6.794,268.6,39.2,2.251,3.831,6634.0
9899355,K01554.01,FALSE POSITIVE,0,1,1,1,1.332564478,354.58908,6.0325,1071.5,119.6,0.878,4.536,5995.0
9892816,K01955.01,CONFIRMED,0,0,0,0,15.17026921,132.6655,4.3311,224.8,45.4,1.369,4.26,6297.0
9836149,K01958.01,CONFIRMED,0,0,0,0,17.8159689,134.4832,3.6765,776.8,22.5,0.933,4.484,5964.0
2985767,K02032.01,CONFIRMED,0,0,0,0,14.07969236,139.96053,1.375,169.5,26.2,1.547,4.097,5821.0
2304320,K02033.01,CONFIRMED,0,0,0,0,16.54081386,133.95274,2.5996,370.0,32.8,0.769,4.572,5064.0
3657758,K02034.01,CONFIRMED,0,0,0,0,3.609313059,133.79024,1.7752,1375.1,35.0,0.868,4.545,5668.0
6382217,K02036.01,CONFIRMED,0,0,0,0,8.41100305,133.79856,2.4553,755.6,27.6,0.539,4.718,3757.0
5375194,K01825.01,CONFIRMED,0,0,0,0,13.52252364,142.17932,3.987,690.6,22.4,0.816,4.557,5338.0
10019708,K00199.01,CONFIRMED,0,0,0,0,3.268695042,137.4817205,3.45188,10091.4,1429.9,1.691,4.046,5927.0
7046804,K00205.01,CONFIRMED,0,0,0,0,11.720123999,142.173999,3.0039,9763.3,707.3,0.77,4.564,5215.0
7449136,K01890.01,CONFIRMED,0,0,0,0,4.33643506,133.85442,4.1445,108.5,48.0,1.603,4.133,6180.0
8680979,K01891.01,CONFIRMED,0,0,0,0,15.95541913,143.30236,3.9851,762.6,39.0,0.805,4.516,4891.0
8680979,K01891.02,CONFIRMED,0,0,0,0,8.25980352,137.47021,2.928,298.4,18.3,0.805,4.516,4891.0
6949061,K01960.01,CONFIRMED,0,0,0,0,8.96847034,139.39473,4.4073,234.3,38.2,1.374,4.185,5808.0
7269493,K01961.01,CONFIRMED,0,0,0,0,1.907810683,131.63784,1.8707,120.5,40.9,0.824,4.578,5435.0
7887791,K01964.01,CANDIDATE,0,0,0,0,2.229326354,133.09423,1.9946,49.1,24.6,0.865,4.525,5587.0
11657891,K01965.01,CONFIRMED,0,0,0,0,2.514628496,132.90904,1.6239,228.4,33.3,0.84,4.56,5662.0
6305192,K00219.01,CONFIRMED,0,0,0,0,8.025118521,132.469133,5.3694,3120.4,373.0,1.369,4.196,6002.0
6382217,K02036.02,CONFIRMED,0,0,0,0,5.79529495,136.77974,2.272,334.3,14.8,0.539,4.718,3757.0
9634821,K02037.03,CANDIDATE,0,0,0,0,8.56267266,355.13518,1.53,608.1,15.2,0.93,4.429,5029.0
8950568,K02038.01,CONFIRMED,0,0,0,0,8.30537702,139.7437,3.751,365.6,28.5,0.873,4.495,5435.0
3326377,K01830.01,CONFIRMED,0,0,0,0,13.22714056,142.20251,3.2861,812.0,51.8,0.8,4.548,5180.0
11601584,K01831.02,CONFIRMED,0,0,0,0,4.38536428,139.22548,2.5126,198.5,25.9,0.826,4.53,5191.0
11601584,K01831.04,CONFIRMED,0,0,0,0,13.97945055,142.33829,1.2325,356.1,17.1,0.826,4.53,5191.0
8689793,K01893.01,CONFIRMED,0,0,0,0,3.554856338,131.80398,2.1004,232.9,40.8,0.831,4.565,6068.0
11673802,K01894.01,CONFIRMED,0,0,0,0,5.28790754,135.36119,8.5274,343.9,90.6,3.818,3.433,4994.0
4263293,K01895.01,CONFIRMED,0,0,0,0,8.45746636,133.87132,2.2906,1320.3,21.8,0.524,4.73,4347.0
4263293,K01895.02,CONFIRMED,0,0,0,0,17.28116957,136.00718,2.829,1562.8,20.3,0.524,4.73,4347.0
6205897,K01967.01,CONFIRMED,0,0,0,0,4.417692516,133.96139,2.323,279.2,35.1,0.664,4.645,4766.0
7948784,K01968.01,CONFIRMED,0,0,0,0,10.08744556,135.13582,2.9884,568.1,39.9,1.095,4.417,6310.0
9244756,K01969.01,CONFIRMED,0,0,0,0,16.34355902,145.04116,5.474,829.4,34.0,1.056,4.394,5730.0
8950568,K02038.02,CONFIRMED,0,0,0,0,12.51353325,139.42461,4.301,430.8,30.0,0.873,4.495,5435.0
8950568,K02038.03,CONFIRMED,0,0,0,0,17.9134215,135.52921,4.364,197.8,11.4,0.873,4.495,5435.0
8804845,K02039.01,CONFIRMED,0,0,0,0,5.42586901,135.86589,2.5342,259.0,26.1,0.934,4.489,5594.0
10480915,K02040.01,CONFIRMED,0,0,0,0,19.58561177,132.36472,1.755,532.9,27.1,0.996,4.401,5618.0
11709244,K01832.01,CONFIRMED,0,0,0,0,4.544436472,134.90159,1.8141,879.3,42.5,0.937,4.458,5445.0
11709244,K01832.02,CONFIRMED,0,0,0,0,12.76220558,143.73026,2.0688,653.8,17.4,0.937,4.458,5445.0
10019708,K00199.02,FALSE POSITIVE,0,1,1,0,8.78458274,135.37812,6.459,210.8,25.9,1.691,4.046,5927.0
11853878,K01833.01,CONFIRMED,0,0,0,0,3.69298623,132.73624,1.7744,763.3,33.9,0.572,4.682,4402.0
5728139,K00206.01,CONFIRMED,0,0,0,0,5.334082429,131.981761,6.2226,4676.5,653.4,1.905,4.016,6332.0
7668663,K01898.01,CONFIRMED,0,0,0,0,6.4980147,136.00108,2.4384,190.9,41.2,1.104,4.328,5727.0
7047922,K01899.01,CONFIRMED,0,0,0,0,19.76169247,135.17794,3.9097,392.5,35.3,1.175,4.327,6327.0
9353314,K01900.01,CONFIRMED,0,0,0,0,5.18498961,131.8814,2.1397,430.1,36.4,0.56,4.68,4325.0
9347009,K01971.01,CONFIRMED,0,0,0,0,19.32945602,133.26717,3.794,935.5,26.8,0.763,4.604,5026.0
11253711,K01972.01,CANDIDATE,0,0,0,0,17.79108667,149.25344,2.662,414.2,39.8,1.34,4.148,5855.0
4917596,K01973.01,CONFIRMED,0,0,0,0,3.290114076,133.15709,1.5151,645.3,30.3,0.594,4.654,4484.0
4743513,K00024.01,FALSE POSITIVE,0,1,1,1,2.086075752,170.965627,2.2647,3657.8,102.2,1.417,4.071,6131.0
11046458,K00214.01,CONFIRMED,0,0,0,0,3.311864148,131.7427761,1.4049,5976.5,448.2,0.937,4.499,5461.0
7132798,K00220.01,CONFIRMED,0,0,0,0,2.422084188,132.940079,2.5613,1871.8,423.7,0.83,4.565,5598.0
9656252,K02044.01,CONFIRMED,0,0,0,0,16.92342126,145.81407,4.1864,1125.3,40.8,0.99,4.465,5786.0
6026438,K02045.01,CONFIRMED,0,0,0,0,5.47665801,135.70431,2.5482,648.0,32.1,0.706,4.589,4650.0
9471268,K01835.01,CONFIRMED,0,0,0,0,4.580346161,134.0754,2.097,308.3,49.8,0.789,4.558,5103.0
9471268,K01835.02,CONFIRMED,0,0,0,0,2.248288213,133.425805,2.0361,263.2,59.7,0.789,4.558,5103.0
9471268,K01835.03,CONFIRMED,0,0,0,0,6.76690759,136.61633,1.7062,249.3,29.7,0.789,4.558,5103.0
8766650,K01904.01,CONFIRMED,0,0,0,0,12.43929428,136.37952,3.176,254.3,24.9,0.773,4.531,4987.0
10328393,K01905.01,CONFIRMED,0,0,0,0,7.62635494,136.01585,2.4168,296.1,32.5,0.721,4.61,4955.0
11773328,K01906.01,CANDIDATE,0,0,0,0,8.710442022,134.614376,0.9425,1196.4,42.6,0.809,4.575,5416.0
7094486,K01907.01,CONFIRMED,0,0,0,0,11.35010642,134.04612,2.2792,1221.0,38.3,0.514,4.734,3597.0
8543100,K01975.01,CONFIRMED,0,0,0,0,7.56052209,134.47889,3.8573,659.8,34.6,0.94,4.503,5895.0
2693736,K01976.01,CONFIRMED,0,0,0,0,12.12401737,134.955,3.3091,788.4,40.1,0.87,4.469,5094.0
9412760,K01977.01,CONFIRMED,0,0,0,0,9.38740646,137.38383,1.6165,384.6,22.3,0.646,4.656,4500.0
9412760,K01977.02,CONFIRMED,0,0,0,0,7.41556471,137.81512,1.973,150.4,11.8,0.646,4.656,4500.0
11457726,K02047.01,CONFIRMED,0,0,0,0,6.22161107,131.99094,3.4117,165.0,29.0,1.097,4.417,6277.0
8956206,K02048.01,CONFIRMED,0,0,0,0,6.17998508,132.72278,2.1094,750.5,29.0,0.791,4.551,5149.0
9649706,K02049.01,CONFIRMED,0,0,0,0,1.569066598,133.04032,2.7803,147.2,48.7,1.395,4.172,5821.0
5856571,K01839.01,CONFIRMED,0,0,0,0,9.59068586,132.68264,3.452,544.6,40.0,1.673,3.904,5476.0
7765528,K01840.01,CONFIRMED,0,0,0,0,7.03932913,133.85433,3.514,836.7,48.6,1.24,4.278,5846.0
7779077,K01842.01,CONFIRMED,0,0,0,0,16.84183355,137.99443,2.6194,822.1,23.6,1.009,4.404,5602.0
6046540,K00200.01,CONFIRMED,0,0,0,0,7.340714946,134.3457036,2.9987,8510.5,856.3,1.498,4.191,6056.0
5706966,K01908.01,CONFIRMED,0,0,0,0,12.55111099,137.26226,3.1293,494.1,33.2,0.598,4.669,4213.0
3762468,K00208.01,CONFIRMED,0,0,0,0,3.003879547,134.709874,3.2848,8538.0,80.8,1.172,4.398,6311.0
10130039,K01909.01,CONFIRMED,0,0,0,0,12.75800092,133.95888,4.1828,187.9,41.7,1.095,4.34,5782.0
10130039,K01909.02,CONFIRMED,0,0,0,0,5.47033376,131.49548,3.1441,112.0,32.7,1.095,4.34,5782.0
9518318,K01978.01,CONFIRMED,0,0,0,0,6.51112385,131.70646,1.6919,695.1,38.4,1.001,4.465,6032.0
7273277,K01979.01,CONFIRMED,0,0,0,0,2.714078374,133.71179,1.3115,143.5,36.8,0.992,4.461,5815.0
6862721,K01982.01,CONFIRMED,0,0,0,0,4.88753111,132.70783,2.034,679.6,17.4,0.957,4.499,5568.0
12301181,K02059.01,CONFIRMED,0,0,0,0,6.14728341,134.87289,2.7645,119.7,26.8,0.746,4.598,4997.0
9279354,K02060.01,CONFIRMED,0,0,0,0,2.800111267,132.04865,1.0237,706.7,33.5,0.704,4.579,4786.0
3937519,K00221.01,CONFIRMED,0,0,0,0,3.413036353,132.443054,2.61366,3868.7,480.7,1.087,4.314,5392.0
7449541,K02063.01,CONFIRMED,0,0,0,0,3.00725068,131.90484,4.4302,285.8,30.0,0.781,4.587,5667.0
5080636,K01843.01,CONFIRMED,0,0,0,0,4.194496867,134.13511,1.7807,660.7,45.0,0.522,4.747,3706.0
3338885,K01845.01,CONFIRMED,0,0,0,0,1.970340203,131.948389,1.7901,403.2,56.3,1.667,3.972,4883.0
3338885,K01845.02,CONFIRMED,0,0,0,0,5.05821338,135.702454,1.132,748.3,43.2,1.667,3.972,4883.0
9965957,K01911.01,CONFIRMED,0,0,0,0,5.75321539,136.75617,1.7948,733.8,31.8,0.929,4.51,5445.0
9704384,K01913.01,CONFIRMED,0,0,0,0,5.50860699,132.2983,3.0788,203.9,38.2,0.883,4.489,5448.0
8426567,K01914.01,CONFIRMED,0,0,0,0,18.93055119,143.25058,3.372,684.0,26.2,1.643,3.987,5015.0
8142942,K01985.01,CONFIRMED,0,0,0,0,5.756245244,133.903421,1.071,623.6,45.5,0.734,4.605,4931.0
9044228,K01988.01,CONFIRMED,0,0,0,0,0.934885365,131.580676,1.4083,270.4,57.8,1.795,3.909,4777.0
7265298,K02051.02,CONFIRMED,0,0,0,0,11.0317836,362.3431,4.753,182.3,14.1,1.069,4.381,5739.0
7132798,K00220.02,CONFIRMED,0,0,0,0,4.12511935,133.64014,2.877,114.7,21.6,0.83,4.565,5598.0
2307415,K02053.01,CONFIRMED,0,0,0,0,13.12162167,133.39526,3.6138,196.9,32.7,1.277,4.265,6140.0
9735426,K01849.01,CONFIRMED,0,0,0,0,8.08801663,138.73516,1.8334,952.9,46.1,0.874,4.494,5269.0
8826168,K01850.01,CONFIRMED,0,0,0,0,11.55103848,134.90803,3.3601,402.8,49.8,1.058,4.395,5907.0
10464050,K01851.01,CONFIRMED,0,0,0,0,4.469754641,131.84402,1.813,553.9,37.1,0.934,4.507,5988.0
9763348,K01852.01,CONFIRMED,0,0,0,0,15.77382794,137.53051,4.957,313.6,30.4,1.531,4.129,6283.0
9101496,K01915.01,CONFIRMED,0,0,0,0,6.56226483,132.61123,4.0144,260.8,41.2,1.812,4.005,5878.0
6037581,K01916.02,CONFIRMED,0,0,0,0,9.59993246,136.58227,4.3206,271.2,52.0,1.272,4.266,5865.0
6037581,K01916.03,CONFIRMED,0,0,0,0,2.0248205,132.35465,2.55,63.3,20.2,1.272,4.266,5865.0
11450414,K01992.01,CONFIRMED,0,0,0,0,12.7983174,133.64979,6.401,336.6,38.2,1.451,4.115,5592.0
4736569,K01996.01,CONFIRMED,0,0,0,0,10.13200555,132.91155,3.1683,911.6,37.6,0.561,4.689,4777.0
2307415,K02053.02,CONFIRMED,0,0,0,0,4.6126736,132.7757,3.0643,133.2,34.3,1.277,4.265,6140.0
3128552,K02055.01,CONFIRMED,0,0,0,0,8.67890312,133.03651,3.5317,540.6,37.4,1.116,4.308,5509.0
9573685,K02057.01,CONFIRMED,0,0,0,0,5.94565516,133.99359,2.1604,401.2,28.5,0.564,4.7,3974.0
10329835,K02058.01,CONFIRMED,0,0,0,0,1.52373073,131.61813,1.4796,364.7,34.1,0.51,4.736,3746.0
6849046,K00201.01,CONFIRMED,0,0,0,0,4.225384543,137.5606891,2.82038,7563.0,1457.8,1.054,4.403,5574.0
8218379,K01920.01,CONFIRMED,0,0,0,0,16.57099265,133.90704,2.9052,644.9,40.9,0.779,4.589,5483.0
7755636,K01921.01,CONFIRMED,0,0,0,0,16.00496657,135.25305,6.5047,377.5,49.8,1.904,4.029,6384.0
9411166,K01922.01,CONFIRMED,0,0,0,0,1.954525966,132.29679,2.0944,392.8,43.1,1.136,4.331,5741.0
4989057,K01923.01,CONFIRMED,0,0,0,0,7.23400381,137.67742,2.165,453.3,34.3,0.85,4.523,5411.0
9834040,K01998.01,CONFIRMED,0,0,0,0,6.77408984,135.95524,2.6215,520.3,33.6,1.092,4.433,6246.0
6061773,K02001.01,CONFIRMED,0,0,0,0,8.27745764,138.25667,2.713,197.2,17.3,1.781,3.884,5129.0
10024701,K02002.01,CONFIRMED,0,0,0,0,14.37504582,139.05924,3.208,251.1,15.7,1.053,4.403,5931.0
2579043,K02064.01,CANDIDATE,0,0,0,0,6.31219171,136.93315,4.9377,403.7,35.6,1.075,4.426,6322.0
9304101,K02067.01,CONFIRMED,0,0,0,0,13.24503482,142.00573,4.4078,156.1,35.7,1.39,4.147,5636.0
6035124,K02071.01,CONFIRMED,0,0,0,0,3.85690686,134.47405,2.0808,127.8,24.3,0.813,4.574,5272.0
4157325,K01860.01,CONFIRMED,0,0,0,0,6.31943553,132.22892,3.3422,581.1,61.0,1.022,4.397,5670.0
4157325,K01860.02,CONFIRMED,0,0,0,0,12.20951755,360.3204,4.1808,538.1,45.5,1.022,4.397,5670.0
4157325,K01860.03,CONFIRMED,0,0,0,0,3.07644709,353.7643,2.6326,216.7,29.3,1.022,4.397,5670.0
5108214,K01924.01,FALSE POSITIVE,0,1,1,0,2.11913005,132.59,4.141,28.7,21.5,2.377,3.813,5799.0
10723750,K00209.02,CONFIRMED,0,0,0,0,18.79591276,145.821854,7.5235,2431.4,282.3,1.406,4.185,6163.0
10136549,K01929.01,CONFIRMED,0,0,0,0,9.69315023,132.81362,5.6725,141.8,45.1,1.472,4.108,5683.0
9851271,K02003.01,FALSE POSITIVE,0,0,1,1,8.48031229,135.85319,7.105,351.1,37.3,1.078,4.364,5910.0
6665512,K02005.01,CONFIRMED,0,0,0,0,6.92101452,135.64343,4.3591,529.7,39.9,0.585,4.661,4461.0
10525027,K02006.01,CONFIRMED,0,0,0,0,3.27344784,134.45023,1.7292,262.5,34.0,0.496,4.769,3758.0
11069176,K02007.01,CONFIRMED,0,0,0,0,15.3789014,143.40629,4.662,185.1,17.6,2.153,3.877,5817.0
10158418,K01784.01,CANDIDATE,0,0,0,0,5.007414194,135.024066,1.3584,4413.9,196.6,1.042,4.417,5957.0
3648437,K01861.01,CANDIDATE,0,0,0,0,17.50441726,135.74731,4.2585,725.4,47.5,1.329,4.16,5815.0
7877496,K00202.01,CONFIRMED,0,1,0,0,1.72086129,133.0209998,2.0243,10184.5,1654.9,1.215,4.297,5742.0
4149450,K01864.01,CONFIRMED,0,0,0,0,3.215109385,133.77747,4.365,158.0,53.3,0.934,4.472,5541.0
10136549,K01929.02,CONFIRMED,0,0,0,0,3.29276797,133.00741,4.8069,80.7,40.8,1.472,4.108,5683.0
5511081,K01930.01,CONFIRMED,0,0,0,0,13.72710334,138.74473,7.3419,199.2,62.5,1.693,4.017,5951.0
5511081,K01930.04,CONFIRMED,0,0,0,0,9.34145925,132.38581,6.18,81.7,29.4,1.693,4.017,5951.0
10978763,K01931.01,CONFIRMED,0,0,0,0,4.97760447,134.67304,2.5719,287.3,27.5,1.023,4.358,5353.0
6152974,K00216.02,CONFIRMED,0,0,0,0,7.51854537,132.53078,2.845,286.7,19.4,0.864,4.474,5064.0
9410930,K00196.01,CONFIRMED,0,1,0,0,1.855557556,137.181028,2.35672,10570.1,1853.8,0.947,4.441,5657.0
5731623,K01793.01,CANDIDATE,0,0,0,0,3.261759866,131.778858,1.7593,3876.1,190.4,0.945,4.497,6131.0
6153672,K01794.01,FALSE POSITIVE,0,1,0,0,3.364425589,131.66843,1.3261,4843.0,32.0,0.775,4.589,5813.0
10676014,K01797.01,CONFIRMED,0,0,0,0,16.78175788,139.79356,3.7386,908.0,118.8,0.742,4.588,4925.0
8167996,K01867.01,CONFIRMED,0,0,0,0,2.549562652,132.60803,1.6999,495.1,43.7,0.506,4.74,3716.0
8167996,K01867.02,CONFIRMED,0,0,0,0,13.96950181,132.17062,1.5871,1110.0,37.0,0.506,4.74,3716.0
8167996,K01867.03,CONFIRMED,0,0,0,0,5.21230171,132.71052,2.098,430.0,29.3,0.506,4.74,3716.0
6773862,K01868.01,CONFIRMED,0,0,0,0,17.76076524,137.50778,1.6679,1287.2,42.6,0.516,4.744,3826.0
10978763,K01931.02,CONFIRMED,0,0,0,0,10.55840479,136.34449,3.366,194.2,14.6,1.023,4.358,5353.0
10978763,K01931.03,CONFIRMED,0,0,0,0,6.98800953,132.56964,3.103,193.2,17.1,1.023,4.358,5353.0
5384079,K02011.01,CONFIRMED,0,0,0,0,7.05675145,132.53512,2.0261,130.0,25.2,1.402,4.244,6388.0
4056616,K02013.01,CONFIRMED,0,0,0,0,2.41434868,132.42878,1.2701,191.0,30.0,0.724,4.573,4507.0
6707908,K02014.01,FALSE POSITIVE,0,1,0,0,2.466070972,132.32097,1.9559,704.5,42.6,0.884,4.529,5708.0
8492026,K02016.01,CONFIRMED,0,0,0,0,4.30656389,132.44098,4.1107,257.0,39.8,1.03,4.466,6108.0
6867766,K01798.01,FALSE POSITIVE,0,1,0,0,12.964717746,136.143342,1.8303,3732.9,183.3,1.033,4.45,6210.0
6058614,K01799.01,FALSE POSITIVE,0,1,0,0,1.731079436,134.77977,1.8419,11974.0,36.2,0.955,4.494,6045.0
11017901,K01800.01,CONFIRMED,0,0,0,0,7.794302043,137.260385,1.1081,3387.4,159.2,0.982,4.405,5494.0
5088591,K01801.01,CONFIRMED,0,0,0,0,14.5324483,140.72407,3.13,1355.9,16.5,0.86,4.473,5345.0
11298298,K01802.01,CONFIRMED,0,0,0,0,5.248667607,135.516708,1.917,601.2,59.5,1.012,4.437,5807.0
10187159,K01870.01,CONFIRMED,0,0,0,0,7.96431492,136.81646,1.5342,746.0,44.3,0.91,4.44,5185.0
10619192,K00203.01,CONFIRMED,0,1,0,0,1.485710994,132.7935653,2.2874,20823.9,1176.6,1.018,4.432,5624.0
5396122,K01935.01,FALSE POSITIVE,0,1,0,0,15.44428875,138.1678,2.0791,3596.2,44.9,0.991,4.489,5895.0
10190777,K01937.01,CONFIRMED,0,0,0,0,1.411230023,132.641925,1.4325,388.2,89.3,0.737,4.564,4575.0
7045496,K01939.01,CONFIRMED,0,0,0,0,13.47472742,133.48999,2.5995,729.6,25.3,0.734,4.615,5395.0
8750043,K02017.01,CONFIRMED,0,0,0,0,2.29503515,132.69329,1.654,172.1,11.6,0.909,4.482,5637.0
6226290,K02019.01,CONFIRMED,0,0,0,0,14.08826442,137.34334,4.1847,889.4,34.2,0.895,4.529,5853.0
9595827,K00217.01,CONFIRMED,0,0,0,0,3.905081685,133.4150433,2.8213,21340.5,1315.8,0.887,4.54,5543.0
4349442,K01803.01,CANDIDATE,0,0,0,0,4.539297295,133.9595824,1.9455,798.1,50.3,0.724,4.61,4914.0
4644952,K01805.01,CONFIRMED,0,0,0,0,6.94135824,137.5437,1.8899,825.0,43.1,0.88,4.491,5527.0
2987027,K00197.01,CONFIRMED,0,0,0,0,17.276296682,133.839172,3.94738,10458.0,871.4,0.738,4.599,4941.0
4644952,K01805.03,CONFIRMED,0,0,0,0,4.36273233,135.23342,2.2375,341.6,25.6,0.88,4.491,5527.0
8978528,K01874.01,CONFIRMED,0,0,0,0,18.6848377,136.14587,3.7965,1251.5,41.2,0.545,4.712,4156.0
8978528,K01874.02,CONFIRMED,0,0,0,0,7.41634701,135.85372,2.1362,505.5,20.6,0.545,4.712,4156.0
9967771,K01875.01,CONFIRMED,0,0,0,0,9.91724268,135.1389,3.2241,457.9,38.8,1.207,4.244,5539.0
10005788,K01940.01,CONFIRMED,0,0,0,0,10.99470891,137.35769,1.5929,884.7,32.7,0.586,4.661,4302.0
5213902,K01941.01,FALSE POSITIVE,0,0,1,0,1.194812329,132.18329,1.3777,189.5,41.2,0.97,4.475,6198.0
2832589,K01942.01,CONFIRMED,0,0,0,0,10.84969477,136.74432,3.474,1122.1,43.5,0.778,4.592,5251.0
2438513,K01944.01,CONFIRMED,0,0,0,0,12.18420006,139.05644,2.5014,499.3,23.3,1.068,4.374,5771.0
6356207,K02021.01,CONFIRMED,0,0,0,0,3.76417012,132.35462,2.0111,558.4,27.2,0.728,4.617,5063.0
8578780,K02023.01,CONFIRMED,0,0,0,0,13.59051547,133.07217,3.784,621.9,27.7,0.974,4.409,5442.0
8240797,K01809.01,CONFIRMED,0,0,0,0,13.09390911,144.525,2.2805,398.7,62.2,0.956,4.487,5772.0
8240797,K01809.02,CONFIRMED,0,0,0,0,4.915385452,132.69448,2.7757,225.5,65.6,0.956,4.487,5772.0
6279974,K01812.01,FALSE POSITIVE,0,1,0,0,0.805259257,132.100916,1.42246,1384.3,329.7,2.022,3.926,5872.0
9455325,K01813.01,CONFIRMED,0,0,0,0,9.76785911,139.43968,2.1649,585.4,54.1,0.852,4.513,5371.0
10332883,K01880.01,CONFIRMED,0,0,0,0,1.151166776,133.231766,1.0907,578.4,83.7,0.535,4.73,3951.0
9071386,K00023.01,FALSE POSITIVE,0,1,0,0,4.693305543,136.8627229,5.17249,14522.9,1765.2,1.47,4.22,6365.0
9305831,K00204.01,CONFIRMED,0,0,0,0,3.246732048,133.379165,3.0535,6998.2,775.0,1.457,4.15,5763.0
2438513,K01944.02,FALSE POSITIVE,0,0,1,1,8.3606759,138.81934,6.287,194.8,17.7,1.068,4.374,5771.0
10844890,K01946.01,CANDIDATE,0,0,0,0,8.29482811,133.50201,2.7437,559.5,38.1,0.939,4.478,5773.0
4636578,K02025.01,CONFIRMED,0,0,0,0,17.84850835,148.39117,5.8919,391.2,43.5,1.465,4.152,6188.0
4636578,K02025.03,CONFIRMED,0,0,0,0,11.1895709,140.63504,5.3,143.3,19.9,1.465,4.152,6188.0
11923284,K02026.01,CONFIRMED,0,0,0,0,2.757977384,131.87907,2.1489,211.0,22.5,1.0,4.435,5919.0
9838975,K00218.01,FALSE POSITIVE,0,1,0,0,18.692860599,143.8331829,3.88584,51256.5,1281.9,0.66,4.66,5190.0
5621125,K01814.01,CONFIRMED,0,0,0,0,14.80075082,132.82179,5.762,501.4,54.0,7.663,3.092,6327.0
9872283,K01815.01,CONFIRMED,0,0,0,0,3.126861192,133.724959,1.1926,794.6,94.6,1.749,3.939,4854.0
8624520,K01816.01,CANDIDATE,0,0,0,0,10.240611361,131.667897,0.9617,2958.0,72.0,0.64,4.623,5227.0
7870032,K01818.01,CONFIRMED,0,0,0,0,16.87725775,138.64907,3.7917,818.4,43.1,0.872,4.512,5497.0
9597058,K01819.01,CONFIRMED,0,0,0,0,12.05705659,135.41595,2.3462,523.9,20.8,0.834,4.537,5365.0
6205228,K01882.01,CONFIRMED,0,0,0,0,3.770590654,133.39088,2.029,314.4,37.1,1.208,4.274,5714.0
11758544,K01883.01,CONFIRMED,0,0,0,0,2.7073064,132.43068,3.4378,69.5,31.7,1.629,4.069,6045.0
4851530,K01884.02,CANDIDATE,0,0,0,0,4.77502117,355.45644,1.7087,451.4,16.7,0.796,4.505,5275.0
7747425,K01952.01,CONFIRMED,0,0,0,0,8.0103929,135.31823,4.2713,294.1,34.6,1.111,4.327,5616.0
6300348,K00212.01,CANDIDATE,0,0,0,0,5.69590202,139.231637,3.5661,4921.1,391.2,0.94,4.497,6106.0
7747425,K01952.03,CONFIRMED,0,0,0,0,5.19559398,132.72178,3.748,116.0,16.0,1.111,4.327,5616.0
9489524,K02029.01,CONFIRMED,0,0,0,0,16.33269981,136.90909,2.174,300.4,17.5,0.772,4.563,5208.0
9489524,K02029.02,CONFIRMED,0,0,0,0,10.05550267,173.2234,2.951,147.7,13.6,0.772,4.563,5208.0
5940165,K02031.01,CONFIRMED,0,0,0,0,9.30413878,140.33868,1.9254,637.3,24.2,0.658,4.611,4458.0
8277797,K01820.01,CONFIRMED,0,0,0,0,4.33722007,132.85152,2.4973,358.5,47.9,0.876,4.499,5390.0
8277797,K01820.02,CONFIRMED,0,0,0,0,1.653889476,132.18845,1.7242,124.4,22.3,0.876,4.499,5390.0
2989404,K01824.01,CONFIRMED,0,0,0,0,3.553831111,134.64066,3.1029,191.8,77.4,1.081,4.37,6015.0
2989404,K01824.02,CONFIRMED,0,0,0,0,1.6783263,136.05259,2.5123,146.3,76.1,1.081,4.37,6015.0
11413812,K01885.01,CONFIRMED,0,0,0,0,5.65378163,131.71154,1.9483,366.8,37.8,0.934,4.507,5988.0
9549648,K01886.01,CONFIRMED,0,0,0,0,5.99185827,136.88244,1.7215,186.3,32.1,1.695,4.049,6157.0
11074178,K01889.01,CONFIRMED,0,0,0,0,14.30517579,135.06301,4.535,863.4,37.5,0.846,4.555,5741.0
11074178,K01889.02,CONFIRMED,0,0,0,0,9.18189122,132.40505,4.343,363.6,18.2,0.846,4.555,5741.0
5942808,K02250.01,CONFIRMED,0,0,0,0,2.935362067,136.18415,1.5043,1052.6,38.0,0.823,4.505,4922.0
6206214,K02252.01,CONFIRMED,0,0,0,0,13.53953595,143.15629,4.389,134.2,21.8,1.997,3.985,6109.0
7672097,K02255.01,CONFIRMED,0,0,0,0,7.97033985,136.55775,2.6675,490.8,23.5,0.818,4.567,5774.0
6142862,K02336.01,FALSE POSITIVE,0,0,1,0,5.33459393,133.43443,2.642,226.3,14.7,0.533,4.704,4275.0
5599774,K02337.01,CONFIRMED,0,0,0,0,8.49640437,138.73595,2.2128,834.0,21.8,0.709,4.586,5093.0
7033233,K02339.01,CONFIRMED,0,0,0,0,2.032318856,132.64394,1.1596,287.5,20.4,0.682,4.635,4670.0
6383785,K00239.02,CONFIRMED,0,0,0,0,3.62275506,132.99267,2.7868,180.6,22.3,1.216,4.282,5794.0
9411412,K02101.01,CONFIRMED,0,0,0,0,2.892216772,132.87726,1.3596,360.5,23.9,0.615,4.655,4229.0
7620413,K02103.01,CONFIRMED,0,0,0,0,2.543063763,132.68159,2.8473,152.0,26.5,1.029,4.389,5579.0
4545187,K00223.01,CONFIRMED,0,0,0,0,3.177414601,134.478892,1.5262,1134.3,113.7,0.708,4.63,5303.0
10854546,K02104.01,CONFIRMED,0,0,0,0,2.168451063,132.14107,1.458,466.9,45.5,1.109,4.382,6153.0
8261920,K02174.01,CANDIDATE,0,0,0,0,6.69332825,137.70324,2.311,781.8,23.4,0.637,4.641,4245.0
8261920,K02174.03,CONFIRMED,0,0,0,0,7.72513619,176.80202,2.042,382.2,10.5,0.637,4.641,4245.0
9112931,K02256.01,CONFIRMED,0,0,0,0,10.71253475,137.16499,2.7186,1198.6,31.2,0.544,4.715,4175.0
8126558,K02259.01,CONFIRMED,0,0,0,0,12.19140405,136.33677,1.8832,665.8,19.4,0.967,4.399,5516.0
11811193,K02260.01,CONFIRMED,0,0,0,0,6.11784972,133.61873,3.458,60.5,25.8,1.333,4.247,6226.0
3734418,K02261.01,CONFIRMED,0,0,0,0,3.97599629,133.62238,2.2029,206.0,27.3,0.778,4.561,5143.0
8681734,K02340.01,CONFIRMED,0,0,0,0,7.68478504,137.64035,2.447,274.1,21.4,0.907,4.469,5344.0
10232693,K02341.01,FALSE POSITIVE,0,0,1,0,0.990516282,131.84152,2.019,101.6,20.4,2.399,3.755,5975.0
10212441,K02342.01,CONFIRMED,0,0,0,0,15.0447098,133.20895,5.823,97.9,23.4,1.525,4.025,5798.0
8247771,K02344.01,CONFIRMED,0,0,0,0,1.118547814,132.84826,1.5534,234.8,21.7,0.658,4.65,4496.0
8165946,K02105.01,CONFIRMED,0,0,0,0,6.42199919,134.58037,2.6192,161.6,25.4,0.981,4.468,5985.0
12017109,K02106.01,CONFIRMED,0,0,0,0,9.75374033,134.06014,2.348,430.8,18.9,0.899,4.528,5806.0
11499228,K02109.01,CONFIRMED,0,0,0,0,19.7919389,149.30719,3.787,383.7,22.8,1.039,4.441,6285.0
10670119,K02179.01,CONFIRMED,0,0,0,0,14.87149773,137.69573,2.4076,944.9,27.3,0.524,4.749,3825.0
10670119,K02179.02,CONFIRMED,0,0,0,0,2.732767897,354.09581,1.1102,613.1,27.0,0.524,4.749,3825.0
8491277,K00234.01,CONFIRMED,0,0,0,0,9.61375316,132.185679,4.654,797.9,108.6,1.11,4.364,5997.0
3337432,K02265.01,FALSE POSITIVE,0,0,1,1,2.97600846,132.98121,4.274,103.2,25.9,2.088,3.898,6208.0
5629538,K02345.01,CONFIRMED,0,0,0,0,15.18727049,134.05495,4.509,292.5,21.4,1.005,4.414,6136.0
8235924,K02347.01,CONFIRMED,0,0,0,0,0.588001053,132.058754,1.1451,297.4,50.9,0.57,4.687,3814.0
6200235,K02350.01,CONFIRMED,0,0,0,0,1.078389713,133.25041,1.3394,300.5,23.6,0.985,4.384,5325.0
11460462,K02110.01,CONFIRMED,0,0,0,0,5.03728033,134.1094,2.0619,76.3,20.9,1.381,4.271,6387.0
8612275,K02111.01,CONFIRMED,0,0,0,0,3.289726319,131.75522,2.3274,234.9,27.0,0.91,4.492,5463.0
8612275,K02111.02,CONFIRMED,0,0,0,0,7.18644594,136.62345,1.4972,402.0,23.8,0.91,4.492,5463.0
7207061,K02113.01,CONFIRMED,0,0,0,0,15.94248453,146.33157,3.4894,1093.7,34.3,0.806,4.576,5376.0
7286911,K02180.01,CONFIRMED,0,0,0,0,11.55562042,138.19752,1.6758,441.5,22.7,0.85,4.555,5420.0
8591173,K02181.01,CONFIRMED,0,0,0,0,12.2885046,141.61869,2.807,342.1,12.0,1.671,3.96,5109.0
6962109,K02182.01,CONFIRMED,0,0,0,0,17.13263125,147.1546,3.0555,850.2,26.4,0.794,4.578,5477.0
5706595,K02183.01,CONFIRMED,0,0,0,0,19.0231361,139.65988,3.431,401.6,19.7,0.954,4.459,5569.0
5706595,K02183.02,CONFIRMED,0,0,0,0,4.57948235,135.09685,3.106,207.1,20.0,0.954,4.459,5569.0
10489345,K02266.01,CONFIRMED,0,0,0,0,1.003931703,132.09988,1.4361,491.1,25.2,0.741,4.552,4949.0
11774303,K02269.01,FALSE POSITIVE,0,1,1,0,0.614083885,132.46969,0.9817,389.5,36.4,1.276,4.352,6521.0
9654875,K02272.01,CANDIDATE,0,0,0,0,1.34145255,132.69106,7.502,26.6,31.2,2.389,3.926,7495.0
9717943,K02273.01,CONFIRMED,0,0,0,0,6.11010439,136.91214,2.314,59.7,11.8,1.195,4.387,6213.0
8026752,K00240.01,CONFIRMED,0,0,0,0,4.286866229,138.614882,4.4726,1321.9,167.3,1.049,4.441,6228.0
1872821,K02351.01,CONFIRMED,0,0,0,0,10.27380957,134.65748,3.252,352.8,19.2,0.899,4.528,5806.0
8013439,K02352.01,CONFIRMED,0,0,0,0,13.39155154,133.05499,3.391,48.9,24.5,2.188,3.837,6197.0
8013439,K02352.02,CONFIRMED,0,0,0,0,5.62904396,134.74679,3.7295,39.5,32.2,2.188,3.837,6197.0
8013439,K02352.03,CONFIRMED,0,0,0,0,8.2562857,137.9267,2.0378,37.3,18.2,2.188,3.837,6197.0
7207061,K02113.02,CONFIRMED,0,0,0,0,12.33087921,361.9744,3.0664,872.2,28.3,0.806,4.576,5376.0
6921944,K02114.01,CONFIRMED,0,0,0,0,4.421566535,132.18465,2.1229,684.0,31.9,0.697,4.604,4299.0
9532052,K02115.01,CONFIRMED,0,0,0,0,15.72585941,133.98774,3.8284,1313.1,32.7,0.755,4.597,5332.0
8164012,K02116.01,CONFIRMED,0,0,0,0,1.252753881,133.17054,2.1472,200.0,40.5,1.705,4.041,5907.0
4140813,K02117.01,CONFIRMED,0,0,0,0,13.36019864,131.81481,2.788,699.9,21.3,0.688,4.638,4500.0
3097926,K02186.01,CANDIDATE,0,0,0,0,14.97974335,143.46174,4.126,1211.8,33.2,0.853,4.481,5062.0
5601258,K02191.01,CONFIRMED,0,0,0,0,8.84784273,140.15085,2.0572,460.2,21.1,0.552,4.718,3867.0
7960980,K02274.01,CONFIRMED,0,0,0,0,9.98970266,133.76102,3.7,988.4,24.1,0.81,4.58,5265.0
8107225,K00235.01,CONFIRMED,0,0,0,0,5.63252508,133.81818,2.1448,634.4,70.9,0.804,4.58,5216.0
3458028,K02276.01,CONFIRMED,0,0,0,0,1.442592305,134.07188,2.9698,166.0,27.1,2.043,3.983,7216.0
3342794,K02278.01,CONFIRMED,0,0,0,0,14.17222858,142.60134,2.6297,246.8,24.5,1.314,4.2,5845.0
3342794,K02278.02,CONFIRMED,0,0,0,0,4.92031063,135.40577,4.046,81.0,17.7,1.314,4.2,5845.0
11288051,K00241.01,CONFIRMED,0,0,0,0,13.82142084,131.79237,3.985,765.2,75.3,0.651,4.66,4983.0
7515670,K02360.01,FALSE POSITIVE,0,0,1,0,2.30367952,133.76909,3.0898,136.4,18.9,0.865,4.546,6191.0
11566256,K02361.01,CONFIRMED,0,0,0,0,5.78387049,135.5798,1.3966,413.3,20.7,1.012,4.476,6063.0
8495415,K02362.02,CONFIRMED,0,0,0,0,11.08507658,355.03627,1.751,771.8,17.7,0.793,4.538,5080.0
4055304,K02119.01,CONFIRMED,0,0,0,0,0.571038347,131.653752,1.1267,242.1,38.2,0.886,4.457,5132.0
4857213,K02120.01,CONFIRMED,0,0,0,0,8.77425786,132.33386,2.2245,239.6,22.3,0.905,4.445,5146.0
9415108,K02121.01,CONFIRMED,0,0,0,0,4.51005082,134.56954,2.1533,294.8,21.5,1.032,4.352,5362.0
4833421,K00232.01,CONFIRMED,0,0,0,0,12.466004437,134.003258,5.0066,2232.1,304.6,1.191,4.284,6038.0
8282651,K02193.01,CONFIRMED,0,0,0,0,2.361724472,133.23932,1.2167,587.0,34.6,0.651,4.615,4478.0
10909127,K02200.01,CONFIRMED,0,0,0,0,3.17059731,132.67813,1.6686,325.4,20.1,0.843,4.563,5431.0
3661886,K02279.02,CONFIRMED,0,0,0,0,12.50945798,136.99217,3.479,155.3,16.0,1.184,4.303,5949.0
9221517,K02281.01,CONFIRMED,0,0,0,0,0.769854899,132.51944,1.0243,109.6,28.7,0.822,4.55,5173.0
6751874,K02282.01,CONFIRMED,0,0,0,0,6.89226333,132.4644,2.4921,214.4,22.4,1.463,4.148,5862.0
10863608,K02368.01,CONFIRMED,0,0,0,0,8.07127043,137.76604,2.393,318.2,16.9,0.853,4.517,5766.0
5602588,K02369.01,CONFIRMED,0,0,0,0,11.01819178,139.87858,4.635,545.7,22.0,0.969,4.486,6075.0
5547480,K00224.01,FALSE POSITIVE,0,1,1,0,3.979867514,132.071233,2.3607,907.6,65.2,0.973,4.485,6032.0
3546060,K02126.01,CONFIRMED,0,0,0,0,9.69310837,134.53003,2.734,1130.7,30.4,0.618,4.639,4818.0
4144576,K02202.01,CONFIRMED,0,0,0,0,0.813166357,131.82536,1.4122,173.5,34.8,0.887,4.5,5237.0
8494542,K02204.01,CONFIRMED,0,0,0,0,10.86062378,136.65957,2.2874,189.6,20.7,1.496,4.125,6455.0
11073656,K02206.01,CANDIDATE,0,0,0,0,1.834277283,132.85895,1.7499,286.5,24.8,0.958,4.458,5751.0
10206675,K02283.01,FALSE POSITIVE,0,1,1,0,17.40208965,141.93057,3.745,616.5,20.9,0.615,4.662,4098.0
3832716,K00027.01,FALSE POSITIVE,1,0,0,0,1.141877248,170.3386848,4.33931,309490.0,2036.3,1.368,4.152,6158.0
8453211,K00236.01,FALSE POSITIVE,0,1,1,1,5.77675928,143.09616,6.789,3522.5,141.4,0.875,4.435,5544.0
12505654,K02353.01,CONFIRMED,0,0,0,0,5.186737262,134.99509,0.8023,712.7,25.7,0.777,4.594,5230.0
7215678,K02354.01,CANDIDATE,0,0,0,0,1.151244686,132.64551,1.272,269.6,32.6,0.921,4.511,6086.0
11670125,K02355.01,CONFIRMED,0,0,0,0,1.217000383,132.03128,1.3285,459.8,26.5,0.757,4.545,4859.0
11461844,K02356.01,CONFIRMED,0,0,0,0,13.6823798,139.18611,4.153,179.6,17.0,1.026,4.457,6102.0
7449554,K02357.01,CANDIDATE,0,0,0,0,2.42088277,133.57809,2.812,223.3,20.7,1.53,4.077,5583.0
9351920,K02129.01,CONFIRMED,0,0,0,0,8.79618433,135.67645,3.3781,286.3,27.0,1.046,4.456,6142.0
2161536,K02130.01,CONFIRMED,0,0,0,0,16.85592593,138.26808,2.309,871.5,19.5,0.587,4.674,3967.0
10549023,K02131.01,CONFIRMED,0,0,0,0,14.36270451,141.435,4.564,349.4,26.8,1.216,4.357,6643.0
8219268,K02133.01,CONFIRMED,0,0,0,0,6.24667547,136.38688,11.261,396.8,63.6,6.221,2.936,4604.0
10531955,K02208.01,CONFIRMED,0,0,0,0,2.344512589,132.87316,1.4116,58.9,21.9,1.132,4.328,5821.0
4833421,K00232.02,CONFIRMED,0,0,0,0,5.766165573,134.01725,3.8314,364.8,65.6,1.191,4.284,6038.0
8168187,K02209.01,CONFIRMED,0,0,0,0,18.3027235,142.89166,8.262,186.7,24.7,1.839,3.892,5528.0
4142847,K02210.01,CONFIRMED,0,0,0,0,2.888904439,132.15271,1.6043,402.2,23.7,0.759,4.589,4895.0
10203349,K02212.01,CONFIRMED,0,0,0,0,17.14648756,140.66122,4.2354,440.3,28.3,1.412,4.127,5559.0
9718066,K02287.01,CONFIRMED,0,0,0,0,16.09227518,142.51659,2.1072,128.5,18.1,0.67,4.641,4657.0
7987866,K02363.01,CONFIRMED,0,0,0,0,3.13877646,133.65614,1.6663,174.1,20.2,0.722,4.556,5242.0
9532710,K02364.01,CANDIDATE,0,0,0,0,5.24242029,133.23047,6.413,334.9,20.1,1.829,3.824,5383.0
9086251,K02367.01,CONFIRMED,0,0,0,0,6.89213244,131.63179,1.725,82.0,17.3,1.446,4.227,6164.0
5801571,K00225.01,FALSE POSITIVE,0,1,0,0,0.838597429,141.537817,1.68668,2482.1,303.7,1.236,4.352,6366.0
5288570,K02136.01,FALSE POSITIVE,0,0,1,1,1.728528176,131.80851,3.682,197.6,26.2,3.279,3.597,6153.0
9364609,K02137.01,CONFIRMED,0,0,0,0,14.97436238,141.50057,2.4461,265.4,24.9,0.8,4.532,5311.0
7457296,K02213.01,CONFIRMED,0,0,0,0,3.97076603,134.63962,1.814,349.2,23.9,0.778,4.521,5178.0
10328458,K02214.01,CONFIRMED,0,0,0,0,2.352273912,131.80267,1.7389,318.6,20.4,0.748,4.608,4816.0
8321314,K02293.01,CONFIRMED,0,0,0,0,15.03366411,144.98055,3.272,374.9,22.2,0.891,4.526,5523.0
4049901,K02295.01,CANDIDATE,0,0,0,0,16.2908527,132.11774,3.176,44.1,14.5,0.797,4.549,5425.0
8041216,K00237.01,CONFIRMED,0,0,0,0,8.508333104,134.785645,3.4559,646.5,93.4,1.03,4.396,5767.0
11824786,K02371.01,CONFIRMED,0,0,0,0,12.94123564,139.89901,4.636,328.8,22.1,0.938,4.497,6119.0
12254909,K02372.01,CONFIRMED,0,0,0,0,5.349791,133.8836,4.279,88.8,23.3,1.183,4.368,6074.0
9364290,K02374.01,CONFIRMED,0,0,0,0,5.26211833,136.37566,3.244,194.5,20.3,1.309,4.188,5587.0
9364290,K02374.02,CONFIRMED,0,0,0,0,12.1628195,137.52402,2.3161,306.3,15.2,1.309,4.188,5587.0
11403339,K02143.01,CONFIRMED,0,0,0,0,4.79029482,134.95277,2.7219,142.0,23.1,0.843,4.562,5412.0
8381204,K02145.01,CONFIRMED,0,0,0,0,8.32651854,135.58655,5.483,267.9,27.2,1.0,4.45,6057.0
12058204,K02218.01,CONFIRMED,0,0,0,0,5.53533152,132.76087,2.793,260.6,27.5,1.1,4.331,5588.0
12058204,K02218.02,CONFIRMED,0,0,0,0,16.7261969,143.74673,2.708,194.9,11.6,1.1,4.331,5588.0
5357545,K02219.01,CONFIRMED,0,0,0,0,3.757294695,133.95965,0.9269,273.3,23.4,0.716,4.618,4901.0
6871071,K02220.01,CONFIRMED,0,0,0,0,3.2828024,131.89965,3.2532,142.5,24.4,1.515,4.087,5640.0
5342473,K02297.01,CONFIRMED,0,0,0,0,4.64495172,136.02095,3.366,147.4,19.8,1.129,4.343,6047.0
9334893,K02298.01,CANDIDATE,0,0,0,0,16.6671415,141.76551,3.526,175.0,17.9,0.525,4.726,4729.0
9963265,K02299.01,CONFIRMED,0,0,0,0,16.48686712,139.20338,1.431,987.9,22.1,1.071,4.447,6090.0
10583761,K02300.01,CONFIRMED,0,0,0,0,2.685054445,132.60443,1.0473,252.7,28.9,0.829,4.484,5266.0
7542813,K02302.01,CONFIRMED,0,0,0,0,16.8600805,139.84916,5.557,273.4,22.4,0.973,4.419,6205.0
12058147,K02072.01,CONFIRMED,0,0,0,0,1.54320541,131.5554,2.5779,91.2,35.2,1.282,4.2,5866.0
8164257,K02073.02,CONFIRMED,0,0,0,0,6.47539108,137.5825,2.7048,530.6,28.1,0.828,4.5,4954.0
8164257,K02073.03,CONFIRMED,0,0,0,0,16.85825609,142.34289,2.0728,759.6,21.8,0.828,4.5,4954.0
10593759,K00025.01,FALSE POSITIVE,0,1,0,0,3.132604547,136.010454,3.6337,9969.2,222.3,1.181,4.328,6248.0
6774537,K02146.01,CONFIRMED,0,0,0,0,2.949029106,133.13832,2.0311,358.3,29.3,0.807,4.512,4983.0
5959753,K00226.01,CONFIRMED,0,0,0,0,8.30865307,138.10788,3.2747,836.1,74.3,0.849,4.485,5022.0
6021193,K02148.01,CONFIRMED,0,0,0,0,11.93205399,142.10648,6.205,178.5,32.3,1.391,4.221,5711.0
6021193,K02148.02,CONFIRMED,0,0,0,0,7.54235832,132.96117,4.73,132.5,25.8,1.391,4.221,5711.0
6871071,K02220.02,CONFIRMED,0,0,0,0,5.02818253,134.10891,3.526,181.3,26.1,1.515,4.087,5640.0
6871071,K02220.03,CONFIRMED,0,0,0,0,1.897828815,132.6785,2.7114,132.4,27.2,1.515,4.087,5640.0
6287313,K02221.01,CONFIRMED,0,0,0,0,10.62788695,137.81843,4.576,326.7,22.6,1.014,4.445,6082.0
9278725,K02223.01,CONFIRMED,0,0,0,0,1.104462494,132.32134,1.0458,469.1,35.3,0.753,4.543,5002.0
4458082,K02303.01,CONFIRMED,0,0,0,0,4.89336495,133.6449,3.485,138.3,15.9,1.347,4.304,6688.0
8042453,K02304.01,CONFIRMED,0,0,0,0,11.17392077,134.70626,3.307,324.8,21.4,0.914,4.519,5911.0
6666233,K02306.01,FALSE POSITIVE,0,1,0,0,0.512407185,132.240449,1.0579,329.2,46.1,0.563,4.69,3862.0
7661065,K02307.01,FALSE POSITIVE,0,1,0,0,4.150297119,134.9355,1.2058,593.4,24.2,0.858,4.519,5290.0
3937519,K00221.02,CONFIRMED,0,0,0,0,5.89661966,134.03046,3.154,144.0,15.3,1.087,4.314,5392.0
10857519,K02075.01,CONFIRMED,0,0,0,0,2.053341891,134.51606,2.596,65.5,23.2,1.358,4.204,6084.0
9351316,K02078.01,CONFIRMED,0,0,0,0,18.78429232,137.88207,3.1136,1009.5,23.8,0.641,4.637,4243.0
6021193,K02148.03,CONFIRMED,0,0,0,0,3.61460279,134.69521,3.227,64.8,14.9,1.391,4.221,5711.0
10617017,K02149.01,CONFIRMED,0,0,0,0,13.15140223,144.16237,5.439,97.8,25.5,1.636,4.12,6154.0
3229150,K02150.01,CONFIRMED,0,0,0,0,18.5084526,131.54555,6.596,758.9,30.1,0.938,4.506,5942.0
7989422,K02151.01,FALSE POSITIVE,0,1,1,0,7.47763833,133.40976,2.5693,110.0,26.2,1.953,3.849,5957.0
8892157,K02224.01,CONFIRMED,0,0,0,0,3.73090026,132.89428,2.9095,191.2,24.0,0.95,4.489,5709.0
11569782,K02225.01,CONFIRMED,0,0,0,0,2.787874175,133.90417,2.0348,197.4,22.2,1.727,3.942,4827.0
11520459,K02226.01,CANDIDATE,0,0,0,0,8.46354384,134.35341,1.4078,792.2,26.1,0.887,4.495,5427.0
7219825,K00238.01,CONFIRMED,0,0,0,0,17.23232894,135.0922,4.5568,509.8,64.1,1.216,4.274,6086.0
11718144,K02310.01,CONFIRMED,0,0,0,0,16.4581861,134.01969,1.9637,435.8,22.4,0.884,4.521,5475.0
9473078,K02079.01,CONFIRMED,0,0,0,0,0.693842661,132.18157,1.6197,49.3,28.9,1.196,4.239,5457.0
2853780,K02081.01,CANDIDATE,0,0,0,0,6.2141496,132.25182,10.141,183.4,53.4,3.152,3.617,5295.0
12505076,K02154.01,CONFIRMED,0,0,0,0,11.92979348,136.66919,6.152,709.3,27.8,0.921,4.517,5831.0
6185476,K00227.01,CANDIDATE,0,0,0,0,17.65737838,136.585509,3.509,2155.7,117.2,0.47,4.784,3745.0
12116380,K02155.01,CONFIRMED,0,0,0,0,4.3394569,132.80309,2.3652,337.4,31.6,1.013,4.366,5330.0
2556650,K02156.01,CONFIRMED,0,0,0,0,2.852348262,132.044534,0.7051,1402.9,33.3,0.433,4.83,3731.0
4473226,K02229.01,CONFIRMED,0,0,0,0,14.83340944,135.44213,3.927,783.0,19.1,0.904,4.471,5570.0
8914779,K02230.01,FALSE POSITIVE,0,0,1,0,0.987338654,131.88155,2.591,26.5,25.0,1.896,3.939,6258.0
8963721,K02233.01,FALSE POSITIVE,0,0,1,1,1.811460943,132.93207,5.065,428.5,83.9,1.008,4.382,5700.0
10132832,K02313.01,CONFIRMED,0,0,0,0,16.07673148,143.39091,2.205,488.0,19.3,0.971,4.498,5957.0
3219995,K02314.01,CONFIRMED,0,0,0,0,18.87058705,143.95639,3.4701,588.0,28.5,0.949,4.496,6103.0
7504778,K02316.01,CONFIRMED,0,0,0,0,17.1369408,141.01497,6.416,362.1,25.4,1.077,4.421,6218.0
7097965,K02083.01,CONFIRMED,0,0,0,0,7.72085047,136.563,1.8264,267.0,25.0,1.177,4.29,5887.0
4249725,K00222.01,CONFIRMED,0,0,0,0,6.312508525,132.654418,2.7455,1286.0,112.5,0.571,4.696,4090.0
3967326,K02084.01,CONFIRMED,0,0,0,0,4.19577385,135.17605,2.1557,874.2,23.3,1.005,4.378,5229.0
6768394,K02086.01,CONFIRMED,0,0,0,0,7.1329472,135.99259,4.368,145.0,27.2,1.307,4.194,5862.0
6768394,K02086.02,CONFIRMED,0,0,0,0,8.91901228,140.0777,4.141,180.6,29.6,1.307,4.194,5862.0
5211199,K02158.01,CONFIRMED,0,0,0,0,4.5620407,132.64295,2.8521,81.6,22.8,2.506,3.764,5343.0
8804455,K02159.01,CANDIDATE,0,0,0,0,7.5966998,131.95296,3.667,127.5,24.5,1.091,4.343,5716.0
8804455,K02159.02,FALSE POSITIVE,0,0,1,0,2.392630668,133.7861,1.3705,101.5,20.5,1.091,4.343,5716.0
5546761,K02160.01,CONFIRMED,0,0,0,0,17.6700291,131.60103,6.693,348.4,25.0,1.247,4.265,5795.0
10723367,K02236.01,CONFIRMED,0,0,0,0,19.9865916,135.52265,4.391,648.0,21.8,1.238,4.218,5500.0
10723367,K02236.02,CONFIRMED,0,0,0,0,12.12580644,142.10763,3.289,327.5,14.0,1.238,4.218,5500.0
8229458,K02238.01,CONFIRMED,0,0,0,0,1.646801683,132.0615,1.1966,284.2,25.2,0.513,4.753,3810.0
10684670,K02317.01,CONFIRMED,0,0,0,0,3.78861833,134.61419,2.808,143.4,18.2,1.04,4.379,5560.0
11495458,K02318.01,CONFIRMED,0,0,0,0,10.45839865,137.65416,3.154,306.8,18.6,0.747,4.557,4641.0
7746958,K02324.01,CANDIDATE,0,0,0,0,1.204686597,131.90556,0.823,233.2,10.8,1.0,4.438,5780.0
6768394,K02086.03,CONFIRMED,0,0,0,0,11.8984948,133.34685,3.015,130.9,15.9,1.307,4.194,5862.0
11348997,K02090.01,CONFIRMED,0,0,0,0,5.132486123,132.15985,1.4575,908.4,35.4,0.578,4.707,3879.0
5705819,K02091.01,CONFIRMED,0,0,0,0,8.77997349,138.48383,3.2201,755.7,32.7,0.764,4.597,5191.0
11358389,K02163.01,CONFIRMED,0,0,0,0,10.66489514,132.00872,3.159,292.6,25.3,1.021,4.436,6014.0
7204981,K02164.01,CONFIRMED,0,0,0,0,5.1233204,132.08472,2.7466,286.2,25.1,0.982,4.394,5364.0
3847907,K00229.01,CONFIRMED,0,0,0,0,3.573202801,134.934397,2.88,2975.0,362.1,1.08,4.37,5646.0
5125347,K02241.01,CONFIRMED,0,0,0,0,7.16520428,132.96921,1.705,433.8,17.6,1.103,4.417,6174.0
9336200,K02242.01,CONFIRMED,0,0,0,0,1.755843555,133.15509,1.9425,386.0,25.1,0.829,4.566,5569.0
4770617,K02243.01,CONFIRMED,0,0,0,0,5.18560081,132.32455,4.054,252.6,27.6,1.471,4.198,6172.0
9458343,K02246.01,CONFIRMED,0,0,0,0,11.89520436,132.8908,3.433,184.3,22.3,0.992,4.411,5649.0
7120108,K02325.01,CONFIRMED,0,0,0,0,1.025857984,131.655621,0.8069,270.7,36.0,0.847,4.501,5123.0
10730703,K02327.01,CONFIRMED,0,0,0,0,5.60013327,135.96495,2.6508,329.2,22.8,0.978,4.391,5288.0
11192235,K02329.01,CONFIRMED,0,0,0,0,1.615357809,132.7846,1.1435,499.6,31.2,0.486,4.755,3821.0
6383785,K00239.01,CONFIRMED,0,0,0,0,5.640676975,138.556259,2.8354,1453.3,145.9,1.216,4.282,5794.0
6525946,K02093.01,CANDIDATE,0,0,0,0,6.78341325,136.10468,3.5437,501.2,35.3,8.769,2.435,5096.0
4249725,K00222.02,CONFIRMED,0,0,0,0,12.7945474,130.7668,3.4197,816.7,54.1,0.571,4.696,4090.0
7918992,K02095.01,CONFIRMED,0,0,0,0,1.434745129,132.62802,1.862,200.7,28.4,1.064,4.4,5806.0
11308499,K02168.01,CONFIRMED,0,0,0,0,3.28192056,132.42485,2.917,191.0,24.5,1.162,4.335,5859.0
11308499,K02168.02,CONFIRMED,0,0,0,0,12.51610549,135.03333,4.853,263.0,22.6,1.162,4.335,5859.0
9006186,K02169.01,CONFIRMED,0,0,0,0,5.45298742,134.15183,2.1328,86.0,21.0,0.842,4.563,5450.0
9006186,K02169.02,CONFIRMED,0,0,0,0,3.26662733,136.08452,2.056,59.9,18.6,0.842,4.563,5450.0
7802719,K02247.01,CONFIRMED,0,0,0,0,4.45743267,132.16006,2.3226,175.7,20.8,0.612,4.644,4487.0
11030475,K02248.01,CONFIRMED,0,0,0,0,2.81814715,132.25336,1.763,278.6,16.5,0.787,4.555,5167.0
11030475,K02248.03,CANDIDATE,0,0,0,0,0.76196247,132.78371,1.282,190.2,18.3,0.787,4.555,5167.0
5023956,K00233.01,FALSE POSITIVE,0,1,1,1,1.824649,147.482662,4.2285,3218.5,184.3,0.793,4.487,6190.0
12401863,K02331.01,CONFIRMED,0,0,0,0,2.832647249,131.82642,2.306,114.7,27.5,1.272,4.266,5865.0
5534941,K02332.01,CONFIRMED,0,0,0,0,3.70063251,133.16065,5.408,68.6,29.8,1.404,4.105,5423.0
11121752,K02333.01,CONFIRMED,0,0,0,0,3.93083997,135.19393,2.932,101.4,22.0,1.191,4.284,6038.0
11121752,K02333.02,CONFIRMED,0,0,0,0,7.63008196,137.07948,2.78,124.0,18.6,1.191,4.284,6038.0
2990873,K02335.01,CONFIRMED,0,0,0,0,16.22378479,136.02454,2.5462,262.3,20.6,0.925,4.46,5547.0
9307509,K02096.01,CONFIRMED,0,0,0,0,9.76293284,139.15802,3.064,553.2,23.6,0.816,4.503,5052.0
6047072,K02100.01,CONFIRMED,0,0,0,0,4.27103727,133.14028,2.2759,180.4,24.6,0.906,4.521,5984.0
9006186,K02169.03,CONFIRMED,0,0,0,0,4.27226421,133.21863,2.113,48.9,13.7,0.842,4.563,5450.0
11410904,K02171.01,CONFIRMED,0,0,0,0,3.53232429,134.74727,2.765,224.2,12.8,0.956,4.492,5761.0
5021737,K00026.01,FALSE POSITIVE,0,1,1,1,15.03946326,144.137461,5.1008,5237.7,181.6,1.441,4.212,6501.0
3862246,K00230.01,FALSE POSITIVE,0,1,0,0,4.702495974,136.308468,2.3421,4787.3,101.1,0.878,4.476,5408.0
4173026,K02172.01,CONFIRMED,0,0,0,0,10.44087398,137.97113,3.743,821.5,22.2,0.981,4.426,5738.0
10471621,K02554.02,CANDIDATE,0,0,0,0,10.27127527,135.17631,3.029,343.5,17.5,0.511,4.732,4405.0
5350244,K02555.01,CONFIRMED,0,0,0,0,12.5722897,143.0663,4.765,86.5,12.4,1.169,4.319,6084.0
10925113,K02557.01,FALSE POSITIVE,0,0,1,1,11.7761073,142.70558,2.829,281.3,15.1,0.689,4.618,5096.0
1995519,K02634.01,CONFIRMED,0,0,0,0,19.9401211,142.34849,4.283,758.9,18.0,0.763,4.596,5623.0
6198182,K02636.01,CONFIRMED,0,0,0,0,3.88148385,135.12314,2.679,36.3,11.9,0.979,4.469,5854.0
10024051,K02409.01,CONFIRMED,0,0,0,0,0.577369336,132.425795,1.0852,400.4,68.3,0.716,4.617,5255.0
4349452,K00244.01,CONFIRMED,0,0,0,0,12.720370263,178.528297,2.7306,1180.1,485.5,1.258,4.28,6267.0
8073806,K02411.01,CONFIRMED,0,0,0,0,11.96407399,133.15804,4.526,784.2,22.9,0.961,4.437,5903.0
10419312,K02412.01,FALSE POSITIVE,0,0,1,0,2.493237866,132.63633,2.644,259.2,20.7,4.131,3.344,5002.0
3234598,K02413.01,CONFIRMED,0,0,0,0,12.90467523,144.32009,3.28,412.4,21.2,0.722,4.574,4513.0
11125613,K02485.01,CONFIRMED,0,0,0,0,9.99115241,134.39335,2.657,391.7,16.7,0.796,4.524,4838.0
8074328,K02486.01,CANDIDATE,0,0,0,0,4.267961416,134.07063,1.3427,127.4,24.6,1.237,4.275,6395.0
6956014,K00031.01,FALSE POSITIVE,0,1,0,0,0.925589891,169.69275,1.967,400.8,20.6,24.488,1.627,4094.0
9757613,K00250.02,CONFIRMED,0,0,0,0,17.25121397,149.886479,2.0371,2054.8,68.6,0.537,4.708,3879.0
5307858,K02558.01,FALSE POSITIVE,1,0,1,0,1.867281146,132.07744,7.495,701.1,58.5,1.025,4.457,6117.0
6605493,K02559.01,CONFIRMED,0,0,0,0,9.30991834,136.39785,3.455,114.5,19.2,1.101,4.353,5806.0
4670217,K02560.01,CANDIDATE,0,0,0,0,18.1209388,134.17616,3.781,504.2,15.8,0.774,4.536,4905.0
7259298,K02561.01,CONFIRMED,0,0,0,0,3.23941775,133.98383,2.569,77.4,17.2,0.858,4.541,6075.0
9574179,K02637.01,CANDIDATE,0,0,0,0,3.98864999,134.8296,3.516,94.2,12.4,1.188,4.288,5692.0
6211812,K02638.01,CONFIRMED,0,0,0,0,2.524017517,133.85946,1.1968,303.0,19.8,0.871,4.487,5420.0
8894646,K02641.01,CANDIDATE,0,0,0,0,3.55557922,132.75203,3.24,60.4,15.5,1.082,4.337,5839.0
5621586,K02415.01,CONFIRMED,0,0,0,0,5.25419589,133.72952,2.9878,461.8,26.1,0.987,4.472,6123.0
11852982,K00247.01,CONFIRMED,0,0,0,0,13.81504449,181.12621,2.3244,1032.6,46.7,0.509,4.736,3732.0
8559152,K02488.01,CONFIRMED,0,0,0,0,12.4128518,140.35679,4.298,108.1,19.4,1.346,4.196,5945.0
2718778,K02489.01,CONFIRMED,0,0,0,0,3.92453009,132.40179,3.691,463.5,25.3,0.849,4.554,5776.0
3122913,K02490.01,CONFIRMED,0,0,0,0,11.60653061,134.41637,2.194,771.7,17.8,0.701,4.582,4703.0
9229657,K02491.01,CONFIRMED,0,0,0,0,2.66831274,131.68823,2.4141,266.2,23.3,0.899,4.528,5806.0
10415227,K02562.01,FALSE POSITIVE,0,0,1,0,2.9322509,133.7648,2.931,181.2,13.1,0.966,4.487,6106.0
12216278,K02565.01,FALSE POSITIVE,0,0,1,0,2.01948607,132.9238,5.248,275.4,27.9,0.944,4.481,5884.0
9159242,K02566.01,FALSE POSITIVE,0,0,1,1,3.04468229,132.464,5.951,71.4,22.2,0.98,4.363,5575.0
12061096,K02642.01,FALSE POSITIVE,0,0,1,0,15.05028313,141.53522,1.848,615.2,13.4,0.989,4.49,5887.0
5794240,K00254.01,CONFIRMED,0,0,0,0,2.455240626,170.821762,1.72722,36911.9,1341.6,0.568,4.697,3793.0
6933567,K02643.01,CONFIRMED,0,0,0,0,9.08233411,139.65489,2.008,296.9,15.8,0.788,4.587,5354.0
9993529,K02644.01,FALSE POSITIVE,0,0,1,0,0.790539912,131.87702,1.0567,277.3,31.5,0.767,4.541,4791.0
11303815,K02645.01,FALSE POSITIVE,0,0,1,1,1.705782214,133.15607,1.007,278.0,11.5,1.009,4.38,5387.0
6044553,K02646.01,FALSE POSITIVE,1,0,1,0,0.532086296,131.9134,4.023,495.8,85.2,0.698,4.636,5271.0
4349452,K00244.02,CONFIRMED,0,0,0,0,6.238535444,171.706325,3.5255,401.6,274.5,1.258,4.28,6267.0
6343170,K02419.01,CONFIRMED,0,0,0,0,9.95667035,136.5827,3.534,586.8,16.8,1.115,4.365,6165.0
7107802,K02420.01,CONFIRMED,0,0,0,0,10.41728722,137.45784,4.125,210.4,20.3,1.151,4.288,5557.0
11752632,K02492.01,CONFIRMED,0,0,0,0,0.984941669,133.31801,1.9724,81.4,22.9,1.662,4.046,5825.0
10028535,K02493.01,CONFIRMED,0,0,0,0,0.663085361,131.97961,1.1522,322.7,35.3,0.767,4.6,5172.0
7047207,K02494.01,CONFIRMED,0,0,0,0,19.1187425,138.42824,6.805,217.5,20.5,1.463,4.148,5862.0
5212220,K02495.01,FALSE POSITIVE,0,0,1,0,1.08749101,131.77034,1.6192,126.4,33.5,3.204,3.594,5988.0
9964748,K02496.01,FALSE POSITIVE,0,0,1,0,1.183818383,131.88403,1.393,84.3,12.7,0.992,4.459,6014.0
9842937,K02567.01,FALSE POSITIVE,0,0,1,1,4.98845099,133.74684,7.453,193.9,23.3,0.961,4.411,5695.0
9757613,K00250.03,CONFIRMED,0,0,0,0,3.543919702,136.26075,1.8717,507.0,38.2,0.537,4.708,3879.0
8247770,K02569.01,CANDIDATE,0,0,0,0,8.28157072,136.25775,3.1,139.2,12.9,1.175,4.288,5640.0
6867588,K02571.01,CANDIDATE,0,0,0,0,0.82628442,132.26993,0.9603,134.9,25.6,0.829,4.548,5218.0
7501646,K02572.01,CANDIDATE,0,0,0,0,6.37705295,136.91384,1.949,502.8,17.9,0.965,4.503,5672.0
11962284,K02647.01,CONFIRMED,0,0,0,0,8.83929462,135.54125,1.719,316.2,14.8,0.87,4.491,5330.0
2573056,K02648.01,FALSE POSITIVE,0,1,1,0,0.631795416,132.53963,1.0703,145.2,24.7,1.519,4.173,6414.0
6842682,K02649.01,CONFIRMED,0,0,0,0,7.56126152,135.6368,2.851,180.6,15.7,0.895,4.529,5853.0
8890150,K02650.02,CONFIRMED,0,0,0,0,7.05429483,136.18961,1.716,359.3,11.2,0.521,4.725,3765.0
8838950,K02421.01,CANDIDATE,0,0,0,0,2.27050106,133.54216,1.903,106.7,15.9,0.528,4.721,4671.0
12453581,K02424.01,CONFIRMED,0,0,0,0,11.94019101,136.55603,2.866,631.7,15.6,0.748,4.607,5073.0
11922678,K02425.01,FALSE POSITIVE,0,0,1,1,3.51295674,133.78198,3.06,83.1,22.5,1.17,4.326,6453.0
5364071,K00248.01,CONFIRMED,0,0,0,0,7.203855862,170.285731,2.5418,1765.9,101.1,0.539,4.708,3834.0
5959719,K02498.01,CONFIRMED,0,0,0,0,6.73808701,133.32953,2.591,92.9,14.4,0.769,4.566,5168.0
5544903,K02499.01,FALSE POSITIVE,0,0,1,0,7.57571414,138.2166,2.357,418.5,12.8,1.171,4.395,6418.0
5542983,K02501.01,FALSE POSITIVE,0,1,1,0,4.76887671,132.09888,1.672,115.8,20.0,1.855,3.926,6063.0
8256453,K02573.01,FALSE POSITIVE,0,1,0,0,1.347512632,132.127858,1.9817,2651.8,88.7,0.685,4.585,5316.0
9474493,K02574.01,FALSE POSITIVE,0,0,1,1,0.512581697,132.80609,1.5789,259.1,45.2,0.82,4.571,5547.0
4551663,K02576.01,FALSE POSITIVE,0,0,1,0,12.07760884,140.46287,2.233,151.0,14.0,0.845,4.471,5370.0
12257999,K02577.01,CANDIDATE,0,0,0,0,18.55581565,132.07105,5.372,565.9,33.2,8.841,2.982,5988.0
6922203,K02578.01,CANDIDATE,0,0,0,0,13.33094869,133.78632,1.426,725.6,17.1,1.039,4.394,5991.0
11752908,K02651.01,FALSE POSITIVE,0,0,0,1,6.38315744,132.30539,1.7075,1112.6,23.8,0.714,4.623,5262.0
4346178,K02652.01,CONFIRMED,0,0,0,0,16.1289679,143.75518,6.271,389.0,21.3,1.087,4.314,5392.0
9664142,K02654.01,CONFIRMED,0,0,0,0,13.5631157,140.65364,5.438,336.4,15.4,0.895,4.529,5853.0
10018233,K02655.01,CONFIRMED,0,0,0,0,16.2959916,133.90784,2.116,369.6,15.7,0.961,4.442,5495.0
8081899,K02426.01,CONFIRMED,0,0,0,0,4.16056658,132.27418,2.61,75.8,16.3,0.815,4.574,5481.0
10189557,K02427.01,FALSE POSITIVE,0,0,1,0,2.93101771,131.92959,2.231,199.1,15.0,0.788,4.5,5485.0
9965184,K02428.01,FALSE POSITIVE,0,1,1,1,16.2276756,136.62586,3.699,525.8,20.5,0.883,4.447,5328.0
9911882,K02429.01,FALSE POSITIVE,0,0,1,0,1.595630597,136.13782,1.793,259.6,18.3,0.729,4.616,5632.0
8631504,K02503.01,CONFIRMED,0,0,0,0,14.8200596,133.39933,3.902,184.9,21.9,0.732,4.603,4825.0
5471574,K02505.01,FALSE POSITIVE,0,1,1,1,0.962827066,132.20517,4.48,86.3,28.7,3.028,3.647,6534.0
6767840,K02506.01,CONFIRMED,0,0,0,0,8.679037,140.90423,2.864,301.6,19.9,1.027,4.42,6117.0
8379705,K02507.01,CONFIRMED,0,0,0,0,11.1296971,138.57573,2.942,371.0,14.7,0.964,4.487,6122.0
9896018,K02579.01,CONFIRMED,0,0,0,0,2.7296036,133.28661,2.721,145.6,18.4,1.235,4.292,5887.0
11037511,K02580.01,CONFIRMED,0,0,0,0,3.11604194,133.84988,1.7763,345.2,18.8,0.86,4.559,5591.0
11818872,K02581.01,CONFIRMED,0,0,0,0,12.7372371,136.0162,3.358,100.8,12.9,0.868,4.502,5420.0
5513012,K02668.01,CONFIRMED,0,0,0,0,0.679336747,132.856178,1.2188,240.7,36.7,0.913,4.491,5440.0
3533469,K02430.01,FALSE POSITIVE,0,0,1,0,10.21507506,133.64546,3.395,258.6,17.4,0.95,4.433,5406.0
11968463,K02433.01,CONFIRMED,0,0,0,0,15.1622287,144.474,7.332,479.8,28.5,1.112,4.409,6325.0
11968463,K02433.02,CONFIRMED,0,0,0,0,10.04378351,353.61859,5.548,437.9,28.8,1.112,4.409,6325.0
8836888,K02508.01,CANDIDATE,0,0,0,0,7.10397925,136.33096,1.5398,370.5,16.8,0.789,4.584,5488.0
9880190,K02509.01,CONFIRMED,0,0,0,0,4.5513988,133.05954,2.457,188.7,19.4,0.84,4.491,5009.0
5364071,K00248.02,CONFIRMED,0,0,0,0,10.91274065,169.85247,2.1801,1387.2,57.4,0.539,4.708,3834.0
5392702,K02510.01,FALSE POSITIVE,0,0,1,0,12.2141545,141.3677,10.262,535.8,24.7,0.824,4.578,5435.0
8429566,K02511.01,FALSE POSITIVE,0,1,1,0,3.732261,131.93795,2.054,153.6,15.7,0.867,4.495,5762.0
10387742,K02583.01,CONFIRMED,0,0,0,0,3.03267135,134.0668,1.774,42.4,15.6,0.921,4.492,5640.0
7673841,K02585.01,CONFIRMED,0,0,0,0,5.34182466,136.3186,3.577,70.5,19.2,1.135,4.287,5767.0
9827149,K02586.01,CONFIRMED,0,0,0,0,2.131945045,133.65547,1.8061,269.4,22.9,1.013,4.469,5845.0
5546691,K02587.01,CONFIRMED,0,0,0,0,12.9462567,139.4165,9.568,168.7,15.7,0.867,4.54,6058.0
12156347,K02588.01,CONFIRMED,0,0,0,0,5.77957133,136.53014,2.5213,396.6,18.9,0.581,4.687,4102.0
8636539,K02656.01,CANDIDATE,0,0,0,0,6.77367892,138.07568,3.579,150.7,15.1,1.072,4.425,6392.0
9283156,K02657.01,CANDIDATE,0,0,0,0,5.22402436,132.85379,2.608,48.1,15.1,0.84,4.512,5487.0
8547429,K02658.01,CONFIRMED,0,0,0,0,11.6601667,140.62189,5.882,181.0,20.4,1.083,4.381,5791.0
9893318,K02660.01,CONFIRMED,0,0,0,0,18.0161227,145.24169,4.016,499.5,16.7,1.065,4.406,6245.0
5097868,K02435.01,FALSE POSITIVE,0,0,1,0,6.80243431,132.40355,3.817,249.1,14.9,0.816,4.561,5836.0
5036705,K02437.01,CONFIRMED,0,0,0,0,4.14789051,135.53291,3.829,137.6,16.4,1.417,4.223,6150.0
9574158,K02512.01,CANDIDATE,0,0,0,0,15.92108138,147.0537,1.5443,716.8,16.1,0.82,4.57,5595.0
9653622,K02513.01,CONFIRMED,0,0,0,0,19.0054098,144.15574,1.843,542.4,20.2,1.036,4.423,6347.0
4391348,K02514.01,FALSE POSITIVE,0,0,1,0,1.96433113,131.65195,2.381,139.1,14.2,1.121,4.405,6306.0
7294743,K02516.01,CANDIDATE,0,0,0,0,2.81043228,133.40821,3.874,47.4,17.8,2.079,3.868,5415.0
8947520,K02517.01,CONFIRMED,0,0,0,0,0.968527683,131.50954,1.3672,114.6,16.9,0.886,4.538,5580.0
10468885,K02589.01,CONFIRMED,0,0,0,0,0.664074145,133.40285,1.0925,212.6,20.9,0.797,4.585,5178.0
12016267,K02590.01,FALSE POSITIVE,0,0,0,0,11.7489907,135.68045,4.043,36.7,12.5,1.655,4.081,6440.0
3861595,K00004.01,CONFIRMED,0,0,0,0,3.849371737,157.526686,2.632,1298.6,132.7,2.992,3.657,6244.0
10489206,K00251.01,CONFIRMED,0,0,0,0,4.164384505,171.087935,1.8464,2338.0,132.1,0.508,4.754,3808.0
3426367,K02662.01,CONFIRMED,0,0,0,0,2.10433534,133.31612,1.1168,242.1,20.7,0.433,4.837,3605.0
11548140,K00256.01,FALSE POSITIVE,0,1,0,0,1.378649746,169.780113,1.2232,22462.0,172.2,0.439,4.82,3440.0
12110786,K02665.01,FALSE POSITIVE,0,0,1,0,1.112207126,131.8505,1.35,54.7,13.0,0.972,4.486,6046.0
3654095,K02667.01,FALSE POSITIVE,0,0,1,0,1.303576682,133.0758,1.021,245.5,22.1,0.955,4.494,6045.0
5078939,K02438.01,FALSE POSITIVE,0,1,1,0,1.958577398,132.26115,2.388,453.0,24.5,0.816,4.568,5402.0
6867555,K02439.01,CONFIRMED,0,0,0,0,5.19103699,135.21628,4.222,290.1,25.2,1.125,4.417,6321.0
5339567,K02440.01,CONFIRMED,0,0,0,0,4.86638504,134.01501,2.296,143.8,17.1,1.111,4.333,5688.0
4459924,K02441.01,FALSE POSITIVE,0,0,1,0,4.79176993,134.03502,4.52,116.6,23.0,0.756,4.536,5138.0
5529738,K02518.01,FALSE POSITIVE,0,0,0,1,0.759762021,131.79506,4.912,227.0,65.3,1.123,4.402,6386.0
4047631,K02519.01,CANDIDATE,0,0,0,0,4.790912471,132.01539,0.5134,360.7,17.6,0.676,4.601,4359.0
10059645,K02520.01,CONFIRMED,0,0,0,0,6.49441464,132.25189,2.344,357.3,17.7,0.742,4.557,4769.0
5364071,K00248.03,CONFIRMED,0,0,0,0,2.576571021,172.126911,1.5997,852.8,63.6,0.539,4.708,3834.0
8212002,K02593.01,CONFIRMED,0,0,0,0,14.7966306,142.74484,5.613,56.1,22.4,1.307,4.299,6175.0
8004903,K02594.01,CONFIRMED,0,0,0,0,11.25401871,136.8901,4.759,433.4,17.0,1.118,4.351,5995.0
8883329,K02595.01,CONFIRMED,0,0,0,0,9.18244299,134.04601,4.318,87.6,20.3,1.314,4.242,6194.0
8883329,K02595.02,CONFIRMED,0,0,0,0,14.6134781,140.41368,5.266,72.8,15.2,1.314,4.242,6194.0
5514383,K00257.01,CONFIRMED,0,0,0,0,6.88341278,172.66227,2.0674,487.4,35.4,1.193,4.359,6139.0
10747445,K02673.01,FALSE POSITIVE,0,1,0,0,4.593595496,134.88971,2.7468,45034.0,92.0,0.884,4.538,5717.0
8022489,K02674.02,CONFIRMED,0,0,0,0,11.1726723,140.00764,6.106,76.8,17.0,1.674,4.004,5616.0
8022489,K02674.03,CONFIRMED,0,0,0,0,2.53573284,133.01581,3.989,68.0,25.5,1.674,4.004,5616.0
9209624,K02443.01,CONFIRMED,0,0,0,0,6.79164656,136.48519,3.343,102.6,18.5,1.003,4.351,5772.0
9209624,K02443.02,CONFIRMED,0,0,0,0,11.8376933,142.21212,3.381,92.9,12.7,1.003,4.351,5772.0
3354846,K02444.01,CONFIRMED,0,0,0,0,18.5525162,135.51322,4.385,771.5,17.2,0.829,4.566,5569.0
3946023,K02447.01,FALSE POSITIVE,0,1,1,0,1.045492348,132.27517,2.933,28.7,21.7,1.457,4.088,6057.0
7183745,K02521.02,CONFIRMED,0,0,0,0,4.86634094,353.34131,1.885,366.7,15.2,0.831,4.497,4996.0
9177629,K02522.01,CONFIRMED,0,0,0,0,5.60402307,133.82508,1.0273,224.9,20.6,0.737,4.581,4847.0
7778767,K02523.01,CONFIRMED,0,0,0,0,13.0313583,144.11544,4.521,573.3,18.9,1.071,4.345,5514.0
12120307,K02597.01,CONFIRMED,0,0,0,0,8.00504749,138.71228,3.32,187.5,15.6,1.101,4.411,6398.0
12120307,K02597.02,CONFIRMED,0,0,0,0,12.13070414,139.89855,3.843,211.2,15.3,1.101,4.411,6398.0
12120307,K02597.03,CONFIRMED,0,0,0,0,5.61357653,131.81669,2.905,162.3,15.2,1.101,4.411,6398.0
9777251,K02600.01,FALSE POSITIVE,0,0,1,1,1.33255087,132.059,3.565,123.3,14.0,1.054,4.347,5774.0
11701407,K02376.01,CONFIRMED,0,0,0,0,18.8262877,134.70322,2.344,795.8,19.9,0.845,4.481,5215.0
5906426,K02377.01,CANDIDATE,0,0,0,0,13.9034057,143.52317,3.408,261.4,15.3,0.819,4.523,5261.0
11288051,K00241.03,CONFIRMED,0,0,0,0,3.41045981,131.58062,2.866,136.2,22.5,0.651,4.66,4983.0
10813132,K02378.01,CONFIRMED,0,0,0,0,4.76702759,132.69368,2.013,163.4,14.3,0.937,4.43,5629.0
5857540,K02448.01,CONFIRMED,0,0,0,0,13.62801048,135.45073,3.5374,912.8,26.7,0.855,4.48,5052.0
7289317,K02450.01,CONFIRMED,0,0,0,0,16.83203175,140.53041,4.031,326.0,21.6,1.008,4.4,5518.0
6500206,K02451.01,FALSE POSITIVE,0,1,0,0,13.37499553,142.38153,1.639,458.1,16.9,0.961,4.404,5263.0
5545815,K02452.01,FALSE POSITIVE,0,0,1,0,4.35370136,134.09426,1.913,168.9,12.2,0.985,4.382,5992.0
7879433,K02527.01,CONFIRMED,0,0,0,0,1.385787741,135.49119,1.6449,85.4,19.1,0.6,4.667,4239.0
9205907,K02528.01,CONFIRMED,0,0,0,0,12.02295362,136.20687,1.2667,778.6,20.1,0.879,4.535,5982.0
8463346,K02529.01,CONFIRMED,0,0,0,0,16.79716262,134.0417,3.83,1023.8,21.2,0.697,4.617,4652.0
5364071,K00248.04,CONFIRMED,0,0,0,0,18.59611518,141.26331,2.3052,813.8,27.6,0.539,4.708,3834.0
10489206,K00251.02,CONFIRMED,0,0,0,0,5.77440326,132.96695,1.768,245.3,11.8,0.508,4.754,3808.0
7531677,K02601.01,FALSE POSITIVE,0,0,1,0,2.622134451,131.87323,4.735,128.2,42.9,1.369,4.199,5864.0
10068659,K02602.01,CONFIRMED,0,0,0,0,11.47685263,139.63194,2.756,240.6,16.5,1.032,4.384,5550.0
9019191,K02604.01,CANDIDATE,0,0,0,0,14.43348326,143.60783,2.663,526.8,14.8,0.702,4.627,4915.0
3002478,K02380.01,CANDIDATE,0,0,0,0,6.35705314,135.47756,1.324,272.2,17.3,0.96,4.493,5982.0
4055774,K02381.01,FALSE POSITIVE,0,0,1,1,6.58738839,133.35768,4.758,258.5,15.7,0.822,4.564,5616.0
6670075,K02382.01,FALSE POSITIVE,0,1,1,0,0.759706632,131.7692,1.0896,39.7,21.6,2.094,4.101,8621.0
9395024,K02383.01,CONFIRMED,0,0,0,0,4.37033233,131.92696,2.845,177.8,17.7,1.182,4.282,5657.0
8631751,K02453.01,CANDIDATE,0,0,0,0,1.530515205,131.867506,0.5945,659.7,23.2,0.259,5.004,3462.0
11401822,K02454.01,FALSE POSITIVE,0,1,0,1,1.08070294,131.86686,3.363,145.6,17.6,0.813,4.539,5482.0
6507427,K02455.01,FALSE POSITIVE,0,0,0,1,4.74254518,133.13916,1.023,305.7,13.2,1.007,4.478,6046.0
5521300,K02456.01,FALSE POSITIVE,0,1,1,0,18.13559979,138.31557,2.019,452.7,16.4,1.038,4.448,6184.0
9753154,K02457.01,CONFIRMED,0,0,0,0,3.70429015,132.21478,3.37,55.7,15.9,1.927,3.958,6732.0
4172746,K02531.01,CANDIDATE,0,0,0,0,17.6997392,140.94958,2.76,752.7,19.8,0.742,4.583,4807.0
5174858,K02532.01,CONFIRMED,0,0,0,0,7.9709719,134.0507,1.2893,488.4,17.3,0.826,4.572,5237.0
11074835,K02533.01,CONFIRMED,0,0,0,0,6.03355539,137.121,10.049,89.5,26.1,3.588,3.356,4924.0
1996180,K02534.01,CONFIRMED,0,0,0,0,3.02558494,134.36744,3.0008,128.3,23.8,1.263,4.263,6123.0
10407221,K02605.01,FALSE POSITIVE,0,0,1,1,0.933746783,131.51962,4.255,417.5,62.8,0.663,4.61,4643.0
5991936,K02606.01,FALSE POSITIVE,0,0,1,0,6.09740316,133.32402,4.635,568.5,14.0,1.828,4.227,8828.0
5095635,K02607.01,CANDIDATE,0,0,0,0,0.754457729,134.983522,0.5891,248.2,31.1,1.193,4.25,5561.0
6269070,K02608.01,CONFIRMED,0,0,0,0,2.7612237,131.6081,3.681,66.8,14.2,2.232,3.897,6381.0
6705137,K02609.01,FALSE POSITIVE,0,0,1,1,5.59727625,131.86798,1.659,200.8,15.3,0.876,4.522,5796.0
4172013,K02386.01,CANDIDATE,0,0,0,0,16.2707207,145.097,5.707,468.0,13.0,1.244,4.315,6117.0
12254378,K02387.01,CONFIRMED,0,0,0,0,2.032319072,132.32157,1.6762,315.5,24.5,1.05,4.443,6156.0
4247791,K00028.01,FALSE POSITIVE,0,1,0,0,4.100870416,168.1460533,8.15361,123521.0,2619.2,1.51,4.118,5923.0
7604328,K02458.01,CONFIRMED,0,0,0,0,4.35407371,132.85695,2.427,277.1,19.0,0.909,4.421,5455.0
11236244,K02460.01,CONFIRMED,0,0,0,0,11.32269749,136.05511,3.517,311.0,16.0,0.642,4.624,4563.0
9837685,K02461.01,CONFIRMED,0,0,0,0,13.71218522,135.51875,2.437,786.7,22.6,0.831,4.562,5550.0
5042210,K02462.01,CONFIRMED,0,0,0,0,12.14684625,131.55623,6.197,70.7,27.1,1.963,3.927,5877.0
12454461,K02463.01,CONFIRMED,0,0,0,0,7.46718958,136.39348,3.633,75.7,18.8,1.169,4.399,6161.0
1996180,K02534.02,CANDIDATE,0,0,0,0,5.42204257,133.46021,2.952,79.1,10.7,1.263,4.263,6123.0
9390653,K00249.01,CONFIRMED,0,0,0,0,9.549277089,175.757183,1.5832,1826.9,112.2,0.369,4.899,3547.0
11187837,K00252.01,CONFIRMED,0,0,0,0,17.60461401,170.4984,3.716,2292.1,80.1,0.516,4.737,3744.0
8885673,K02611.01,FALSE POSITIVE,0,0,1,0,1.228721184,133.49967,1.041,465.6,26.4,0.764,4.542,4897.0
8025596,K02615.01,CONFIRMED,0,0,0,0,4.69505576,133.93643,3.058,240.0,15.9,0.959,4.494,5999.0
5956787,K02616.01,FALSE POSITIVE,0,1,1,1,0.569115976,132.01945,2.028,796.9,59.8,0.656,4.61,4788.0
3642741,K00242.01,FALSE POSITIVE,0,0,0,0,7.258450123,138.344691,5.7297,3714.7,288.6,0.92,4.513,5638.0
12071037,K02388.01,FALSE POSITIVE,0,0,1,1,6.0959841,135.0254,10.39,112.7,29.2,0.885,4.43,5826.0
10289119,K02390.01,CONFIRMED,0,0,0,0,16.10474503,135.01186,5.712,124.1,25.4,2.886,3.683,5822.0
7382313,K02392.01,CONFIRMED,0,0,0,0,7.42697378,133.099,3.206,205.2,15.4,0.982,4.434,5573.0
9887224,K02464.01,FALSE POSITIVE,0,0,1,0,0.874629873,132.25706,1.782,68.1,19.2,0.832,4.491,5099.0
7542369,K02465.01,FALSE POSITIVE,0,1,1,0,5.46091846,131.66849,1.781,172.0,21.2,0.93,4.465,6319.0
8544992,K02466.01,CONFIRMED,0,0,0,0,3.17323012,133.69979,1.9094,204.5,21.4,0.633,4.632,4500.0
8544992,K02466.02,CONFIRMED,0,0,0,0,13.2970695,140.94606,3.283,219.7,14.9,0.633,4.632,4500.0
11295426,K00246.01,CONFIRMED,0,0,0,0,5.398752862,173.858666,3.4303,346.5,289.6,1.198,4.279,5790.0
7289162,K02539.01,FALSE POSITIVE,0,0,1,1,5.26648126,131.6902,1.964,97.8,16.0,1.065,4.394,6204.0
3001885,K02540.01,FALSE POSITIVE,0,0,1,0,2.67596808,133.70492,2.021,420.6,17.5,0.795,4.53,4732.0
12306058,K02541.01,CONFIRMED,0,0,0,0,7.41683033,137.96389,7.274,72.6,20.6,3.324,3.45,4938.0
6183511,K02542.01,CONFIRMED,0,0,0,0,0.727331746,132.37007,0.8323,357.4,20.4,0.356,4.92,3460.0
12469800,K02543.01,CONFIRMED,0,0,0,0,1.302017467,131.93696,1.3692,290.5,21.4,0.816,4.508,4948.0
4915638,K02617.01,CONFIRMED,0,0,0,0,8.63050092,139.57438,3.144,325.8,14.9,0.764,4.599,5352.0
6351097,K02618.01,FALSE POSITIVE,0,0,1,0,12.49117388,136.31491,2.848,189.9,17.0,0.911,4.461,5753.0
8081905,K02619.01,CONFIRMED,0,0,0,0,3.27645723,131.97924,2.219,323.0,17.9,0.963,4.504,5812.0
11465950,K02620.01,CONFIRMED,0,0,0,0,16.0573291,132.39054,3.546,575.0,17.5,0.806,4.575,5644.0
9996632,K02621.01,FALSE POSITIVE,0,0,1,0,8.44326557,136.26748,3.353,359.5,19.0,1.023,4.468,6081.0
4665571,K02393.01,CONFIRMED,0,0,0,0,4.60300256,133.22313,2.6848,302.5,22.2,0.788,4.529,4821.0
4829935,K02395.01,FALSE POSITIVE,0,0,1,0,16.9329284,132.15407,1.218,488.3,20.4,1.095,4.417,6310.0
9269042,K02397.01,CONFIRMED,0,0,0,0,12.00089667,142.04182,3.266,420.7,20.0,0.69,4.598,5195.0
6199056,K02398.01,FALSE POSITIVE,0,1,0,0,1.169010526,131.738567,1.1717,165.9,37.1,5.847,3.25,5944.0
11461433,K02399.01,CONFIRMED,0,0,0,0,1.916940872,132.46734,1.4243,105.1,17.7,0.872,4.468,5083.0
11818607,K02467.01,CONFIRMED,0,0,0,0,5.05661302,134.39648,3.926,137.9,17.6,0.939,4.506,5926.0
9108085,K02470.01,FALSE POSITIVE,0,0,1,1,2.17489806,134.11887,4.599,74.8,29.3,1.15,4.323,5749.0
9696358,K02545.01,CONFIRMED,0,0,0,0,6.98141327,132.7883,6.527,38.0,20.9,2.163,3.923,6054.0
5039129,K02546.01,FALSE POSITIVE,0,0,1,0,1.319677953,132.06143,1.978,100.7,17.4,1.076,4.426,6306.0
4484336,K02547.01,CONFIRMED,0,0,0,0,8.94337724,137.30234,2.469,215.1,18.4,1.005,4.375,6074.0
9757613,K00250.01,CONFIRMED,0,0,0,0,12.282998287,170.39809,2.7096,2794.7,137.2,0.537,4.708,3879.0
11752906,K00253.01,CONFIRMED,0,0,0,0,6.383159135,170.604622,1.7504,2313.2,64.4,0.576,4.681,3757.0
10916600,K02623.01,CONFIRMED,0,0,0,0,5.57654782,136.42668,3.673,53.6,13.2,1.238,4.341,6187.0
9153570,K02625.01,CONFIRMED,0,0,0,0,3.81371423,132.57465,1.973,281.0,11.4,0.82,4.571,5547.0
7984574,K02400.01,CANDIDATE,0,0,0,0,11.6191707,142.12335,1.819,700.4,18.5,0.834,4.56,5870.0
9592579,K00243.01,FALSE POSITIVE,0,1,1,1,2.637574744,134.212775,5.4573,5423.5,222.8,1.03,4.466,6108.0
8481129,K02402.01,CONFIRMED,0,0,0,0,16.3012727,133.79446,3.974,259.5,19.7,0.796,4.558,4873.0
2142522,K02403.01,CONFIRMED,0,0,0,0,13.32354078,134.03671,3.873,116.6,16.3,1.218,4.341,6113.0
9395719,K02472.01,CONFIRMED,0,0,0,0,2.607545159,131.83453,1.3916,351.5,23.0,1.096,4.435,6147.0
8753896,K02473.01,CONFIRMED,0,0,0,0,3.24417541,132.94014,1.992,371.9,18.0,0.87,4.469,5094.0
8746295,K02475.01,FALSE POSITIVE,0,0,1,1,6.85567248,136.01953,2.268,197.7,17.2,0.883,4.538,5734.0
10090257,K02476.01,FALSE POSITIVE,0,1,1,1,2.28607282,133.557,7.82,261.8,35.9,0.654,4.65,4583.0
11295426,K00246.02,CONFIRMED,0,0,0,0,9.60505976,136.37863,3.0063,55.0,32.2,1.198,4.279,5790.0
10679583,K02549.01,FALSE POSITIVE,0,0,1,0,3.54789928,133.78212,2.861,185.3,13.6,0.725,4.619,5399.0
11622985,K02550.01,CANDIDATE,0,0,0,0,18.0243482,144.27756,3.575,441.2,17.3,0.91,4.52,5955.0
11361283,K02551.01,CANDIDATE,0,0,0,0,16.4793229,142.94163,3.312,479.1,13.8,0.716,4.618,4908.0
8757824,K02552.01,CONFIRMED,0,0,0,0,3.65690909,134.95269,2.064,107.4,12.8,1.271,4.294,6078.0
6124512,K02627.01,CONFIRMED,0,0,0,0,8.38395796,134.41408,5.2,108.5,14.1,2.605,3.741,5405.0
10070468,K02628.01,CONFIRMED,0,0,0,0,1.68189051,133.07951,2.992,83.2,17.4,1.374,4.191,5827.0
10031656,K02629.01,FALSE POSITIVE,0,1,1,1,8.59000355,131.97492,6.68,298.1,18.9,0.876,4.538,5817.0
11337566,K02632.01,CONFIRMED,0,0,0,0,7.12815163,136.88006,5.522,45.9,22.0,1.994,3.998,6311.0
6364215,K02404.01,CANDIDATE,0,0,0,0,2.10081629,132.26789,2.8182,169.1,15.3,0.918,4.5,5815.0
10202759,K02405.01,FALSE POSITIVE,0,0,1,0,0.872952088,131.49734,1.4499,137.3,41.6,2.082,3.972,7102.0
5007345,K02406.01,CONFIRMED,0,0,0,0,7.01074295,138.4027,2.1787,222.8,21.3,2.476,3.745,5814.0
12120484,K02407.01,CONFIRMED,0,0,0,0,17.2922631,135.75448,7.042,203.1,23.7,1.299,4.261,5936.0
6846911,K02477.01,CONFIRMED,0,0,0,0,14.02634692,135.17539,1.2808,403.6,19.3,1.131,4.355,5970.0
5385439,K02478.01,FALSE POSITIVE,1,0,1,1,12.425866431,141.5137911,29.1428,257.9,62.2,0.94,4.404,5428.0
9851662,K02483.01,CONFIRMED,0,0,0,0,15.0539886,135.53329,4.422,221.5,16.3,0.818,4.479,5475.0
6467363,K02840.01,CANDIDATE,0,0,0,0,3.67936863,134.99021,3.47,85.9,18.1,0.848,4.474,5676.0
6467363,K02840.02,CANDIDATE,0,0,0,0,7.4464635,137.3391,4.084,78.0,12.7,0.848,4.474,5676.0
8733898,K02842.01,CONFIRMED,0,0,0,0,1.565412613,132.91281,0.7572,2754.6,48.6,0.328,4.923,3464.0
8733898,K02842.02,CONFIRMED,0,0,0,0,5.14892346,133.31971,0.9613,2355.0,25.4,0.328,4.923,3464.0
3228945,K02917.01,FALSE POSITIVE,0,1,1,1,0.730943372,131.49862,3.004,134.7,27.0,1.067,4.418,6143.0
7008149,K02918.01,FALSE POSITIVE,0,0,1,0,0.515552803,131.651719,1.7869,1224.1,79.6,0.73,4.556,5068.0
10332213,K02919.01,CONFIRMED,0,0,0,0,2.522590567,131.64534,1.406,210.2,18.5,0.86,4.559,5591.0
7090524,K02920.01,CONFIRMED,0,0,0,0,6.73968289,132.29296,4.183,142.0,15.4,1.176,4.261,5511.0
9730163,K02704.01,CONFIRMED,0,0,0,0,4.871223664,133.64255,1.5916,6462.0,50.5,0.18,5.112,3157.0
9730163,K02704.02,CONFIRMED,0,0,0,0,2.984157711,133.11908,1.2637,2598.0,24.3,0.18,5.112,3157.0
11453592,K02705.01,CONFIRMED,0,0,0,0,2.8867624,131.66592,0.9879,631.8,37.1,0.389,4.875,3483.0
10073672,K02764.01,CANDIDATE,0,0,0,0,2.252976718,132.23957,1.7131,467.9,21.7,0.559,4.708,4039.0
11188249,K02765.01,FALSE POSITIVE,0,0,1,0,2.75505467,133.42201,3.426,85.5,27.8,1.748,4.063,6257.0
4677282,K02766.01,FALSE POSITIVE,0,1,1,1,1.572181216,131.77456,7.219,219.5,48.2,4.315,3.421,6622.0
5097470,K02767.01,FALSE POSITIVE,0,1,1,1,1.28805834,131.9914,3.419,92.6,28.1,1.132,4.33,5631.0
4858610,K02844.01,FALSE POSITIVE,0,0,1,0,2.72288246,131.90948,2.408,152.6,15.5,0.872,4.53,5458.0
10591855,K02845.01,CONFIRMED,0,0,0,0,1.574090323,131.86116,1.5796,224.9,17.7,0.65,4.662,4313.0
4832175,K02846.01,FALSE POSITIVE,0,0,1,1,0.947738312,132.38567,1.206,202.2,13.9,0.638,4.643,4464.0
7749773,K02848.01,CONFIRMED,0,0,0,0,13.7872627,144.77403,5.747,75.1,23.9,1.458,4.139,5691.0
9451706,K00271.03,CONFIRMED,0,0,0,0,14.4359459,141.51253,3.414,107.3,22.0,1.352,4.264,6075.0
10064256,K02849.01,CONFIRMED,0,0,0,0,5.95958637,135.00822,2.899,133.1,16.1,0.9,4.535,5452.0
6842807,K02921.01,CANDIDATE,0,0,0,0,16.6146221,137.33276,2.706,361.2,10.6,0.8,4.548,5295.0
9815053,K02923.01,CANDIDATE,0,0,0,0,5.83892993,136.90293,1.1066,237.4,15.3,0.769,4.588,5279.0
7609553,K02924.01,CONFIRMED,0,0,0,0,2.279523364,133.3576,1.6202,126.8,16.7,0.797,4.516,5017.0
10122538,K02926.01,CONFIRMED,0,0,0,0,12.2854718,131.90073,2.996,1617.1,23.8,0.564,4.718,3891.0
10122538,K02926.02,CONFIRMED,0,0,0,0,5.53609368,131.88286,2.2942,1223.3,22.6,0.564,4.718,3891.0
9697131,K02706.01,CANDIDATE,0,0,0,0,3.09756897,131.55889,4.588,83.3,14.6,1.885,4.026,6329.0
5480640,K02707.02,CONFIRMED,0,0,0,0,14.4252635,136.75608,3.754,221.2,15.2,1.152,4.271,5467.0
5175986,K02708.01,CONFIRMED,0,0,0,0,0.868386354,132.06741,1.066,488.5,27.3,0.704,4.627,4792.0
9692128,K02769.01,FALSE POSITIVE,0,1,0,1,1.480323978,131.7553,1.833,166.2,43.4,1.081,4.342,5996.0
6521045,K00041.02,CONFIRMED,0,0,0,0,6.88707073,133.17797,4.4679,68.7,38.2,1.474,4.122,5788.0
4075015,K02850.01,FALSE POSITIVE,0,1,1,0,1.11431205,131.75649,2.112,160.4,15.5,0.849,4.554,5776.0
6697605,K02851.01,CONFIRMED,0,0,0,0,3.42064689,132.30629,1.767,356.8,13.9,0.966,4.411,5370.0
6294819,K02852.01,CONFIRMED,0,0,0,0,0.675650404,131.68114,1.8261,200.7,22.4,0.961,4.493,5966.0
12602314,K02853.01,CANDIDATE,0,0,0,0,1.407020118,131.60897,1.3766,181.9,18.9,0.849,4.485,5022.0
3230753,K02928.01,FALSE POSITIVE,0,0,1,1,17.7337356,143.9223,5.558,217.3,17.0,0.831,4.56,5335.0
8358012,K02929.01,FALSE POSITIVE,0,1,1,1,10.06478627,135.24121,2.86,285.7,18.6,0.82,4.574,5438.0
4664046,K02930.01,FALSE POSITIVE,0,1,1,0,1.12976597,132.526,3.096,133.7,14.3,0.715,4.625,5366.0
11401755,K00277.01,CONFIRMED,0,0,0,0,16.23191704,171.67758,7.461,501.6,194.9,1.585,4.042,5919.0
6350476,K02710.01,FALSE POSITIVE,0,0,1,0,1.110599919,131.57274,1.3493,157.6,38.7,0.867,4.463,5227.0
5272233,K02711.01,CONFIRMED,0,0,0,0,9.02436414,133.54199,3.011,214.6,23.5,1.111,4.348,5885.0
5272233,K02711.02,CONFIRMED,0,0,0,0,17.3408735,138.96694,3.398,159.0,13.5,1.111,4.348,5885.0
11456382,K02771.01,FALSE POSITIVE,0,0,1,1,0.814280672,131.64736,2.326,134.9,12.3,1.543,4.167,6366.0
3130548,K02773.01,FALSE POSITIVE,0,1,1,0,0.878855771,131.49524,1.1014,269.7,25.3,0.937,4.438,5727.0
9593757,K02774.01,FALSE POSITIVE,0,1,1,1,2.49432176,133.61066,2.3269,8043.0,43.2,1.0,4.438,5780.0
6346809,K02775.01,CANDIDATE,0,0,0,0,17.57704569,137.73116,2.022,670.0,19.1,0.901,4.442,5653.0
4275117,K02776.01,FALSE POSITIVE,0,0,1,0,1.00652785,131.71627,1.3175,125.9,17.9,0.889,4.527,6089.0
6545051,K02777.01,FALSE POSITIVE,0,0,1,1,1.99566293,132.8585,4.514,197.0,21.9,0.771,4.595,5235.0
5513866,K02854.01,FALSE POSITIVE,1,0,1,1,0.755111225,131.80687,3.164,168.0,76.4,1.0,4.438,5780.0
4547603,K02855.01,CANDIDATE,0,0,0,0,1.400755743,132.02177,1.0562,144.4,19.8,1.072,4.333,5487.0
5716763,K00272.01,CANDIDATE,0,0,0,0,1.28132831,169.665953,0.9157,525.5,196.4,1.596,3.978,5918.0
6345732,K02857.02,CONFIRMED,0,0,0,0,7.44136102,137.74695,4.554,79.7,14.2,1.291,4.251,5937.0
3861611,K02932.01,FALSE POSITIVE,0,0,1,1,3.84933401,134.43526,2.299,503.9,13.6,0.906,4.521,5984.0
10880507,K02936.01,CONFIRMED,0,0,0,0,6.4802138,132.8598,3.27,142.0,13.7,0.983,4.417,5496.0
11098013,K02712.01,CANDIDATE,0,0,0,0,7.50790041,138.7047,5.646,145.0,11.9,1.337,4.309,6408.0
12206313,K02714.01,CONFIRMED,0,0,0,0,14.3832267,140.57648,8.378,178.5,39.0,1.291,4.249,6115.0
9837661,K02715.01,CONFIRMED,0,0,0,0,11.12827427,139.54417,2.6118,6057.0,65.6,0.503,4.744,3640.0
7769819,K02778.01,CONFIRMED,0,0,0,0,2.21571296,131.82107,1.8211,285.1,22.1,0.901,4.447,5417.0
12164564,K02780.01,CONFIRMED,0,0,0,0,3.35184041,131.64441,1.9855,345.3,20.0,1.005,4.464,6198.0
8190354,K02781.01,FALSE POSITIVE,0,0,1,0,1.615758517,131.68535,1.734,41.7,18.0,2.017,3.813,5622.0
10397751,K02859.01,CONFIRMED,0,0,0,0,3.4462125,132.22894,2.101,83.5,15.6,0.721,4.555,5374.0
10397751,K02859.02,CONFIRMED,0,0,0,0,2.005414293,133.24526,1.934,59.5,13.9,0.721,4.555,5374.0
10397751,K02859.03,CANDIDATE,0,0,0,0,4.28886792,132.37761,2.599,59.3,11.1,0.721,4.555,5374.0
7815931,K02861.01,FALSE POSITIVE,0,0,1,0,1.868564038,132.51442,1.192,176.7,17.2,1.023,4.427,6065.0
9642292,K02946.01,CONFIRMED,0,0,0,0,15.1408916,143.74584,4.359,476.8,20.1,0.887,4.532,5926.0
6356692,K02948.01,CONFIRMED,0,0,0,0,11.39169531,141.55983,5.0,51.0,19.0,1.249,4.198,5557.0
6026737,K02949.01,CANDIDATE,0,0,0,0,10.1747037,132.3605,5.179,52.4,11.8,1.339,4.191,5866.0
4991208,K02951.01,CONFIRMED,0,0,0,0,2.44358543,132.80194,1.852,59.1,11.9,0.873,4.486,5561.0
8243283,K02952.01,FALSE POSITIVE,0,0,1,1,1.7592691,132.07552,2.381,140.4,13.5,0.984,4.416,5784.0
9837661,K02715.02,CONFIRMED,0,0,0,0,2.226496196,133.37195,1.7073,1839.1,36.0,0.503,4.744,3640.0
9837661,K02715.03,CONFIRMED,0,0,0,0,5.72084599,134.66576,2.744,1316.0,20.5,0.503,4.744,3640.0
9092504,K02716.01,CONFIRMED,0,0,0,0,0.962864171,132.12548,1.6802,303.5,31.6,0.804,4.575,5704.0
5383248,K00261.01,CONFIRMED,0,0,0,0,16.23847733,171.019564,3.9699,646.7,125.8,0.993,4.422,5683.0
9092504,K02716.02,CONFIRMED,0,0,0,0,6.46004728,135.96779,1.979,394.2,17.0,0.804,4.575,5704.0
10001368,K02785.01,CONFIRMED,0,0,0,0,4.76831033,134.86116,3.2363,251.8,35.4,1.116,4.374,6237.0
4365442,K02787.01,FALSE POSITIVE,0,0,1,1,1.714410345,131.86549,3.336,50.4,22.9,2.498,3.731,6340.0
8885643,K02789.01,CONFIRMED,0,0,0,0,3.40165617,132.06195,1.9617,155.9,19.9,0.906,4.516,6177.0
5652893,K02790.01,CONFIRMED,0,0,0,0,14.00948631,132.96947,3.399,169.9,22.6,0.767,4.551,5153.0
3241557,K02863.01,FALSE POSITIVE,0,0,1,1,1.703359172,132.46185,1.914,57.6,13.9,0.904,4.503,6026.0
3957082,K02864.01,FALSE POSITIVE,0,0,1,0,3.77881664,134.208,5.819,47.1,22.2,5.544,3.267,6115.0
8681833,K02865.01,CONFIRMED,0,0,0,0,1.311558909,131.53283,1.919,141.3,17.2,0.963,4.501,5926.0
4138951,K02866.01,CONFIRMED,0,0,0,0,1.291233083,131.99105,1.855,66.0,15.9,1.086,4.419,6384.0
3102384,K00273.01,CONFIRMED,0,0,0,0,10.573751447,175.067739,1.7259,298.9,82.0,1.08,4.4,5720.0
10471515,K02961.01,CONFIRMED,0,0,0,0,3.7847507,133.50785,2.924,33.5,12.2,1.206,4.326,6017.0
4935172,K02962.01,CANDIDATE,0,0,0,0,2.17291055,131.73552,2.139,76.4,13.6,1.045,4.446,6164.0
8760040,K02963.01,CONFIRMED,0,0,0,0,18.2206024,141.37607,5.109,201.8,19.7,1.262,4.283,5951.0
8760040,K02963.02,CANDIDATE,0,0,0,0,7.35101287,133.63951,2.757,115.9,12.8,1.262,4.283,5951.0
9467404,K02717.01,CONFIRMED,0,0,0,0,0.929906166,132.25126,1.743,108.7,79.7,1.413,4.169,6039.0
5308666,K02718.01,FALSE POSITIVE,0,0,1,1,0.784513087,131.98751,1.9206,316.6,47.7,78.869,0.892,3853.0
5184911,K02719.01,CONFIRMED,0,0,0,0,4.11585514,134.11726,1.4858,425.8,20.8,0.823,4.508,4827.0
8176564,K02720.01,CANDIDATE,0,0,0,0,6.57159435,132.74598,3.1044,65.7,30.7,1.432,4.139,6042.0
11127479,K02792.01,CONFIRMED,0,0,0,0,2.12821621,132.48055,3.146,25.9,22.1,1.377,4.227,5952.0
5428668,K02794.01,FALSE POSITIVE,1,0,1,0,0.703399912,131.65929,0.823,531.4,32.0,0.91,4.52,5955.0
5041569,K02795.01,FALSE POSITIVE,0,1,0,0,2.5355023,132.20054,7.189,354.6,37.6,1.1,4.429,6268.0
10604521,K02797.01,CANDIDATE,0,0,0,0,0.868122253,131.83212,1.5471,231.3,23.2,1.084,4.44,6116.0
9899181,K02867.01,FALSE POSITIVE,0,0,1,1,1.332560553,132.05303,3.315,31.7,26.1,0.714,4.621,4947.0
9899181,K02867.02,FALSE POSITIVE,0,1,0,0,18.936061,139.0725,22.27,24.3,14.0,0.714,4.621,4947.0
8884274,K02868.01,CONFIRMED,0,0,0,0,10.65275054,136.08994,2.684,740.7,17.5,0.817,4.571,5602.0
7767162,K02869.01,CONFIRMED,0,0,0,0,3.30040818,133.56723,4.462,98.8,19.3,1.438,4.229,6333.0
4861791,K02870.01,FALSE POSITIVE,0,0,1,1,5.62950902,136.8607,6.542,297.5,14.3,0.898,4.529,5822.0
4385148,K02942.01,CANDIDATE,0,0,0,0,13.84301228,139.95334,4.077,567.8,17.5,0.837,4.559,5745.0
6781548,K02944.01,FALSE POSITIVE,0,1,1,1,9.12209336,138.83306,4.347,906.8,22.2,0.96,4.499,5899.0
8617363,K02945.01,CONFIRMED,0,0,0,0,19.94752741,144.2469,1.756,861.3,16.0,0.864,4.547,5749.0
11401755,K00277.02,CONFIRMED,0,0,0,0,13.84984567,141.64914,7.2783,84.6,35.2,1.585,4.042,5919.0
7673192,K02722.01,CONFIRMED,0,0,0,0,6.12479773,134.93803,3.466,129.3,20.1,1.202,4.285,6052.0
7673192,K02722.02,CONFIRMED,0,0,0,0,11.24284815,136.32084,4.241,136.0,17.4,1.202,4.285,6052.0
7673192,K02722.03,CONFIRMED,0,0,0,0,4.02877097,133.76774,3.173,100.4,18.6,1.202,4.285,6052.0
7673192,K02722.04,CONFIRMED,0,0,0,0,8.92114318,137.49071,3.933,110.8,15.3,1.202,4.285,6052.0
11807274,K00262.01,CONFIRMED,0,0,0,0,7.81285862,172.6138,4.098,117.3,32.3,1.543,4.136,6237.0
7670943,K00269.01,CONFIRMED,0,0,0,0,18.01164974,185.09162,6.7367,107.8,60.8,1.459,4.224,6477.0
6697756,K02798.01,CONFIRMED,0,0,0,0,0.916142298,132.02221,1.1555,98.5,23.0,0.614,4.639,4374.0
5649833,K02799.01,FALSE POSITIVE,0,0,1,1,0.597933473,131.95386,1.918,106.0,26.0,1.159,4.382,6543.0
10518399,K02800.01,FALSE POSITIVE,0,1,1,1,2.69636494,132.99372,3.892,109.0,22.2,1.139,4.25,5653.0
5905822,K02801.01,CONFIRMED,0,0,0,0,6.99205021,138.05147,5.037,33.4,24.4,1.467,4.139,6057.0
10793172,K02871.01,CONFIRMED,0,0,0,0,12.0999065,143.04424,3.558,165.5,15.1,1.098,4.33,5553.0
10793172,K02871.02,CONFIRMED,0,0,0,0,5.36375016,134.65014,2.94,114.3,14.4,1.098,4.33,5553.0
7136729,K02872.01,FALSE POSITIVE,0,0,1,0,3.17319407,133.38365,2.512,135.8,16.2,0.784,4.508,5369.0
6364276,K02873.01,FALSE POSITIVE,0,0,1,1,5.24368302,132.7109,10.873,225.4,36.9,0.629,4.633,4194.0
4367854,K02876.01,CANDIDATE,0,0,0,0,5.1952021,133.34401,2.1552,320.8,17.7,0.738,4.551,5044.0
5108946,K02955.01,FALSE POSITIVE,0,0,1,0,0.591280187,131.74406,1.1656,135.0,21.6,1.092,4.433,6246.0
8801316,K02956.01,CONFIRMED,0,0,0,0,3.93766786,135.27724,4.655,24.3,16.8,2.741,3.728,6277.0
7466270,K02959.01,CANDIDATE,0,0,0,0,16.1558656,140.23012,3.798,731.3,17.5,0.53,4.713,4504.0
10876237,K02960.01,FALSE POSITIVE,0,1,1,0,1.465943491,132.32801,1.513,52.3,15.8,2.19,3.847,6230.0
3346154,K02723.01,CONFIRMED,0,0,0,0,1.952711161,133.160986,0.872,403.0,30.7,0.946,4.495,5741.0
5308387,K02724.01,FALSE POSITIVE,0,0,1,1,0.620739667,132.10051,2.477,108.2,30.8,1.602,4.133,6559.0
6233573,K02725.01,FALSE POSITIVE,0,0,1,0,0.587470828,131.49788,2.4382,193.8,48.3,2.667,3.678,5787.0
10363281,K02726.01,FALSE POSITIVE,0,1,1,1,0.934924739,132.17846,2.052,73.8,20.3,2.628,3.781,6477.0
5775129,K02802.01,CONFIRMED,0,0,0,0,3.84822189,131.9185,2.013,203.9,17.6,1.193,4.323,5927.0
9898447,K02803.01,CONFIRMED,0,0,0,0,2.37752442,133.39854,2.307,32.1,15.9,0.936,4.505,5615.0
5307568,K02804.01,FALSE POSITIVE,0,0,1,0,2.62838097,131.62343,3.193,89.9,15.3,1.07,4.408,5884.0
11135308,K02805.01,CONFIRMED,0,0,0,0,1.877878538,132.26131,2.39,47.5,20.6,1.115,4.352,6324.0
2985587,K02807.01,CANDIDATE,0,0,0,0,3.375716723,134.21319,1.5436,175.7,20.2,1.282,4.273,6310.0
8077137,K00274.01,CONFIRMED,0,0,0,0,15.0896415,175.95371,4.3349,77.8,29.5,1.613,4.061,6063.0
7019524,K02877.01,CONFIRMED,0,0,0,0,5.30873978,134.25061,3.018,127.5,16.7,0.955,4.483,5914.0
5106313,K02878.01,CONFIRMED,0,0,0,0,3.89524296,131.85929,1.689,189.0,16.2,0.838,4.492,5018.0
9825174,K02880.01,CONFIRMED,0,0,0,0,0.740926358,131.91163,1.0163,195.5,20.0,0.874,4.494,5618.0
8429415,K02965.01,FALSE POSITIVE,0,0,1,1,1.352564873,132.04752,3.469,56.7,34.9,1.823,3.959,6463.0
5014903,K02966.01,FALSE POSITIVE,0,0,1,0,7.72768833,136.19387,2.06,404.8,14.6,0.94,4.468,5765.0
8873090,K02968.01,CANDIDATE,0,0,0,0,10.16435076,136.43034,6.017,37.7,18.4,2.71,3.718,6133.0
12008872,K02729.01,CONFIRMED,0,0,0,0,14.8877665,141.95432,4.981,252.5,28.4,1.116,4.344,6143.0
8415200,K02730.01,CONFIRMED,0,0,0,0,4.52158614,133.21804,3.4702,106.2,26.2,1.289,4.201,5576.0
4072333,K02731.01,FALSE POSITIVE,0,0,1,0,2.007750531,132.57843,2.0715,352.0,21.8,0.865,4.549,5645.0
9886361,K02732.01,CONFIRMED,0,0,0,0,7.03146295,134.4525,5.922,85.4,33.8,1.499,4.192,6170.0
3730335,K02808.01,FALSE POSITIVE,0,0,1,0,0.596087893,131.82296,0.7159,105.1,30.3,1.827,3.997,6049.0
6528464,K00270.01,CONFIRMED,0,0,0,0,12.58229808,175.02129,6.375,118.7,62.1,1.423,4.091,5587.0
7428316,K02809.01,FALSE POSITIVE,0,1,1,0,7.12684695,137.42807,3.179,206.3,20.7,0.896,4.525,6050.0
10275766,K02810.01,FALSE POSITIVE,0,1,1,1,0.661749944,131.86076,4.112,215.6,34.5,1.198,4.386,6363.0
6370120,K02811.01,FALSE POSITIVE,0,0,1,0,1.35477049,131.64321,1.618,145.3,14.8,0.689,4.621,4414.0
5209845,K02883.01,CONFIRMED,0,0,0,0,11.95401876,140.26226,2.656,855.9,19.3,0.659,4.611,4359.0
9652649,K02884.01,FALSE POSITIVE,0,0,1,1,2.48883033,132.11766,4.268,51.4,15.1,0.833,4.514,5615.0
6129524,K02886.01,CONFIRMED,0,0,0,0,0.88184263,131.68869,1.3117,249.9,21.2,0.776,4.594,5268.0
5794570,K02675.01,CONFIRMED,0,0,0,0,5.448321078,132.49088,2.2213,529.4,55.1,0.905,4.517,5721.0
5794570,K02675.02,CONFIRMED,0,0,0,0,1.116127169,131.84982,1.3235,109.2,19.2,0.905,4.517,5721.0
6779260,K02678.01,CONFIRMED,0,0,0,0,3.833087643,131.63482,1.51,461.4,40.2,0.831,4.543,5397.0
11807274,K00262.02,CONFIRMED,0,0,0,0,9.37663713,136.95319,2.1033,118.4,21.0,1.543,4.136,6237.0
5953297,K02733.01,CONFIRMED,0,0,0,0,5.62006198,132.95381,2.751,190.1,17.4,0.746,4.6,4868.0
7659389,K02734.01,CONFIRMED,0,0,0,0,3.8259005,132.20163,1.8057,857.2,20.3,0.885,4.505,5223.0
9472074,K02735.01,CONFIRMED,0,0,0,0,0.558841234,131.57991,0.7918,280.9,26.3,0.792,4.592,5151.0
10842192,K02736.01,CONFIRMED,0,0,0,0,9.33648141,140.67893,2.5449,885.4,23.1,0.648,4.619,4442.0
11197853,K02813.01,CANDIDATE,0,0,0,0,0.698461304,131.85138,0.7887,134.4,16.1,12.558,2.577,4676.0
9665922,K02815.01,FALSE POSITIVE,0,0,1,0,1.545388842,132.63059,3.037,52.8,20.6,0.767,4.594,5782.0
11283615,K02816.01,CONFIRMED,0,0,0,0,1.289590179,131.89057,1.3541,286.0,18.9,0.808,4.578,5467.0
7605093,K02817.01,CONFIRMED,0,0,0,0,0.634003002,131.89476,0.9207,316.9,21.0,0.75,4.606,5226.0
3859363,K02887.01,FALSE POSITIVE,1,0,1,0,1.56859048,131.64081,11.591,280.6,43.3,1.002,4.442,6248.0
12023078,K02888.01,FALSE POSITIVE,0,1,1,1,0.623441939,131.990423,1.4053,128.1,40.6,2.871,3.639,5385.0
6364162,K02889.01,FALSE POSITIVE,0,0,1,1,5.24364571,132.7242,16.984,270.4,45.6,1.056,4.406,6197.0
7463685,K02890.01,CONFIRMED,0,0,0,0,8.98826122,138.83733,4.96,160.8,14.5,0.906,4.521,5984.0
11231334,K00258.01,FALSE POSITIVE,0,1,0,0,4.15743922,172.50464,9.572,1472.0,52.5,3.131,3.657,6529.0
2436378,K02682.01,FALSE POSITIVE,0,1,0,0,8.53161917,136.27763,2.9596,65744.0,86.1,1.0,4.438,5780.0
6614629,K02737.01,FALSE POSITIVE,1,0,1,0,0.526615152,131.49908,1.0582,64.0,40.9,1.832,3.966,5718.0
6630943,K02738.01,FALSE POSITIVE,0,1,1,0,0.690405794,131.7301,1.7407,178.4,43.0,0.786,4.515,5204.0
4831728,K02739.01,CONFIRMED,0,0,0,0,10.10773789,135.1032,3.828,294.9,25.3,1.174,4.26,5480.0
4831728,K02739.02,CANDIDATE,0,0,0,0,7.0956395,135.0007,3.465,108.1,10.5,1.174,4.26,5480.0
3336765,K02740.01,FALSE POSITIVE,0,1,1,0,1.844857057,132.16167,1.6557,85.6,21.5,1.004,4.403,6143.0
4270565,K02819.01,FALSE POSITIVE,0,0,1,0,18.0116764,139.19459,6.006,417.2,23.3,0.932,4.507,6003.0
11963206,K02820.01,CONFIRMED,0,0,0,0,3.00912491,131.62696,2.228,191.4,16.5,0.893,4.541,5713.0
8263545,K02822.01,CONFIRMED,0,0,0,0,4.44589508,131.74309,2.3816,441.4,20.9,0.865,4.544,5918.0
10068024,K02891.01,FALSE POSITIVE,0,1,1,1,2.023126394,132.07328,1.2771,72.2,19.2,1.059,4.422,6349.0
9636563,K02892.01,FALSE POSITIVE,0,1,1,1,10.63609504,139.7996,3.48,290.6,20.9,0.81,4.575,5546.0
6937402,K02894.01,CONFIRMED,0,0,0,0,10.3108232,141.5114,5.617,204.0,14.0,0.893,4.521,5708.0
5475641,K02895.01,FALSE POSITIVE,0,0,1,1,1.069842837,132.4449,5.275,540.3,65.2,0.786,4.523,4999.0
2853828,K02896.01,FALSE POSITIVE,0,0,1,0,1.077467951,131.58234,2.1125,75.7,47.4,1.508,4.137,6329.0
4035667,K02684.01,FALSE POSITIVE,0,0,0,1,2.8736467,132.58652,1.682,215.7,21.2,3.169,3.744,8173.0
9612825,K02685.01,FALSE POSITIVE,0,1,1,0,2.846517614,133.24348,4.228,2154.4,58.0,0.32,4.931,3468.0
7202957,K02687.01,CONFIRMED,0,0,0,0,1.716828304,132.03204,2.068,59.5,14.2,0.902,4.522,5808.0
5513893,K02741.01,FALSE POSITIVE,0,0,0,1,0.755103143,131.81388,2.885,43.8,27.3,2.128,3.87,5996.0
8095441,K02743.01,CONFIRMED,0,0,0,0,11.87457664,140.21259,1.9797,220.7,21.4,0.88,4.506,5523.0
12456601,K02745.01,CONFIRMED,0,0,0,0,15.64588656,146.04926,3.959,572.1,26.9,0.916,4.518,5896.0
10341917,K02823.01,FALSE POSITIVE,0,0,0,1,0.93375241,131.5113,6.352,518.0,55.5,0.815,4.581,5402.0
3241604,K02824.01,FALSE POSITIVE,0,1,1,1,1.70336496,132.45889,1.7045,316.7,19.8,0.915,4.516,5881.0
9591070,K02825.01,FALSE POSITIVE,1,0,1,0,0.764174368,131.68497,2.346,100.2,34.5,1.125,4.417,6321.0
8227661,K02826.01,FALSE POSITIVE,0,1,1,0,1.85373924,132.66885,1.816,348.6,18.0,0.116,5.283,2661.0
7428736,K02827.01,CONFIRMED,0,0,0,0,7.06321927,132.52395,2.411,207.2,12.6,0.818,4.489,5305.0
5817986,K02897.01,FALSE POSITIVE,0,0,1,0,0.584310213,132.013258,2.1801,809.4,91.9,0.88,4.539,5783.0
10586004,K00275.01,CONFIRMED,0,0,0,0,15.79196594,176.81888,7.2772,203.1,77.3,1.704,4.072,5758.0
4939533,K02899.01,CANDIDATE,0,0,0,0,5.77207177,134.93042,2.605,328.5,13.2,0.86,4.559,5591.0
7202957,K02687.02,CONFIRMED,0,0,0,0,8.16733851,136.20356,3.337,104.9,14.8,0.902,4.522,5808.0
6521045,K00041.01,CONFIRMED,0,0,0,0,12.81590421,122.94682,6.3856,220.5,106.7,1.474,4.122,5788.0
8892303,K02688.01,CONFIRMED,0,0,0,0,5.424749327,133.728952,1.139,7680.0,78.0,0.591,4.658,4137.0
5369827,K02690.01,CONFIRMED,0,0,0,0,3.606940379,134.77442,1.0418,432.3,20.8,0.84,4.569,5508.0
6586746,K02747.01,CONFIRMED,0,0,0,0,6.26404774,132.82928,2.39,378.7,20.1,0.817,4.511,5032.0
9962455,K02748.02,CONFIRMED,0,0,0,0,5.77721259,137.16696,2.462,134.3,17.7,1.756,3.951,5416.0
8687088,K02749.01,FALSE POSITIVE,0,0,1,0,0.905037231,132.21703,1.4351,37.5,29.0,1.763,4.01,6223.0
6197215,K02829.01,CONFIRMED,0,0,0,0,10.61345333,135.6898,0.9829,150.2,20.0,1.388,4.163,5865.0
9692557,K02831.01,FALSE POSITIVE,0,1,1,0,0.571940563,131.71371,0.9031,54.3,22.8,2.286,3.74,5827.0
9366886,K02901.01,FALSE POSITIVE,0,0,1,0,0.633514386,131.56236,1.2792,179.1,22.3,0.618,4.64,4330.0
3657176,K02903.01,FALSE POSITIVE,0,0,1,0,17.4166143,141.10369,2.445,314.2,13.1,1.017,4.444,5946.0
3969687,K02904.01,CONFIRMED,0,0,0,0,16.3583482,141.25354,9.858,116.4,30.0,1.765,4.084,6133.0
6716545,K02906.01,CONFIRMED,0,0,0,0,13.9093544,142.8769,6.765,86.8,15.6,1.424,4.183,6052.0
2989706,K02692.01,FALSE POSITIVE,0,1,0,0,1.257689465,132.503649,0.8399,945.6,45.6,0.787,4.571,5676.0
5185897,K02693.01,CONFIRMED,0,0,0,0,4.081411554,133.85992,2.3239,171.9,36.9,0.635,4.661,4498.0
5185897,K02693.02,CONFIRMED,0,0,0,0,11.41941928,142.11859,3.3075,150.5,22.9,0.635,4.661,4498.0
5185897,K02693.03,CONFIRMED,0,0,0,0,6.83440674,136.86023,2.2726,177.1,29.1,0.635,4.661,4498.0
3097346,K00264.01,FALSE POSITIVE,0,0,1,1,4.029810359,170.69131,3.3316,111.1,62.8,1.651,4.055,5929.0
5717567,K02752.01,FALSE POSITIVE,0,0,1,0,1.287622419,132.43069,0.821,36.5,16.9,1.274,4.308,6170.0
6265792,K02753.01,CONFIRMED,0,0,0,0,0.935115863,132.20193,1.6172,64.8,21.6,1.297,4.252,5874.0
9995402,K02832.01,CONFIRMED,0,0,0,0,3.57551429,132.86125,2.364,92.8,16.6,0.917,4.434,5213.0
9109857,K02833.01,CANDIDATE,0,0,0,0,1.791877025,132.8762,1.166,46.1,12.5,2.139,3.841,6002.0
5436338,K02835.01,CONFIRMED,0,0,0,0,6.30922043,133.99677,1.3251,691.2,22.5,0.53,4.71,4380.0
11414465,K02836.01,CONFIRMED,0,0,0,0,2.94194296,133.1044,2.056,278.0,18.2,0.758,4.544,4901.0
2708885,K02907.01,FALSE POSITIVE,0,0,1,0,1.146934644,132.2666,1.7247,256.2,19.7,0.862,4.502,5423.0
6612284,K02908.01,FALSE POSITIVE,0,0,0,1,1.245353252,132.21522,2.152,224.2,20.3,0.96,4.493,5982.0
4483138,K02910.01,CONFIRMED,0,0,0,0,15.3626052,145.5732,3.736,468.3,19.7,0.851,4.484,5011.0
9475552,K02694.01,CONFIRMED,0,0,0,0,0.843379985,131.966174,1.4474,343.3,53.6,0.856,4.481,4818.0
9475552,K02694.02,CONFIRMED,0,0,0,0,6.56606941,134.49512,1.8455,402.4,25.8,0.856,4.481,4818.0
8292840,K00260.01,CONFIRMED,0,0,0,0,10.49566303,172.79335,4.7356,106.1,48.7,1.297,4.238,6214.0
5196864,K02695.01,CANDIDATE,0,0,0,0,2.50343279,131.94522,1.534,1156.0,13.2,0.84,4.483,5174.0
10905911,K02754.01,CONFIRMED,0,0,0,0,1.34155642,132.73743,1.6462,58.2,23.7,0.97,4.44,5779.0
3545135,K02755.01,CONFIRMED,0,0,0,0,8.48299282,132.96583,2.505,69.1,21.3,0.933,4.471,5827.0
6964929,K02756.01,CONFIRMED,0,0,0,0,0.665025941,131.65962,1.7542,104.7,26.5,1.07,4.408,5884.0
11565924,K02837.01,CONFIRMED,0,0,0,0,13.32191461,142.7235,6.213,133.5,24.3,2.274,3.925,6995.0
6607357,K02838.01,CONFIRMED,0,0,0,0,7.69994466,134.39282,4.432,70.9,17.4,1.104,4.328,5727.0
6607357,K02838.02,CONFIRMED,0,0,0,0,4.77466043,135.16338,3.804,54.3,15.5,1.104,4.328,5727.0
6186964,K02839.01,CONFIRMED,0,0,0,0,2.164570593,131.83142,1.2862,525.1,19.8,0.554,4.713,3941.0
5471202,K02911.01,FALSE POSITIVE,1,0,1,1,12.4258343,141.5311,28.1171,449.4,72.0,0.991,4.472,6185.0
9640439,K02912.01,FALSE POSITIVE,0,0,1,0,0.873227249,132.23359,0.7948,221.8,21.9,1.111,4.409,6341.0
9693006,K02913.01,CONFIRMED,0,0,0,0,2.88878583,132.33651,2.977,40.9,17.2,1.331,4.247,5696.0
5613821,K02915.01,CANDIDATE,0,0,0,0,5.06092282,134.47316,2.586,71.6,15.7,0.911,4.492,5637.0
6627507,K02697.01,FALSE POSITIVE,0,0,1,0,7.37453336,131.55947,3.745,304.4,33.1,4.991,3.289,5028.0
6690836,K02699.01,CONFIRMED,0,0,0,0,0.568874717,132.048771,1.2177,378.4,50.4,0.78,4.593,5223.0
8639908,K02700.01,CANDIDATE,0,0,0,0,0.910020582,131.99239,1.7956,358.1,29.9,0.533,4.725,4297.0
11076400,K02759.01,CANDIDATE,0,0,0,0,1.07808492,132.03683,0.8551,155.6,22.9,0.814,4.511,4906.0
7903086,K02761.01,FALSE POSITIVE,0,1,1,0,1.846861455,131.90493,1.6605,648.6,35.9,0.86,4.559,5591.0
12024120,K00265.01,CONFIRMED,0,0,0,0,3.568099612,169.74278,3.2131,98.4,52.5,1.334,4.232,6007.0
3642289,K00301.01,CONFIRMED,0,0,0,0,6.002548291,171.71419,4.1628,202.0,71.6,1.36,4.269,6204.0
3642289,K00301.02,CONFIRMED,0,0,0,0,11.44865823,141.38705,4.953,75.2,21.9,1.36,4.269,6204.0
6029239,K00304.01,CONFIRMED,0,0,0,0,8.512037736,174.909816,2.1861,597.8,102.2,0.881,4.538,5767.0
12106929,K00359.01,FALSE POSITIVE,0,1,1,1,5.93720557,171.57597,4.882,371.4,59.9,0.712,4.633,5857.0
12107021,K00360.01,FALSE POSITIVE,0,0,1,1,5.93719982,135.95338,3.95,175.6,37.0,1.026,4.457,6102.0
12404954,K00361.01,CONFIRMED,0,0,0,0,3.247548814,171.27807,2.5146,209.7,51.6,0.975,4.498,5703.0
1571511,K00362.01,FALSE POSITIVE,0,1,0,0,14.022451457,177.5952096,8.08619,20082.9,2707.7,1.05,4.401,6061.0
2438070,K00363.01,FALSE POSITIVE,0,1,1,1,2.442945167,171.09721,4.0145,677.9,102.8,1.428,4.121,5657.0
3747262,K03005.01,FALSE POSITIVE,0,0,1,0,1.312459403,132.22569,1.459,36.9,13.9,2.507,3.782,6543.0
10190075,K03007.01,CANDIDATE,0,0,0,0,11.1916199,138.04258,2.1,166.4,11.9,0.956,4.464,5646.0
9070666,K03008.01,CONFIRMED,0,0,0,0,2.99792926,131.76579,4.398,45.4,16.0,1.645,4.061,5888.0
3328052,K03011.01,FALSE POSITIVE,0,0,1,1,2.11547854,132.0118,3.665,222.9,21.6,1.024,4.454,6208.0
9119568,K03087.01,FALSE POSITIVE,0,0,1,0,5.54867998,133.9285,4.665,68.9,15.4,0.835,4.514,5258.0
9119568,K03087.02,FALSE POSITIVE,1,0,0,0,1.22174063,132.0174,7.443,32.2,19.4,0.835,4.514,5258.0
9020114,K03088.01,CONFIRMED,0,0,0,0,3.48412874,134.5504,1.422,161.6,13.3,0.921,4.519,5696.0
6196457,K00285.01,CONFIRMED,0,0,0,0,13.74883059,179.279158,6.0968,425.9,167.6,1.67,4.05,5862.0
7668416,K03089.01,CANDIDATE,0,0,0,0,0.858546796,132.14429,1.1,106.1,12.2,0.864,4.491,5269.0
6063220,K00305.01,CONFIRMED,0,0,0,0,4.603575293,171.840124,2.3499,440.4,79.7,0.741,4.602,4783.0
6289257,K00307.01,CONFIRMED,0,0,0,0,19.67409703,176.27119,3.7535,204.9,39.0,1.031,4.423,6023.0
10905239,K00046.01,CONFIRMED,0,0,0,0,3.487688776,170.932217,3.83661,1298.8,350.6,1.593,4.065,5576.0
7175184,K00369.01,CONFIRMED,0,0,0,0,5.88527364,174.42554,1.9531,112.7,27.4,1.431,4.157,6070.0
7109851,K03012.01,FALSE POSITIVE,0,0,1,0,1.086486129,131.96598,0.8383,66.0,20.2,2.0,3.861,5911.0
11565544,K03013.01,CANDIDATE,0,0,0,0,3.76562031,131.75562,1.288,232.6,14.6,0.853,4.553,5743.0
11403530,K03015.01,CONFIRMED,0,0,0,0,3.61460332,133.09123,3.227,43.9,15.4,1.375,4.161,5799.0
5088536,K00282.02,CONFIRMED,0,0,0,0,8.45744892,139.06689,3.2893,77.4,31.0,1.137,4.304,5903.0
12072872,K03017.01,CANDIDATE,0,0,0,0,2.46288834,132.80114,1.724,47.4,11.9,0.967,4.395,5893.0
6609270,K03090.01,CONFIRMED,0,0,0,0,3.82223397,132.14965,1.924,362.7,15.9,0.514,4.733,3729.0
12406807,K03091.01,CONFIRMED,0,0,0,0,17.067644,145.56929,6.026,262.4,13.5,0.996,4.464,6347.0
8046689,K03092.01,FALSE POSITIVE,0,0,1,0,5.78542702,137.09181,2.271,256.2,15.4,1.178,4.374,6555.0
9650989,K03095.01,CONFIRMED,0,0,0,0,3.42390809,132.88326,1.773,153.1,13.1,1.015,4.442,5788.0
6289257,K00307.02,CONFIRMED,0,0,0,0,5.21104597,131.53797,3.3447,102.7,36.9,1.031,4.423,6023.0
7024222,K00309.01,FALSE POSITIVE,0,0,1,0,1.633107509,170.19649,1.491,60.8,21.7,0.684,4.596,4579.0
7050989,K00312.01,CONFIRMED,0,0,0,0,11.57890926,175.58603,2.7207,243.4,54.8,1.303,4.284,6156.0
7175184,K00369.02,CONFIRMED,0,0,0,0,10.10463142,135.55718,2.369,114.6,24.1,1.431,4.157,6070.0
11554435,K00063.01,CONFIRMED,0,0,0,0,9.43414171,177.84346,2.8112,3977.0,40.2,0.886,4.518,5578.0
8709688,K03019.01,CONFIRMED,0,0,0,0,4.17939037,133.84818,2.647,172.8,16.1,1.162,4.296,5633.0
8241079,K03020.01,CANDIDATE,0,0,0,0,10.9192653,134.26789,4.572,91.1,15.0,1.972,3.939,5745.0
3348285,K03021.01,FALSE POSITIVE,0,0,1,0,0.803835923,131.80207,1.397,52.6,12.4,1.047,4.442,6242.0
11618601,K03022.01,CONFIRMED,0,0,0,0,2.76263737,132.99574,1.821,185.0,14.1,0.901,4.528,5772.0
7582689,K03097.01,CONFIRMED,0,0,0,0,11.9216035,137.47581,5.009,43.2,15.1,1.082,4.403,6006.0
7582689,K03097.02,CONFIRMED,0,0,0,0,6.80257947,138.0478,4.608,32.7,14.7,1.082,4.403,6006.0
7582689,K03097.03,CONFIRMED,0,0,0,0,8.70312154,140.15531,4.807,32.0,13.0,1.082,4.403,6006.0
9959589,K03098.01,FALSE POSITIVE,0,0,1,1,1.332557603,132.05691,6.043,225.3,28.1,0.967,4.487,6091.0
9025922,K00043.01,FALSE POSITIVE,0,1,1,1,11.32029599,177.08388,4.5866,4303.5,85.0,1.0,4.438,5780.0
7050989,K00312.02,CONFIRMED,0,0,0,0,16.39926461,131.96806,3.4108,220.8,46.4,1.303,4.284,6156.0
7419318,K00313.01,CONFIRMED,0,0,0,0,18.73577127,177.634372,3.0356,567.2,81.8,0.795,4.547,5188.0
7419318,K00313.02,CONFIRMED,0,0,0,0,8.43639829,179.88704,3.2451,345.5,76.8,0.795,4.547,5188.0
7603200,K00314.01,CONFIRMED,0,0,0,0,13.78109471,177.852785,2.3188,756.0,112.8,0.503,4.738,3846.0
10905239,K00046.02,CONFIRMED,0,0,0,0,6.02977241,132.48162,3.961,54.6,11.5,1.593,4.065,5576.0
12643589,K00376.02,FALSE POSITIVE,0,1,1,0,1.411627439,178.263426,1.0814,515.2,53.1,1.152,4.383,6692.0
3323887,K00377.01,CONFIRMED,0,0,0,0,19.270825843,182.5436,4.1281,6660.5,577.1,0.956,4.491,5779.0
11618601,K03022.02,CONFIRMED,0,0,0,0,5.05368985,135.11296,2.514,171.5,11.5,0.901,4.528,5772.0
7732285,K03023.01,FALSE POSITIVE,0,0,1,0,4.39049637,134.12735,3.0112,113.5,31.1,1.908,3.989,6429.0
9716391,K03025.01,CONFIRMED,0,0,0,0,13.1829329,141.82648,3.594,518.0,13.8,0.827,4.571,5382.0
6929841,K03026.01,CONFIRMED,0,0,0,0,3.51575492,134.29974,1.381,237.4,15.2,0.901,4.45,5094.0
5124254,K03099.01,FALSE POSITIVE,0,0,1,0,14.0498182,140.50396,2.907,472.0,14.5,0.652,4.618,4228.0
11508644,K03101.01,CONFIRMED,0,0,0,0,14.2563272,133.40971,4.796,206.1,14.3,1.027,4.455,6140.0
12168993,K03105.01,CANDIDATE,0,0,0,0,4.21223579,132.9291,7.898,116.4,12.8,0.7,4.591,5116.0
8895758,K03106.01,CONFIRMED,0,0,0,0,0.968980781,132.41921,1.517,118.5,12.8,1.0,4.473,5866.0
10031500,K03107.01,FALSE POSITIVE,1,0,0,1,8.589562,132.0335,9.885,245.4,14.0,0.945,4.404,5766.0
7603200,K00314.03,CONFIRMED,0,0,0,0,10.31282204,133.53528,2.0138,137.6,22.0,0.503,4.738,3846.0
8008067,K00316.01,CONFIRMED,0,0,0,0,15.77111067,184.90347,5.0574,547.1,123.2,1.143,4.333,5620.0
8008067,K00316.03,CONFIRMED,0,0,0,0,7.305706326,131.77905,1.4228,264.9,43.6,1.143,4.333,5620.0
7051180,K00064.01,CANDIDATE,0,0,0,0,1.951082219,157.54316,1.6975,1151.8,30.1,2.426,3.768,5302.0
3323887,K00377.03,CONFIRMED,0,0,0,0,1.59295975,182.08924,1.9313,248.3,48.9,0.956,4.491,5779.0
2449074,K00378.01,FALSE POSITIVE,0,1,1,1,4.94402197,173.75192,4.062,363.3,33.0,1.7,4.035,6013.0
2446113,K00379.01,FALSE POSITIVE,0,0,1,0,6.71725648,170.99733,2.5207,272.7,49.1,1.683,4.094,6078.0
11137180,K03027.01,CONFIRMED,0,0,0,0,6.07032548,135.30933,1.341,311.6,11.9,0.763,4.598,5076.0
9838804,K03028.01,FALSE POSITIVE,0,0,0,1,1.33256952,132.03835,2.915,163.5,16.5,0.82,4.571,5547.0
5903749,K03029.01,CANDIDATE,0,0,0,0,18.9763286,134.83396,2.379,329.8,11.0,0.986,4.385,5300.0
5903749,K03029.02,CANDIDATE,0,0,0,0,6.34724702,133.00398,3.097,159.8,11.1,0.986,4.385,5300.0
5524881,K03030.01,FALSE POSITIVE,0,0,1,0,7.19552624,136.03008,4.095,214.6,15.6,1.093,4.432,6242.0
3756264,K03108.01,CONFIRMED,0,0,0,0,7.36272124,136.86143,1.3287,429.3,17.8,0.894,4.53,5868.0
11572193,K03109.01,CONFIRMED,0,0,0,0,10.6761592,140.59136,4.594,151.0,14.1,1.434,4.267,6460.0
11285870,K03110.01,CONFIRMED,0,0,0,0,4.48494315,135.01836,2.752,134.9,12.4,1.051,4.437,6217.0
8581240,K03111.01,CANDIDATE,0,0,0,0,10.76800074,138.50669,3.494,65.1,14.2,1.096,4.338,5874.0
8581240,K03111.02,CANDIDATE,0,0,0,0,4.32848303,132.5128,2.955,35.5,11.4,1.096,4.338,5874.0
8700558,K00320.01,FALSE POSITIVE,1,0,1,0,4.79179893,173.51679,2.9283,123.9,46.3,1.103,4.408,6499.0
8753657,K00321.01,CONFIRMED,0,0,0,0,2.426304127,170.455517,2.6624,185.4,97.0,0.97,4.484,5678.0
8554498,K00005.01,CANDIDATE,0,0,0,0,4.780327581,132.974086,2.0253,960.8,380.8,1.787,4.012,5937.0
3847708,K00389.01,FALSE POSITIVE,0,1,1,0,3.741231778,171.70626,2.469,419.0,66.6,0.767,4.598,5206.0
3849155,K00390.01,FALSE POSITIVE,0,1,1,0,1.168310132,170.604205,1.31,283.3,64.7,0.857,4.487,5509.0
3942670,K00392.02,CONFIRMED,0,0,0,0,12.6119685,138.1189,6.372,76.5,12.2,1.42,4.178,6007.0
6949898,K03031.01,CANDIDATE,0,0,0,0,7.64809462,137.21737,2.216,195.9,12.2,0.85,4.554,5641.0
10585738,K03032.01,CONFIRMED,0,1,0,0,0.636424848,131.68872,0.947,217.9,18.1,0.885,4.538,5343.0
7186665,K03033.01,FALSE POSITIVE,0,1,0,0,8.55935323,137.22854,4.303,148.8,20.4,0.919,4.462,6115.0
7022573,K03112.01,CANDIDATE,0,0,0,0,2.118893997,132.8042,0.822,311.4,11.3,0.796,4.583,5504.0
7676423,K03113.01,CONFIRMED,0,0,0,0,2.46050095,133.61605,1.861,276.8,16.7,0.634,4.626,4811.0
9288237,K03114.01,CANDIDATE,0,0,0,0,7.49133777,135.31257,6.315,34.5,14.4,1.71,3.993,6177.0
11714231,K03115.01,CONFIRMED,0,0,0,0,5.8660127,136.35647,3.985,183.0,16.8,1.04,4.427,6020.0
8753657,K00321.02,CONFIRMED,0,0,0,0,4.62334491,132.37083,3.0189,62.0,25.2,0.97,4.484,5678.0
8948424,K00322.01,FALSE POSITIVE,0,1,0,0,5.888835386,173.582863,3.7988,19466.0,208.2,1.0,4.438,5780.0
9139084,K00323.01,CONFIRMED,0,0,0,0,5.83599485,169.87446,2.062,553.3,11.2,0.828,4.542,5423.0
9641041,K00324.01,FALSE POSITIVE,0,1,1,1,1.089077863,171.230501,2.4676,133.6,104.8,1.551,4.098,6280.0
9724984,K00325.01,FALSE POSITIVE,0,0,1,1,7.86335883,171.00299,3.4303,467.3,74.3,1.913,4.005,5731.0
2452450,K00380.01,FALSE POSITIVE,0,1,1,1,8.0970583,170.81044,5.699,680.7,76.4,1.455,4.2,6573.0
3230578,K00381.01,FALSE POSITIVE,0,1,0,0,6.337614357,170.189414,1.742,1807.4,132.7,1.536,4.138,6581.0
3231137,K00382.01,FALSE POSITIVE,0,1,1,1,3.900140077,172.37193,3.77,543.1,53.6,0.955,4.48,6407.0
3353050,K00384.01,CONFIRMED,0,0,0,0,5.0800579,174.42853,5.207,222.8,56.7,2.52,3.769,6049.0
3446746,K00385.01,CONFIRMED,0,0,0,0,13.14496741,174.8467,3.6399,300.8,44.1,0.888,4.477,5411.0
5695396,K00283.01,CONFIRMED,0,0,0,0,16.09196369,170.598832,2.8943,415.8,84.9,1.016,4.414,5680.0
6593150,K03037.01,CANDIDATE,0,0,0,0,5.4654174,133.58893,3.209,219.5,14.2,0.829,4.566,5612.0
8051946,K03038.01,CONFIRMED,0,0,0,0,1.4951513,132.66025,3.43,52.0,14.2,1.452,4.117,5635.0
6523351,K03117.01,CANDIDATE,0,0,0,0,6.06664931,136.14365,1.962,65.3,10.9,0.892,4.521,5569.0
5551672,K03119.01,CANDIDATE,0,0,0,0,2.184437698,133.67492,1.0422,1546.8,19.7,0.25,5.014,3421.0
11499192,K03120.01,CONFIRMED,0,0,0,0,4.13592927,133.53763,2.377,156.2,15.2,1.152,4.345,5886.0
12416661,K03122.01,CONFIRMED,0,0,0,0,8.05337912,134.9588,5.382,38.3,14.9,2.062,3.976,6231.0
8197793,K03123.01,CANDIDATE,0,0,0,0,15.2311195,143.73591,3.91,269.1,13.1,1.186,4.316,5836.0
9880467,K00326.01,FALSE POSITIVE,0,1,1,0,8.97349999,171.03075,3.1408,935.1,44.1,11.536,2.52,4751.0
9881662,K00327.01,CONFIRMED,0,0,0,0,3.254277742,172.66256,2.9903,159.9,58.6,1.089,4.402,5945.0
9895004,K00328.01,FALSE POSITIVE,0,0,1,0,2.250826647,170.321819,1.536,534.4,104.3,1.119,4.308,5779.0
3733628,K00387.01,CONFIRMED,0,0,0,0,13.89963233,182.864454,3.5791,1121.7,98.2,0.663,4.607,4538.0
3831053,K00388.01,CONFIRMED,0,0,0,0,6.14955931,169.55182,5.5694,333.7,87.3,1.775,3.973,5687.0
6357290,K03040.01,CANDIDATE,0,0,0,0,4.8099878,133.00671,1.97,288.2,13.6,0.934,4.507,5988.0
4072955,K03041.01,CANDIDATE,0,0,0,0,5.08288076,134.00557,2.515,108.0,12.5,1.083,4.375,6217.0
9834731,K03043.01,CANDIDATE,0,0,0,0,3.08942807,134.1999,3.214,85.3,13.2,1.103,4.418,6137.0
4076976,K03124.01,FALSE POSITIVE,0,0,1,1,4.8807805,133.705,9.4,79.0,15.9,0.516,4.738,4763.0
8751796,K03125.01,CONFIRMED,0,0,0,0,4.45342418,133.09066,3.654,46.6,16.3,1.269,4.269,6256.0
7097534,K03126.01,FALSE POSITIVE,0,1,1,1,2.21396685,132.56407,4.374,81.6,19.1,0.93,4.461,5986.0
9907129,K03127.01,CONFIRMED,0,0,0,0,9.705693,140.3709,7.702,140.8,14.2,1.385,4.178,5808.0
9527334,K00049.01,CONFIRMED,0,0,0,0,8.31377304,175.99137,2.964,837.4,19.6,0.951,4.509,5900.0
10031885,K00329.01,FALSE POSITIVE,0,1,1,1,8.58969597,174.9625,8.471,245.1,45.9,0.9,4.523,6024.0
11361646,K00330.01,CONFIRMED,0,0,0,0,7.97420583,174.52718,5.3503,293.1,55.1,1.081,4.386,5973.0
11361646,K00330.02,CONFIRMED,0,0,0,0,1.88899036,132.09517,3.486,59.0,18.2,1.081,4.386,5973.0
10285631,K00331.01,CONFIRMED,0,0,0,0,18.68405716,170.83245,6.9329,381.5,54.2,1.614,4.038,5548.0
4159347,K00394.01,FALSE POSITIVE,0,1,1,0,12.28351275,174.36652,3.634,597.8,23.4,2.759,3.668,6171.0
3544595,K00069.01,CONFIRMED,0,0,0,0,4.72674037,134.926396,2.9267,273.1,287.8,0.894,4.472,5648.0
4165960,K00395.01,FALSE POSITIVE,0,0,1,0,6.77449545,171.0118,2.5416,481.9,41.9,1.342,4.265,6517.0
4252322,K00396.01,CANDIDATE,0,0,0,0,14.591504451,180.851546,1.1295,1490.5,68.0,1.312,4.199,5940.0
9301506,K03047.01,FALSE POSITIVE,0,1,1,0,0.605223042,131.75593,0.8986,232.3,20.7,0.757,4.559,5089.0
9714550,K03048.01,CONFIRMED,0,0,0,0,4.73292061,131.579,1.746,151.6,15.5,0.796,4.581,5595.0
5475042,K03050.01,CANDIDATE,0,0,0,0,1.242639742,131.88125,1.763,159.3,16.1,0.818,4.572,5520.0
10252275,K03130.01,CONFIRMED,0,0,0,0,14.8638496,142.95729,2.705,220.6,12.3,0.8,4.508,5159.0
10252275,K03130.02,CONFIRMED,0,0,0,0,5.65245733,136.97891,2.062,121.0,11.7,0.8,4.508,5159.0
11455181,K03131.01,CONFIRMED,0,0,0,0,10.9294815,141.5034,5.893,196.9,14.3,0.864,4.547,5792.0
9541295,K03132.01,CANDIDATE,0,0,0,0,0.536650319,131.71106,2.383,41.9,31.0,2.0,3.922,6020.0
10290666,K00332.01,CONFIRMED,0,0,0,0,5.45849914,172.08857,4.0448,255.9,72.0,1.135,4.396,5914.0
10337258,K00333.01,CONFIRMED,0,0,0,0,13.28536452,169.86052,6.283,377.6,26.8,1.9,3.973,6534.0
10383687,K00334.01,FALSE POSITIVE,0,1,1,1,8.4879444,176.92505,3.224,119.3,19.5,1.039,4.396,6134.0
10518725,K00336.01,FALSE POSITIVE,0,1,1,1,19.5148412,132.60757,3.096,102.7,13.1,2.556,3.854,7004.0
12314973,K00279.02,CONFIRMED,0,0,0,0,15.4130812,136.94324,6.6358,264.3,55.2,1.573,4.159,6206.0
5450893,K02970.01,CONFIRMED,0,0,0,0,4.82051088,135.78541,3.588,40.9,14.8,1.396,4.158,6046.0
4770174,K02971.01,CANDIDATE,0,0,0,0,6.09595681,134.59214,5.502,65.7,18.1,1.467,4.228,6313.0
8949925,K02972.01,CANDIDATE,0,0,0,0,13.2511214,141.178,4.996,266.5,15.2,1.217,4.297,5850.0
5091016,K02973.01,FALSE POSITIVE,0,1,1,0,5.76556718,134.96501,3.138,213.3,17.6,1.072,4.404,6218.0
9959492,K03051.01,CANDIDATE,0,0,0,0,11.682369,134.8311,2.71,234.5,11.2,0.889,4.527,6089.0
8827575,K03052.01,CANDIDATE,0,0,0,0,10.12956201,135.99804,3.044,81.3,12.2,0.842,4.528,5383.0
8827575,K03052.02,CONFIRMED,0,0,0,0,15.6112238,144.8735,3.873,113.5,15.7,0.842,4.528,5383.0
7216284,K03056.01,CONFIRMED,0,0,0,0,6.69958851,134.1468,2.831,253.7,13.6,0.799,4.586,5296.0
8703887,K00287.01,FALSE POSITIVE,0,1,0,0,14.170972781,175.60775,3.7316,13496.5,308.1,1.715,4.231,8347.0
9899352,K03135.01,FALSE POSITIVE,0,1,1,1,1.332562831,132.05088,6.24,297.9,37.3,0.863,4.549,5718.0
6945786,K03136.01,CONFIRMED,0,0,0,0,2.39161966,133.07956,1.906,189.2,13.6,0.685,4.589,4935.0
5978170,K03140.01,CONFIRMED,0,0,0,0,5.68879083,131.6672,2.55,241.5,13.8,0.639,4.63,4234.0
5440317,K03141.01,CONFIRMED,0,0,0,0,2.31941571,131.93925,1.591,96.4,11.7,1.248,4.256,5624.0
10545066,K00337.01,CONFIRMED,0,0,0,0,19.7830259,177.72013,5.4898,373.2,41.8,1.099,4.335,5747.0
6056992,K00051.01,FALSE POSITIVE,0,1,1,0,10.431146765,133.936337,3.8853,29375.6,400.2,1.0,4.438,5780.0
10552611,K00338.01,CONFIRMED,0,0,0,0,7.0106324,174.57542,3.0688,327.3,48.7,0.782,4.567,4908.0
10552611,K00338.02,CONFIRMED,0,0,0,0,3.10762684,132.63359,2.361,77.2,15.6,0.782,4.567,4908.0
10587105,K00339.01,CONFIRMED,0,0,0,0,1.980356674,170.139601,2.4743,271.9,71.9,1.189,4.29,6078.0
10587105,K00339.02,CONFIRMED,0,0,0,0,12.8344771,138.32626,3.846,281.0,35.0,1.189,4.29,6078.0
11090556,K02977.01,CONFIRMED,0,0,0,0,2.7881793,131.84558,3.397,55.8,17.7,1.385,4.168,5758.0
11090556,K02977.02,CONFIRMED,0,0,0,0,4.13827684,133.2285,3.449,63.8,16.8,1.385,4.168,5758.0
10686814,K02978.01,FALSE POSITIVE,0,0,1,1,2.61846258,134.02945,3.505,275.3,18.7,0.643,4.626,4266.0
6021275,K00284.01,CONFIRMED,0,0,0,0,18.01019956,179.42137,3.516,177.7,43.4,1.101,4.322,5931.0
3234843,K03057.02,CONFIRMED,0,0,0,0,10.61368712,140.85316,3.498,559.8,18.9,0.877,4.54,5815.0
8192911,K03058.01,FALSE POSITIVE,0,0,1,0,7.53887442,135.3319,3.147,342.1,13.6,0.667,4.601,5318.0
10554967,K03059.01,FALSE POSITIVE,0,0,1,0,0.53633519,131.71447,1.0547,444.1,29.9,0.84,4.569,5508.0
5688790,K03144.01,CONFIRMED,0,0,0,0,8.07394097,540.04161,2.455,1056.0,16.0,0.398,4.869,3675.0
1717722,K03145.01,CONFIRMED,0,0,0,0,4.53702121,132.1846,1.813,504.4,15.7,0.688,4.633,4805.0
1717722,K03145.02,CANDIDATE,0,0,0,0,0.977311489,131.70299,1.403,250.7,14.8,0.688,4.633,4805.0
10878263,K00341.01,CONFIRMED,0,0,0,0,7.170710381,176.666844,2.9225,863.3,89.3,0.941,4.437,5497.0
10878263,K00341.02,CONFIRMED,0,0,0,0,4.699652821,177.61519,2.553,351.4,41.6,0.941,4.437,5497.0
10982872,K00343.01,CONFIRMED,0,0,0,0,4.761705895,170.335759,3.3061,497.1,138.5,1.225,4.263,5794.0
10982872,K00343.02,CONFIRMED,0,0,0,0,2.024143568,170.496204,2.5273,239.4,88.4,1.225,4.263,5794.0
2720514,K02979.01,FALSE POSITIVE,0,0,1,0,1.371288853,131.93796,1.4528,66.2,16.9,1.108,4.378,6220.0
4141376,K00280.01,CONFIRMED,0,0,0,0,11.87290814,180.895933,2.5342,332.7,84.7,1.04,4.412,6147.0
9468551,K02980.01,CONFIRMED,0,0,0,0,1.638652525,132.29025,1.952,166.9,16.4,0.981,4.472,6119.0
9076971,K02981.01,CONFIRMED,0,0,0,0,9.06687613,134.75185,3.381,367.2,14.6,0.789,4.515,5142.0
8360640,K02982.01,CONFIRMED,0,0,0,0,4.0223109,135.17298,0.853,227.8,11.0,0.827,4.544,5516.0
11019987,K03060.01,CONFIRMED,0,0,0,0,6.9131732,138.4219,4.73,39.1,12.5,1.444,4.21,6296.0
4857058,K03061.01,CONFIRMED,0,0,0,0,7.32851947,132.12857,1.211,277.8,14.0,0.874,4.464,5135.0
10924562,K03063.01,CONFIRMED,0,0,0,0,18.6052046,149.0376,6.829,242.5,13.1,1.238,4.365,6572.0
9899505,K03064.01,FALSE POSITIVE,1,0,1,1,1.332562787,132.05138,6.28,1111.9,125.2,0.967,4.487,6091.0
5040077,K03065.01,CANDIDATE,0,0,0,0,0.896382269,132.29651,1.113,136.4,11.7,0.843,4.502,5837.0
9592705,K00288.01,CONFIRMED,0,0,0,0,10.27532513,177.27227,6.3093,209.7,99.5,2.086,3.96,6150.0
10611420,K03148.01,FALSE POSITIVE,0,0,1,0,11.50528603,135.1016,2.098,260.2,11.4,1.108,4.41,6355.0
3558981,K00052.01,FALSE POSITIVE,0,1,0,0,2.98786272,168.011233,2.5814,42789.0,98.0,0.821,4.544,5231.0
11100383,K00346.01,CONFIRMED,0,0,0,0,12.92489803,170.78679,2.6811,959.0,49.5,0.768,4.584,5103.0
7918652,K02984.01,CANDIDATE,0,0,0,0,11.45541896,136.32524,4.95,68.6,15.8,1.356,4.276,6231.0
8847111,K02985.01,FALSE POSITIVE,0,0,1,0,0.575884418,132.00778,2.0734,272.2,43.2,1.044,4.442,6290.0
4568298,K02986.01,FALSE POSITIVE,0,1,1,1,0.562555067,131.74958,1.7402,198.3,21.7,0.832,4.561,5793.0
4374339,K02987.01,FALSE POSITIVE,0,0,1,0,0.993703494,132.142,0.7645,67.4,14.5,2.715,3.808,6854.0
6636320,K02989.01,CONFIRMED,0,0,0,0,6.33125228,137.14149,2.688,306.6,16.2,0.759,4.603,5383.0
6021275,K00284.02,CONFIRMED,0,0,0,0,6.41491277,169.64044,3.3629,121.0,51.1,1.101,4.322,5931.0
3230805,K03068.01,CANDIDATE,0,0,0,0,3.91679553,133.60274,2.072,161.3,13.2,0.686,4.637,4889.0
10488450,K00290.01,FALSE POSITIVE,0,0,1,0,2.683395376,171.42605,1.8592,234.7,52.9,1.529,4.195,6958.0
10933561,K00291.02,CONFIRMED,0,0,0,0,8.12999858,134.10067,2.1492,148.0,26.1,1.4,4.144,5611.0
11075737,K00292.01,CONFIRMED,0,0,0,0,2.586639524,171.842572,2.253,217.7,77.3,0.966,4.421,5780.0
11189127,K00347.01,FALSE POSITIVE,0,1,0,0,2.671942657,169.853908,1.9119,15942.0,97.5,1.055,4.335,6116.0
11394027,K00349.01,CONFIRMED,0,0,0,0,14.38682567,170.455049,2.1417,569.6,61.7,1.072,4.353,5725.0
7609553,K02924.02,CANDIDATE,0,0,0,0,8.85686712,134.13633,0.606,319.2,11.9,0.797,4.516,5017.0
11395587,K00350.01,CANDIDATE,0,0,0,0,12.99065074,177.23865,2.3748,392.3,42.5,1.027,4.402,5787.0
5520547,K02990.01,CONFIRMED,0,0,0,0,11.20058855,137.51003,4.562,219.9,19.2,0.898,4.524,6038.0
4848424,K02991.01,FALSE POSITIVE,0,0,1,1,1.50179931,131.55611,3.275,100.1,19.1,0.736,4.613,5024.0
8866102,K00042.01,CONFIRMED,0,0,0,0,17.83367834,181.233943,4.5112,326.9,154.5,1.337,4.268,6407.0
4143755,K00281.01,CONFIRMED,0,0,0,0,19.55662003,189.04354,8.087,298.9,111.0,1.36,4.094,5671.0
11244137,K02994.01,CONFIRMED,0,0,0,0,2.03387483,131.91927,3.097,73.6,15.7,1.899,3.913,5282.0
6072593,K03070.01,FALSE POSITIVE,0,0,1,0,5.07538255,133.92978,1.7,163.1,16.0,1.118,4.334,5933.0
8546542,K03073.01,CANDIDATE,0,0,0,0,7.40985182,138.18222,1.131,201.1,13.5,0.836,4.56,5462.0
8197560,K03074.01,FALSE POSITIVE,0,0,1,0,1.02425556,131.49437,2.6439,1631.7,40.6,0.764,4.594,5337.0
11200415,K00293.01,FALSE POSITIVE,0,0,1,1,4.63958598,172.21917,2.768,83.4,28.1,1.646,4.024,6591.0
8613535,K02263.03,CANDIDATE,0,0,0,0,15.5943758,140.3138,7.367,95.4,11.9,1.076,4.428,6249.0
11547513,K00295.01,CONFIRMED,0,0,0,0,5.317440164,171.875619,2.9331,292.5,80.9,1.054,4.377,5923.0
11547513,K00295.02,CONFIRMED,0,0,0,0,10.10575764,135.50958,2.0138,116.8,19.9,1.054,4.377,5923.0
2445975,K00053.01,FALSE POSITIVE,0,1,1,0,3.388887193,172.259054,2.4475,11267.8,162.9,1.0,4.438,5780.0
6531496,K03646.02,FALSE POSITIVE,0,1,1,0,0.512869432,132.01554,4.015,2313.0,133.9,0.895,4.529,5853.0
3848275,K02995.01,CONFIRMED,0,0,0,0,5.19492747,131.62458,3.167,272.9,16.5,1.224,4.374,6415.0
12021625,K02996.01,CONFIRMED,0,0,0,0,15.9314412,141.81212,2.435,556.7,14.8,0.721,4.616,5380.0
9777256,K02997.01,FALSE POSITIVE,0,0,0,1,1.33251589,132.0842,4.216,140.5,22.2,1.068,4.291,5701.0
7433585,K02999.01,FALSE POSITIVE,0,1,1,0,0.545544979,131.72408,1.954,92.6,24.8,0.92,4.509,6050.0
3328080,K03075.01,CONFIRMED,0,0,0,0,4.76559056,133.50531,2.2,67.5,15.2,1.125,4.258,5702.0
8430964,K03078.01,CONFIRMED,0,0,0,0,2.98618134,133.46926,2.969,122.9,12.0,1.041,4.447,6173.0
6021275,K00284.03,CONFIRMED,0,0,0,0,6.17817366,168.8626,3.2601,101.9,43.5,1.101,4.322,5931.0
10619142,K03082.01,FALSE POSITIVE,0,0,1,1,2.04516705,132.36168,3.625,154.8,16.5,2.157,4.112,9206.0
12256520,K02264.02,CANDIDATE,0,0,0,0,7.25101997,138.1878,2.799,122.8,12.2,0.827,4.571,5382.0
11905011,K00297.01,CONFIRMED,0,0,0,0,5.65178922,172.27915,3.0933,134.1,39.5,1.463,4.218,6085.0
12785320,K00298.01,CONFIRMED,0,0,0,0,19.96367208,178.30806,2.6403,270.9,36.3,0.79,4.541,5250.0
2692377,K00299.01,CONFIRMED,0,0,0,0,1.541676547,170.543719,1.9118,296.5,94.1,1.089,4.337,5533.0
3742855,K00045.01,FALSE POSITIVE,0,1,0,0,6.397185875,174.365353,5.8638,18887.0,394.7,1.0,4.438,5780.0
3438975,K00300.01,FALSE POSITIVE,0,0,1,1,2.976020742,171.65845,3.73,114.9,60.6,1.796,3.939,5947.0
11568987,K00354.01,CONFIRMED,0,0,0,0,15.95995611,171.52098,4.3149,523.2,70.9,0.965,4.501,5936.0
11568987,K00354.02,CONFIRMED,0,0,0,0,7.37867551,135.82271,3.349,125.1,22.3,0.965,4.501,5936.0
11621223,K00355.01,CONFIRMED,0,0,0,0,4.903321801,172.900587,2.8887,334.5,84.5,1.298,4.276,6045.0
11624249,K00356.01,CONFIRMED,0,0,0,0,1.82708193,170.52583,1.96401,1164.7,273.7,1.769,3.864,5311.0
10000941,K04146.02,CANDIDATE,0,0,0,0,2.5738437,132.17126,1.92,46.6,10.9,0.854,4.477,5115.0
5702939,K03000.01,FALSE POSITIVE,0,0,1,0,18.3980827,144.9175,4.438,145.0,17.2,1.015,4.381,5605.0
3852655,K03002.01,CONFIRMED,0,0,0,0,11.62904159,132.82099,2.97,88.0,13.7,1.131,4.307,5721.0
11255231,K03003.01,FALSE POSITIVE,0,0,1,0,13.6550963,137.52651,4.117,196.3,14.6,0.962,4.487,6065.0
7106173,K03083.01,CANDIDATE,0,0,0,0,10.18318233,133.21404,3.137,51.5,11.2,1.084,4.421,5843.0
7106173,K03083.03,CANDIDATE,0,0,0,0,8.2942929,134.8478,3.976,36.8,10.1,1.084,4.421,5843.0
3324986,K03084.01,FALSE POSITIVE,0,0,1,1,1.540411479,131.99239,1.703,107.1,12.1,0.812,4.57,5769.0
11912932,K03085.01,FALSE POSITIVE,0,0,1,1,3.74785358,134.18012,3.713,98.2,18.8,0.886,4.537,5706.0
8162789,K00521.01,CONFIRMED,0,0,0,0,10.161023528,172.000736,3.1627,1653.9,111.1,1.06,4.387,6032.0
8265218,K00522.01,CANDIDATE,0,0,0,0,12.82993461,169.944919,2.942,1417.4,79.6,0.844,4.555,5862.0
8355239,K00574.02,CONFIRMED,0,0,0,0,10.39986173,141.51366,3.377,275.3,22.8,0.826,4.501,4963.0
9210823,K00090.01,FALSE POSITIVE,0,0,1,1,0.828206212,135.722038,1.737,132.3,68.1,3.227,3.598,5812.0
9115800,K00421.01,CONFIRMED,0,0,0,0,4.454194254,172.8202233,2.3061,16041.5,1022.2,0.915,4.425,5359.0
9597411,K00424.01,FALSE POSITIVE,0,1,0,0,1.575631524,170.393276,2.59202,25626.6,465.4,0.858,4.537,6202.0
6850504,K00070.04,CONFIRMED,0,0,0,0,6.09855603,135.92906,2.9815,84.4,24.8,0.925,4.449,5465.0
10934674,K00477.01,CONFIRMED,465,0,0,0,16.54295261,169.65031,3.8516,726.0,36.1,0.867,4.518,5215.0
10990886,K00478.01,CONFIRMED,0,0,0,0,11.023474798,171.114662,1.4814,1795.5,77.2,0.537,4.718,3744.0
11134879,K00480.01,CONFIRMED,0,0,0,0,4.30165843,172.311001,2.1055,739.4,88.3,0.865,4.509,5480.0
11192998,K00481.01,CONFIRMED,0,0,0,0,7.650243513,171.972352,2.752,981.4,98.8,0.746,4.609,5409.0
8934495,K00524.01,CONFIRMED,0,0,0,0,4.592393816,172.004723,2.2748,1027.7,105.9,0.796,4.582,5351.0
9119458,K00525.01,CANDIDATE,0,0,0,0,11.53029332,173.726435,1.8385,1209.3,57.6,1.152,4.289,5770.0
5866724,K00085.01,CONFIRMED,0,0,0,0,5.859935955,132.040528,4.0185,322.8,186.7,1.424,4.22,6181.0
9157634,K00526.01,CONFIRMED,0,0,0,0,2.104721971,171.044219,1.7547,905.5,153.3,0.975,4.498,5703.0
9636569,K00527.01,FALSE POSITIVE,0,1,1,1,10.63624422,171.69616,5.055,231.7,24.7,0.774,4.591,5834.0
8565266,K00578.01,CONFIRMED,0,0,0,0,6.412512953,169.879804,5.2677,1156.4,183.1,1.108,4.366,6026.0
8616637,K00579.01,CONFIRMED,0,0,0,0,2.019997006,170.07102,1.8073,332.8,52.1,0.787,4.562,5103.0
8616637,K00579.02,CONFIRMED,0,0,0,0,3.763041531,132.59298,1.6011,354.5,37.9,0.787,4.562,5103.0
8625925,K00580.01,CONFIRMED,0,0,0,0,6.521209629,175.7111,2.7975,760.4,69.8,0.898,4.529,5822.0
8822216,K00581.01,CONFIRMED,0,0,0,0,6.996926239,175.914281,2.7374,1317.4,101.6,0.893,4.541,5713.0
4548011,K04288.04,CANDIDATE,0,0,0,0,13.9509565,144.287,5.231,35.7,11.2,1.227,4.275,5888.0
9967884,K00425.01,FALSE POSITIVE,0,1,1,0,5.428344915,169.753676,1.8931,13756.0,140.2,0.965,4.501,5936.0
10016874,K00426.01,CANDIDATE,0,0,0,0,16.30141333,172.14753,3.5764,942.3,62.4,1.138,4.328,6072.0
11192998,K00481.02,CONFIRMED,0,0,0,0,1.55400389,169.830304,1.7664,465.8,82.1,0.746,4.609,5409.0
11255761,K00482.01,FALSE POSITIVE,0,1,1,0,4.99270186,169.55323,3.1008,557.4,42.3,0.951,4.429,5724.0
11497977,K00483.01,CONFIRMED,0,0,0,0,4.79860021,173.257466,3.0384,817.4,88.1,0.847,4.557,5631.0
9941859,K00528.01,CONFIRMED,0,0,0,0,9.57665962,176.683759,3.3603,746.8,82.6,1.076,4.322,5386.0
10068030,K00529.01,FALSE POSITIVE,0,1,0,0,2.023123903,170.513161,1.1829,1288.9,76.0,0.803,4.578,5559.0
10266615,K00530.01,CONFIRMED,0,0,0,0,10.94026745,170.30551,2.3494,538.6,30.6,0.864,4.547,5749.0
10395543,K00531.01,CANDIDATE,0,0,0,0,3.687469832,170.8803594,1.0668,5057.6,363.9,0.606,4.659,4004.0
9020160,K00582.01,CONFIRMED,0,0,0,0,5.945043548,170.472237,2.7004,800.2,67.6,0.868,4.469,5105.0
9020160,K00582.02,CONFIRMED,0,0,0,0,17.73842886,148.99011,3.0049,605.5,29.8,0.868,4.469,5105.0
9020160,K00582.03,CONFIRMED,0,0,0,0,9.93962361,131.58267,3.432,300.1,21.5,0.868,4.469,5105.0
10418224,K00428.01,CONFIRMED,0,0,0,0,6.8731664,172.518826,6.8569,3753.8,535.5,2.179,3.942,6490.0
10616679,K00429.01,CONFIRMED,0,0,0,0,8.600099313,172.529281,4.0077,2791.6,209.2,0.805,4.501,5246.0
10717241,K00430.01,CONFIRMED,0,0,0,0,12.37646897,179.404945,2.7075,1709.0,81.2,0.607,4.664,4200.0
10717241,K00430.02,CANDIDATE,0,0,0,0,9.340538,135.12248,2.57,200.8,11.1,0.607,4.664,4200.0
10843590,K00431.01,CONFIRMED,0,0,0,0,18.87022157,178.71167,3.1404,1096.6,72.7,0.865,4.452,5402.0
6850504,K00070.05,CONFIRMED,0,0,0,0,19.5776073,135.2032,3.382,98.1,17.2,0.925,4.449,5465.0
12061222,K00484.01,CONFIRMED,0,0,0,0,17.20522898,175.05878,3.6688,1080.6,75.7,0.689,4.643,5211.0
12316431,K00485.01,FALSE POSITIVE,0,1,1,1,17.90766147,175.55977,5.396,1089.3,78.4,0.993,4.471,6153.0
12834874,K00487.01,CONFIRMED,0,0,0,0,7.65880048,173.03964,3.0427,668.2,57.6,0.855,4.508,5657.0
2557816,K00488.01,CONFIRMED,0,0,0,0,9.3789167,176.45197,3.3427,563.5,42.6,0.808,4.493,5684.0
10454313,K00532.01,CONFIRMED,0,0,0,0,4.221626193,173.699895,3.0619,658.0,83.7,0.987,4.472,6123.0
10513530,K00533.01,CONFIRMED,0,0,0,0,16.54967098,171.69398,4.3808,744.5,46.8,0.916,4.434,5372.0
5866724,K00085.02,CONFIRMED,0,0,0,0,2.154911236,133.498613,3.1341,99.7,83.0,1.424,4.22,6181.0
8121310,K00317.02,CANDIDATE,0,0,0,0,11.505879,136.2363,5.583,49.8,12.5,1.403,4.266,6336.0
10513530,K00533.02,CONFIRMED,0,0,0,0,3.52467888,131.63994,2.484,129.7,12.3,0.916,4.434,5372.0
10554999,K00534.01,CONFIRMED,0,0,0,0,6.400157105,174.02214,2.0004,743.2,49.1,0.766,4.597,5299.0
9076513,K00583.01,CONFIRMED,0,0,0,0,2.437029217,170.73808,3.2005,244.0,49.0,1.329,4.177,5573.0
9146018,K00584.01,CONFIRMED,0,0,0,0,9.9267215,175.68671,3.8428,725.5,97.3,0.982,4.43,5475.0
9146018,K00584.03,CONFIRMED,0,0,0,0,6.47027706,136.50567,3.343,116.9,18.3,0.982,4.43,5475.0
9279669,K00585.01,CONFIRMED,0,0,0,0,3.722158895,171.560055,1.9941,757.4,70.3,0.806,4.574,5617.0
10858832,K00432.01,CONFIRMED,0,0,0,0,5.263415218,174.351207,2.1446,1030.7,117.0,1.028,4.456,6099.0
10937029,K00433.01,CONFIRMED,0,0,0,0,4.030466786,171.092308,2.7734,2908.3,227.4,0.854,4.542,5234.0
2576197,K00489.01,FALSE POSITIVE,0,0,1,0,2.217038096,171.69587,1.8575,543.7,49.5,1.276,4.352,6521.0
3239945,K00490.01,CONFIRMED,0,0,0,0,4.393157678,172.867528,2.4455,447.2,63.0,0.692,4.631,4799.0
10187017,K00082.01,CONFIRMED,0,0,0,0,16.145671932,134.754877,3.7236,941.1,242.7,0.741,4.602,4900.0
10554999,K00534.02,CONFIRMED,0,0,0,0,2.735900074,171.0964,1.9359,428.9,44.5,0.766,4.597,5299.0
10873260,K00535.01,CONFIRMED,0,0,0,0,5.852968845,171.181624,4.5973,1146.5,152.4,1.013,4.45,6050.0
11073351,K00537.01,CONFIRMED,0,0,0,0,2.820190603,170.787705,2.554,467.5,64.2,1.121,4.359,5831.0
9570741,K00586.01,CONFIRMED,0,0,0,0,15.77980122,175.96934,4.0369,541.4,39.4,0.911,4.519,5941.0
9607164,K00587.01,CONFIRMED,0,0,0,0,14.03490255,171.60491,3.638,851.8,60.9,0.785,4.513,5258.0
9631762,K00588.01,CONFIRMED,0,0,0,0,10.35586478,175.68106,2.8431,660.9,49.5,0.778,4.539,4646.0
9782691,K00590.01,CONFIRMED,0,0,0,0,11.38840217,174.55377,3.6949,438.0,34.7,1.456,4.151,5876.0
11824222,K00437.01,CANDIDATE,0,0,0,0,15.84132627,177.142109,1.8215,31083.0,135.8,0.702,4.575,5119.0
12302530,K00438.01,CONFIRMED,0,0,0,0,5.931196562,174.796908,2.4999,1007.4,90.5,0.539,4.72,3984.0
11904151,K00072.01,CONFIRMED,0,0,0,0,0.837491225,131.574858,1.796,190.4,189.5,1.044,4.347,5676.0
3239945,K00490.03,CONFIRMED,0,0,0,0,7.40611676,134.07481,2.8826,417.9,49.6,0.692,4.631,4799.0
3541800,K00491.01,FALSE POSITIVE,0,0,1,0,4.66229074,169.65558,3.73,345.4,29.8,1.025,4.454,6191.0
3834360,K00493.01,FALSE POSITIVE,0,1,1,1,2.908453928,170.12474,2.5363,427.5,40.4,0.824,4.558,5786.0
11656721,K00541.01,CONFIRMED,0,0,0,0,13.64617478,180.34991,3.4098,633.0,43.4,0.829,4.566,5569.0
11853905,K00007.01,CONFIRMED,0,0,0,0,3.213668926,123.611878,3.98235,727.8,346.9,1.545,4.101,5795.0
5866724,K00085.03,CONFIRMED,0,0,0,0,8.13121389,137.99254,4.2386,111.8,55.3,1.424,4.22,6181.0
11669239,K00542.02,CONFIRMED,0,0,0,0,13.81733587,135.03413,4.261,223.2,20.4,1.028,4.356,5735.0
10656823,K00598.01,CONFIRMED,0,0,0,0,8.30783912,171.17201,3.1516,777.5,66.4,0.786,4.589,5320.0
10676824,K00599.01,CONFIRMED,0,0,0,0,6.45442931,173.21478,2.6772,586.1,45.3,0.943,4.496,6092.0
10718726,K00600.01,CONFIRMED,0,0,0,0,3.595769013,170.36915,3.1569,383.7,45.9,1.196,4.283,5762.0
12470954,K00439.01,CONFIRMED,0,0,0,0,1.902208647,170.449657,2.19877,2343.5,363.2,0.937,4.463,5400.0
2438264,K00440.01,CONFIRMED,0,0,0,0,15.90688891,177.9305,3.9879,924.7,75.0,0.797,4.554,5097.0
2438264,K00440.02,CONFIRMED,0,0,0,0,4.973455252,170.885791,1.6519,741.6,65.4,0.797,4.554,5097.0
4049108,K00495.01,FALSE POSITIVE,0,0,1,1,4.804469031,169.63529,3.4587,744.4,67.3,0.809,4.528,5470.0
4454752,K00496.01,CONFIRMED,0,0,0,0,1.616883373,169.80396,1.6325,437.3,43.9,1.816,3.902,4868.0
8212002,K02593.02,CANDIDATE,0,0,0,0,9.5539134,135.5281,5.261,26.8,13.1,1.307,4.299,6175.0
4757437,K00497.01,CONFIRMED,0,0,0,0,13.19322809,175.6096,5.0036,585.7,50.9,1.223,4.309,5946.0
10187017,K00082.02,CONFIRMED,0,0,0,0,10.31174786,134.07991,3.1818,275.9,81.7,0.741,4.602,4900.0
4757437,K00497.02,CONFIRMED,0,0,0,0,4.42535097,134.56312,3.504,179.0,22.1,1.223,4.309,5946.0
11823054,K00543.01,CONFIRMED,0,0,0,0,4.302139338,173.438922,2.0289,747.2,65.5,0.857,4.479,5041.0
11823054,K00543.02,CONFIRMED,0,0,0,0,3.137845914,133.55689,1.91,305.7,30.8,0.857,4.479,5041.0
7017274,K03209.02,CANDIDATE,0,0,0,0,6.77067637,133.34914,5.982,65.8,19.6,2.335,3.893,6337.0
11913012,K00544.01,FALSE POSITIVE,0,1,1,1,3.74782314,171.66634,5.133,423.4,53.8,1.053,4.454,6161.0
11972666,K00545.01,FALSE POSITIVE,0,1,1,0,1.09173174,170.37724,1.9719,186.9,32.2,0.788,4.587,5354.0
9886221,K00591.01,FALSE POSITIVE,0,0,1,1,2.9926465,170.80128,1.81,105.9,16.1,0.863,4.549,5718.0
12366084,K00787.03,CANDIDATE,0,0,0,0,0.589376952,131.8694,1.71,80.7,11.4,1.015,4.428,5714.0
9958962,K00593.01,CONFIRMED,0,0,0,0,9.99760285,171.78828,3.4423,638.7,39.0,0.977,4.484,6004.0
3745690,K00442.01,CONFIRMED,0,0,0,0,13.54057461,171.67762,4.4673,461.0,53.3,1.014,4.389,5767.0
3745690,K00442.02,CONFIRMED,0,0,0,0,1.732346403,134.53123,2.2139,182.4,41.2,1.014,4.389,5767.0
3745690,K00442.03,CONFIRMED,0,0,0,0,7.0257409,133.62713,2.245,190.7,21.2,1.014,4.389,5767.0
3833007,K00443.01,CONFIRMED,0,0,0,0,16.21774917,180.0425,4.9274,758.3,80.3,0.798,4.577,5837.0
3847138,K00444.01,CONFIRMED,0,0,0,0,11.72291212,177.3196,4.2064,492.2,58.8,0.953,4.431,5550.0
4847534,K00499.01,CONFIRMED,0,0,0,0,9.66857386,174.53483,2.4656,411.7,36.9,0.836,4.541,5288.0
4852528,K00500.01,CONFIRMED,0,0,0,0,7.053527145,176.474146,2.3982,1480.1,92.3,0.567,4.697,4041.0
4852528,K00500.02,CONFIRMED,0,0,0,0,9.521644639,177.484839,2.3569,1491.3,79.2,0.567,4.697,4041.0
4852528,K00500.03,CONFIRMED,0,0,0,0,3.072146607,134.030017,1.8732,539.0,44.9,0.567,4.697,4041.0
4852528,K00500.04,CONFIRMED,0,0,0,0,4.645382149,134.58939,2.0271,565.5,40.4,0.567,4.697,4041.0
12058931,K00546.02,CONFIRMED,0,0,0,0,9.82578495,131.42495,5.2498,433.3,38.1,1.092,4.433,6246.0
3437776,K00549.01,FALSE POSITIVE,0,1,1,0,10.29767658,131.73374,6.649,655.5,57.0,1.608,4.075,5671.0
10388286,K00596.01,CONFIRMED,0,0,0,0,1.682695938,170.453117,1.3867,703.8,75.4,0.47,4.787,3669.0
10600261,K00597.01,CONFIRMED,0,0,0,0,17.30795548,176.94326,5.1126,633.0,46.4,1.439,4.117,5565.0
6462863,K00094.02,CONFIRMED,0,0,0,0,10.423677439,138.009041,5.2257,777.3,204.4,1.331,4.234,6181.0
10600261,K00597.02,CONFIRMED,0,0,0,0,2.09227115,133.06258,2.4062,207.6,30.0,1.439,4.117,5565.0
4633570,K00446.01,CONFIRMED,0,0,0,0,16.70920628,174.75417,2.7052,839.8,40.4,0.668,4.605,4621.0
5021176,K00447.01,FALSE POSITIVE,0,1,1,1,4.045057186,172.68365,2.9954,752.7,62.2,0.87,4.473,5906.0
5640085,K00448.01,CONFIRMED,0,0,0,0,10.13958818,178.45074,2.6446,1155.9,40.3,0.5,4.758,3893.0
4852528,K00500.05,CONFIRMED,0,0,0,0,0.986785834,133.171292,1.1879,450.0,51.5,0.567,4.697,4041.0
5282051,K00502.01,FALSE POSITIVE,0,0,1,1,5.91037674,171.15166,3.421,256.9,34.5,0.867,4.443,5515.0
5340644,K00503.01,CONFIRMED,0,0,0,0,8.22241355,172.95657,2.71,1468.6,67.0,0.615,4.658,4213.0
3437776,K00549.02,FALSE POSITIVE,1,0,1,0,0.635587392,133.41665,4.7,147.7,40.9,1.608,4.075,5671.0
4165473,K00550.01,CONFIRMED,0,0,0,0,13.02363236,178.52482,3.9734,607.0,50.5,0.945,4.453,5627.0
4270253,K00551.01,CONFIRMED,0,0,0,0,11.6370303,178.84448,3.3372,604.3,36.4,1.198,4.257,5576.0
5544450,K03226.02,CANDIDATE,0,0,0,0,6.93650854,133.98309,3.674,88.7,11.3,1.574,4.173,6615.0
4270253,K00551.02,CONFIRMED,0,0,0,0,5.68798675,133.95607,2.2682,476.4,33.0,1.198,4.257,5576.0
5122112,K00552.01,FALSE POSITIVE,0,1,0,0,3.055171082,171.099046,1.6798,8665.3,143.2,0.987,4.426,6237.0
10973664,K00601.01,CONFIRMED,0,0,0,0,5.40426917,172.18553,2.5315,860.6,40.5,0.964,4.487,6122.0
10973664,K00601.02,CONFIRMED,0,0,0,0,11.67894236,131.5119,1.2641,1185.1,23.1,0.964,4.487,6122.0
10973664,K00601.03,CONFIRMED,0,0,0,0,1.208462378,133.67712,1.544,227.3,17.4,0.964,4.487,6122.0
9141746,K00929.02,CONFIRMED,0,0,0,0,2.85188338,132.1455,2.666,114.9,10.1,1.107,4.413,6123.0
12459913,K00602.01,CONFIRMED,0,0,0,0,12.91385906,177.27535,5.3685,487.9,40.5,0.997,4.41,6253.0
6200715,K00451.01,FALSE POSITIVE,0,0,1,1,3.723560726,172.17977,3.435,540.0,58.9,1.181,4.373,6535.0
8226050,K01910.02,CANDIDATE,0,0,0,0,18.3848331,135.4745,3.545,151.8,10.3,0.872,4.468,5083.0
6291033,K00452.01,CONFIRMED,0,0,0,0,3.705991661,169.94286,5.1658,501.4,100.3,1.034,4.409,6187.0
6889235,K00074.01,FALSE POSITIVE,1,0,0,0,5.188671659,125.879388,5.0534,548.9,331.6,1.941,4.205,9523.0
6758917,K00453.01,FALSE POSITIVE,0,1,0,0,2.236100588,169.64852,1.8643,27241.0,43.0,0.795,4.578,5708.0
5689351,K00505.01,CONFIRMED,0,0,0,0,13.76710058,174.81089,2.9105,684.8,41.6,0.76,4.582,5001.0
5689351,K00505.02,CONFIRMED,0,0,0,0,6.1954595,134.71507,2.952,296.4,27.1,0.76,4.582,5001.0
5689351,K00505.03,CONFIRMED,0,0,0,0,3.25058201,133.69472,2.2537,218.4,24.0,0.76,4.582,5001.0
5689351,K00505.04,CONFIRMED,0,0,0,0,8.34819209,136.84111,2.835,288.9,22.1,0.76,4.582,5001.0
5303551,K00553.01,FALSE POSITIVE,0,0,1,1,2.399069173,171.45413,3.2576,286.6,37.8,1.001,4.395,5654.0
5443837,K00554.01,CANDIDATE,0,0,0,0,3.65849707,170.54381,2.573,4398.0,47.0,1.822,3.972,5857.0
5709725,K00555.01,CONFIRMED,0,0,0,0,3.701765401,172.44778,2.6061,288.3,35.9,0.898,4.442,5252.0
7700871,K00088.01,FALSE POSITIVE,0,0,1,0,5.17968868,136.46144,3.7256,121.8,48.4,0.815,4.548,5761.0
9946525,K00398.02,CONFIRMED,0,0,0,0,4.180048081,173.719249,2.4479,1765.6,124.3,0.838,4.535,5227.0
9946525,K00398.03,CONFIRMED,0,0,0,0,1.729367077,133.81929,1.7442,484.4,44.7,0.838,4.535,5227.0
7289157,K00399.01,FALSE POSITIVE,0,1,0,0,5.26640614,173.833637,3.6163,59294.0,339.9,1.175,4.296,5916.0
2832589,K01942.02,CANDIDATE,0,0,0,0,2.433703498,133.83759,0.975,258.3,10.2,0.778,4.592,5251.0
7269974,K00456.01,CONFIRMED,0,0,0,0,13.69942266,171.48036,4.3409,1292.9,120.0,1.089,4.332,5541.0
7269974,K00456.02,CONFIRMED,0,0,0,0,4.309381978,134.03552,2.8977,310.7,42.3,1.089,4.332,5541.0
7440748,K00457.01,CONFIRMED,0,0,0,0,4.9213639,174.299322,1.8806,761.3,77.7,0.799,4.55,5076.0
5780715,K00506.01,FALSE POSITIVE,0,0,1,0,1.583160478,169.965242,1.1935,732.6,97.7,1.012,4.476,6063.0
5812960,K00507.01,CONFIRMED,0,0,0,0,18.49234792,173.49816,3.4744,1655.5,61.4,0.838,4.477,5289.0
6266741,K00508.01,CONFIRMED,0,0,0,0,7.930583519,169.516944,3.6083,826.1,89.9,1.032,4.446,5674.0
10187017,K00082.04,CONFIRMED,0,0,0,0,7.07136119,139.98763,2.757,65.7,22.4,0.741,4.602,4900.0
5738496,K00556.01,FALSE POSITIVE,0,1,1,1,9.50150926,175.67002,6.852,509.5,34.8,0.908,4.518,5938.0
5774349,K00557.01,CONFIRMED,0,0,0,0,15.65563866,170.78358,3.9305,955.9,53.2,0.837,4.484,5185.0
10285631,K00331.02,CANDIDATE,0,0,0,0,10.52286678,137.78844,1.911,130.2,10.1,1.614,4.038,5548.0
5978361,K00558.01,CONFIRMED,0,0,0,0,9.17858526,173.08746,2.1945,796.5,50.6,0.788,4.584,5506.0
6422367,K00559.01,FALSE POSITIVE,0,0,0,1,4.33144839,173.69466,2.58,216.4,17.3,0.728,4.55,5344.0
6850504,K00070.01,CONFIRMED,0,0,0,0,10.854095934,138.608031,3.7768,1034.4,252.8,0.925,4.449,5465.0
3342592,K00402.01,FALSE POSITIVE,0,1,0,0,17.177328207,170.54643,7.6702,24419.2,1357.5,0.973,4.485,6032.0
7440748,K00457.02,CONFIRMED,0,0,0,0,7.064252021,135.379512,1.3867,728.9,52.5,0.799,4.55,5076.0
7977197,K00459.01,CONFIRMED,0,0,0,0,19.44639139,170.10238,3.6227,926.0,82.4,0.954,4.421,5815.0
7977197,K00459.02,CONFIRMED,0,0,0,0,6.91986988,134.11594,3.4253,170.1,25.6,0.954,4.421,5815.0
6266741,K00508.02,CONFIRMED,0,0,0,0,16.6658994,180.20215,4.1934,754.2,60.8,1.032,4.446,5674.0
6381846,K00509.01,CONFIRMED,0,0,0,0,4.16696628,169.715517,2.7535,877.7,80.1,0.943,4.45,5456.0
4367854,K02876.02,FALSE POSITIVE,1,0,1,0,0.535224793,131.73629,3.3402,228.7,48.8,0.738,4.551,5044.0
6381846,K00509.02,CONFIRMED,0,0,0,0,11.46347165,137.38521,2.599,1048.6,56.5,0.943,4.45,5456.0
6422155,K00510.01,CONFIRMED,0,0,0,0,2.940304817,169.90496,2.7226,472.4,51.8,1.054,4.376,5527.0
6665695,K00561.01,CONFIRMED,0,0,0,0,5.378868001,169.61512,2.7222,483.4,60.6,0.774,4.567,5077.0
6707833,K00563.01,CONFIRMED,0,0,0,0,15.28467725,175.62345,6.0768,321.3,38.1,1.374,4.181,5763.0
6786037,K00564.03,CONFIRMED,0,0,0,0,6.21716039,131.71857,4.4289,211.2,25.0,1.247,4.254,5751.0
5218441,K00407.01,FALSE POSITIVE,0,1,1,0,3.613757526,171.422542,5.9128,4872.2,591.2,0.906,4.498,5986.0
5351250,K00408.01,CONFIRMED,0,0,0,0,7.381980206,173.072659,3.1152,1433.8,101.6,0.914,4.47,5559.0
8043638,K00460.01,CONFIRMED,0,0,0,0,17.58751692,176.077382,4.3773,1377.8,109.4,1.107,4.302,5433.0
8621348,K00461.01,FALSE POSITIVE,0,1,1,1,11.34436822,172.84392,5.558,586.3,52.2,0.752,4.602,5594.0
8773869,K00462.01,FALSE POSITIVE,0,0,1,0,1.576341127,170.88145,3.1232,335.1,88.7,1.666,3.967,5087.0
8845205,K00463.01,CONFIRMED,0,0,0,0,18.47762694,185.269061,1.94,2604.6,75.7,0.283,4.97,3395.0
8890783,K00464.02,CONFIRMED,0,0,0,0,5.350156114,195.761347,2.2647,764.8,87.1,0.953,4.467,5592.0
6422155,K00510.02,CONFIRMED,0,0,0,0,6.38899658,175.4761,3.5032,543.3,45.8,1.054,4.376,5527.0
6422155,K00510.03,CONFIRMED,0,0,0,0,14.62709685,136.23467,4.097,396.4,22.7,1.054,4.376,5527.0
6451936,K00511.01,CONFIRMED,0,0,0,0,8.00579096,170.50325,3.0549,629.7,69.2,0.935,4.395,6032.0
6451936,K00511.02,CONFIRMED,0,0,0,0,4.26374378,133.72073,2.2725,182.0,23.8,0.935,4.395,6032.0
7025846,K00565.01,FALSE POSITIVE,0,0,1,1,2.340523247,170.19754,3.156,175.4,37.2,0.981,4.397,6056.0
7445445,K00567.01,CONFIRMED,0,0,0,0,10.68758211,169.93115,3.3812,777.7,78.9,0.848,4.524,5788.0
5351250,K00408.02,CONFIRMED,0,0,0,0,12.56096618,166.79483,3.7647,923.1,55.1,0.914,4.47,5559.0
6850504,K00070.02,CONFIRMED,0,0,0,0,3.696121272,134.5014,2.463,383.4,130.0,0.925,4.449,5465.0
5351250,K00408.04,CONFIRMED,0,0,0,0,3.42806306,132.36268,2.417,178.4,16.6,0.914,4.47,5559.0
5444548,K00409.01,CONFIRMED,0,0,0,0,13.24931848,179.52171,4.4859,647.6,87.8,1.078,4.361,5799.0
9008220,K00466.01,CANDIDATE,0,0,0,0,9.391039263,170.539799,2.8386,2895.6,141.0,1.498,4.132,5944.0
9583881,K00467.01,CONFIRMED,0,0,0,0,18.00932214,182.441015,4.9611,3004.4,245.2,0.877,4.54,5815.0
10187017,K00082.05,CONFIRMED,0,0,0,0,5.28691996,135.85427,2.579,41.5,15.8,0.741,4.602,4900.0
6838050,K00512.01,CONFIRMED,0,0,0,0,6.51003001,172.91588,3.3095,602.8,48.1,1.153,4.327,5638.0
7602070,K00514.01,FALSE POSITIVE,0,1,1,0,11.75560012,176.07519,4.7,648.8,46.3,0.806,4.575,5644.0
7812179,K00515.01,FALSE POSITIVE,0,1,1,1,17.79421914,169.605214,4.1918,1549.4,111.5,0.805,4.574,5485.0
7595157,K00568.01,CONFIRMED,0,0,0,0,3.383540239,169.63859,1.403,255.7,36.2,0.986,4.385,5300.0
7595157,K00568.02,CONFIRMED,0,0,0,0,2.358952404,132.68957,1.593,94.1,17.3,0.986,4.385,5300.0
8008206,K00569.02,CONFIRMED,0,0,0,0,1.632916419,134.54956,1.5599,209.2,31.0,0.803,4.538,4979.0
7906892,K04773.02,CANDIDATE,0,0,0,0,11.1438086,131.725,7.905,41.7,10.9,1.11,4.349,6095.0
5449777,K00410.01,FALSE POSITIVE,0,1,0,0,7.216951388,176.283024,1.89082,4284.5,312.2,1.056,4.38,6266.0
5478055,K00411.01,FALSE POSITIVE,0,0,1,1,15.85238672,174.22654,5.179,928.5,36.5,1.005,4.322,5903.0
5683743,K00412.01,CONFIRMED,0,0,0,0,4.147021189,170.325835,2.8997,3680.7,421.2,1.205,4.266,5818.0
5791986,K00413.01,CONFIRMED,0,0,0,0,15.22895514,176.56001,2.5967,1124.8,63.8,0.812,4.562,5456.0
9703198,K00469.01,CANDIDATE,0,0,0,0,10.32906563,174.608213,1.44,2309.8,114.8,1.049,4.441,6228.0
9844088,K00470.01,CONFIRMED,0,0,0,0,3.750832927,171.151696,1.9457,2397.9,212.5,0.95,4.512,5776.0
10019643,K00471.02,CONFIRMED,0,0,0,0,7.81100952,132.30566,3.231,126.7,15.8,1.071,4.324,5395.0
10123064,K00472.01,CONFIRMED,0,0,0,0,4.243748097,173.563074,3.3603,1409.7,139.8,0.843,4.554,5873.0
7840044,K00516.01,FALSE POSITIVE,0,1,1,1,13.54204116,171.09767,3.334,338.7,26.4,1.015,4.395,5891.0
8015907,K00517.01,CONFIRMED,0,0,0,0,2.752359689,171.259808,2.0722,791.9,115.7,0.897,4.499,5461.0
8017703,K00518.01,CONFIRMED,0,0,0,0,13.98177862,181.975114,2.958,1018.4,95.6,0.651,4.615,4859.0
8106610,K00570.01,FALSE POSITIVE,0,1,1,0,12.39894005,172.78184,4.262,702.9,50.7,1.108,4.41,6355.0
8120608,K00571.01,CONFIRMED,0,0,0,0,7.26731094,174.31292,2.2691,659.1,47.8,0.443,4.8,3751.0
8120608,K00571.02,CONFIRMED,0,0,0,0,13.3430025,176.90387,2.7399,799.7,47.1,0.443,4.8,3751.0
8120608,K00571.03,CONFIRMED,0,0,0,0,3.886795001,133.32959,1.7574,471.3,41.8,0.443,4.8,3751.0
5872150,K00414.02,FALSE POSITIVE,0,0,1,0,5.92240377,173.81802,3.691,413.4,44.4,1.077,4.404,6081.0
6508221,K00416.01,CONFIRMED,0,0,0,0,18.20795835,185.84306,3.7965,1596.9,157.3,0.738,4.612,5176.0
10155434,K00473.01,CONFIRMED,0,0,0,0,12.70636123,180.63164,2.395,871.7,54.0,0.839,4.562,5573.0
10460984,K00474.01,CONFIRMED,0,0,0,0,10.94577783,176.71834,3.0937,532.8,52.5,1.097,4.342,5888.0
10460984,K00474.04,CONFIRMED,0,0,0,0,5.03505665,132.65597,1.804,151.5,16.6,1.097,4.342,5888.0
8022244,K00519.01,CONFIRMED,0,0,0,0,11.90352088,178.34161,4.297,633.0,47.2,1.001,4.47,6063.0
2571238,K00084.01,CONFIRMED,0,0,0,0,9.286964466,135.9945,3.3649,691.7,251.9,0.81,4.575,5546.0
8037145,K00520.01,CONFIRMED,0,0,0,0,12.75934489,170.32152,3.5889,882.1,70.4,0.826,4.501,4963.0
8037145,K00520.02,CONFIRMED,0,0,0,0,5.433132902,138.36644,2.4012,328.2,33.1,0.826,4.501,4963.0
2140389,K07627.01,FALSE POSITIVE,0,0,1,0,0.967427812,132.258305,5.8883,9127.8,323.4,0.709,4.625,5066.0
8193178,K00572.01,CONFIRMED,0,0,0,0,10.64021008,179.77776,5.4381,455.3,58.6,1.233,4.281,6112.0
8193178,K00572.02,CONFIRMED,0,0,0,0,4.93883135,135.95465,4.388,123.5,21.3,1.233,4.281,6112.0
8344004,K00573.01,CONFIRMED,0,0,0,0,5.996533443,172.50558,3.3129,711.4,70.5,1.089,4.346,5622.0
8344004,K00573.02,CONFIRMED,0,0,0,0,2.06190864,133.19888,1.9743,214.0,27.9,1.089,4.346,5622.0
6879865,K00417.01,CANDIDATE,0,0,0,0,19.193103549,176.966757,2.5425,6807.3,258.5,0.892,4.53,5883.0
8352537,K00420.01,CONFIRMED,0,0,0,0,6.010383339,174.084883,2.1939,2652.1,276.1,0.738,4.558,4882.0
3248033,K00006.01,FALSE POSITIVE,0,0,1,1,1.334101467,133.703081,2.1033,120.8,43.0,1.58,4.106,6178.0
9552608,K00080.01,CANDIDATE,0,0,0,0,9.250572762,135.407531,3.6373,1039.5,351.4,3.294,3.715,8133.0
10577994,K00475.01,CONFIRMED,0,0,0,0,8.1808949,176.69885,2.7546,723.5,48.7,0.77,4.596,5081.0
10577994,K00475.02,CONFIRMED,0,0,0,0,15.31296388,171.79412,3.0935,864.9,45.3,0.77,4.596,5081.0
10599206,K00476.01,CONFIRMED,0,0,0,0,18.42794957,178.43963,2.9264,706.6,36.0,0.779,4.536,4768.0
10068383,K00725.01,FALSE POSITIVE,0,1,0,0,7.30497811,169.64592,4.5414,10930.0,69.6,0.744,4.609,5247.0
10157573,K00726.01,FALSE POSITIVE,0,0,1,0,5.115750935,173.26599,2.5378,1055.8,51.8,1.101,4.411,6398.0
10191070,K00727.01,FALSE POSITIVE,0,0,1,1,1.213745575,170.582782,5.5835,2012.2,213.7,0.661,4.606,4820.0
10221013,K00728.01,CANDIDATE,0,0,0,0,7.189379172,170.117783,2.0351,8126.4,288.5,1.076,4.442,6214.0
10225800,K00729.01,FALSE POSITIVE,0,0,1,0,1.423799421,169.67436,1.4866,2008.4,125.3,1.019,4.464,5962.0
2299738,K07628.01,CANDIDATE,0,0,0,0,1.8134378,132.6703,7.776,97.4,19.1,0.7,4.618,5094.0
10227020,K00730.01,CONFIRMED,0,0,0,0,14.78767172,176.79399,6.1191,781.8,39.4,1.248,4.269,5814.0
4563268,K00627.02,CONFIRMED,0,0,0,0,4.16536757,132.04068,3.2935,120.0,30.4,0.912,4.52,5604.0
4644604,K00628.01,CONFIRMED,0,0,0,0,14.48584765,175.00624,3.1365,457.1,52.2,1.085,4.352,5784.0
4659405,K00630.01,FALSE POSITIVE,0,1,1,1,4.532402495,171.92667,3.12,339.1,43.1,1.173,4.278,5575.0
4742414,K00631.01,CONFIRMED,0,1,0,0,15.458056682,173.782454,8.79536,4253.2,1055.9,1.407,4.169,5868.0
7730747,K00684.01,CANDIDATE,0,0,0,0,4.034914368,172.257813,1.7874,800.1,92.6,1.793,3.964,5548.0
7764367,K00685.01,CONFIRMED,0,0,0,0,3.173914037,170.92525,3.6069,303.0,76.1,1.584,4.164,6432.0
7976520,K00687.01,CANDIDATE,0,0,0,0,4.17838675,171.98866,2.123,316.0,15.1,1.687,4.039,5746.0
10227020,K00730.02,CONFIRMED,0,0,0,0,9.84824649,138.38845,5.7471,436.7,25.3,1.248,4.269,5814.0
10227020,K00730.03,CONFIRMED,0,0,0,0,19.7243672,135.05923,7.202,577.9,26.0,1.248,4.269,5814.0
10227020,K00730.04,CONFIRMED,0,0,0,0,7.38443269,137.47412,5.7351,349.8,23.7,1.248,4.269,5814.0
10259031,K00731.01,FALSE POSITIVE,0,1,1,1,7.06115081,169.86425,3.547,1526.9,60.4,0.848,4.554,5795.0
4827723,K00632.01,CONFIRMED,0,0,0,0,7.23858162,171.21912,3.1199,268.2,41.6,0.831,4.561,5411.0
4861736,K00634.01,FALSE POSITIVE,0,1,1,0,6.277827312,172.5786,8.6841,1856.8,191.3,0.891,4.526,6077.0
5020319,K00635.01,CONFIRMED,0,0,0,0,16.71987303,171.40143,3.317,523.1,19.2,1.085,4.389,6020.0
5090690,K00636.01,FALSE POSITIVE,0,1,0,0,12.011661094,176.6358115,3.77516,14293.6,1898.4,2.396,3.91,6753.0
8161561,K00688.01,CONFIRMED,0,0,0,0,3.275821982,170.25357,3.0427,274.9,64.4,1.972,4.013,6185.0
8361905,K00689.01,CONFIRMED,0,0,0,0,15.87360981,182.40408,3.5246,415.6,38.4,0.737,4.607,5656.0
8409588,K00690.01,FALSE POSITIVE,0,1,0,0,1.360834768,169.709729,1.4886,1570.5,169.8,0.872,4.543,6215.0
11250587,K00107.01,CONFIRMED,0,0,0,0,7.256962446,134.023923,4.9402,463.2,168.3,1.549,4.112,5858.0
8480285,K00691.02,CONFIRMED,0,0,0,0,16.2254975,144.02673,6.471,120.4,20.3,1.098,4.322,5956.0
10265898,K00732.01,CONFIRMED,0,0,0,0,1.260258822,170.408984,1.8594,1130.7,128.2,0.954,4.5,5550.0
10265898,K00732.02,CANDIDATE,0,0,0,0,3.29534567,132.48799,1.902,141.9,10.4,0.954,4.5,5550.0
2302758,K07629.01,FALSE POSITIVE,0,1,1,0,0.542122617,131.98408,1.283,88.3,16.3,0.998,4.476,5875.0
10265898,K00732.03,CONFIRMED,0,0,0,0,5.25449393,132.55624,3.078,169.0,12.6,0.954,4.5,5550.0
10271806,K00733.01,CONFIRMED,0,0,0,0,5.924993927,169.71629,2.8874,1608.1,68.5,0.679,4.641,5016.0
10271806,K00733.02,CONFIRMED,0,0,0,0,11.34934848,134.31805,3.1101,1249.8,41.7,0.679,4.641,5016.0
5120087,K00639.01,CONFIRMED,0,0,0,0,17.97979816,182.24179,5.5828,459.1,43.9,1.352,4.272,6141.0
8557374,K00692.01,CONFIRMED,0,0,0,0,2.462344253,171.84315,1.8113,180.1,42.1,1.008,4.467,5736.0
8557374,K00692.02,CONFIRMED,0,0,0,0,4.822969318,134.43535,0.8752,332.1,36.0,1.008,4.467,5736.0
8738735,K00693.02,CONFIRMED,0,0,0,0,15.66057688,146.3487,7.012,384.1,67.5,1.044,4.45,6000.0
8802165,K00694.01,CONFIRMED,0,0,0,0,17.42115972,184.245906,4.9974,928.1,114.3,0.972,4.487,5679.0
10271806,K00733.03,CONFIRMED,0,0,0,0,3.13295351,135.67494,2.2207,435.2,23.9,0.679,4.641,5016.0
10271806,K00733.04,CONFIRMED,0,0,0,0,18.64349986,141.62687,1.8491,813.4,16.1,0.679,4.641,5016.0
4055765,K00100.01,CANDIDATE,0,0,0,0,9.9664004,141.15324,5.0127,1619.0,125.9,3.079,3.664,6638.0
5131180,K00641.01,CANDIDATE,0,0,0,0,14.85185526,177.9987,3.5263,1341.0,58.3,0.652,4.636,4129.0
5181817,K00642.01,FALSE POSITIVE,0,0,1,1,4.350413063,171.43565,1.7694,192.5,37.8,0.876,4.534,5978.0
5309353,K00643.01,FALSE POSITIVE,0,1,0,0,1.376384817,169.72919,1.745,365.9,47.8,0.746,4.591,5278.0
8869680,K00696.01,FALSE POSITIVE,0,0,1,0,7.03380109,174.15772,6.4185,138.5,46.7,1.934,4.019,6122.0
8878187,K00697.01,CONFIRMED,0,0,0,0,3.032147946,171.734281,3.8627,488.6,103.1,1.447,4.151,5827.0
4914423,K00108.01,CONFIRMED,0,0,0,0,15.96532718,142.178033,4.5837,482.2,144.2,1.433,4.154,5880.0
8891278,K00698.01,FALSE POSITIVE,0,1,0,0,12.718711489,172.995345,2.48998,8378.9,550.2,1.596,4.036,6120.0
10340423,K00736.01,CONFIRMED,0,0,0,0,18.79418506,177.79426,3.2906,1529.0,40.2,0.602,4.668,4126.0
10340423,K00736.02,CONFIRMED,0,0,0,0,6.73893544,135.28218,2.813,601.3,24.2,0.602,4.668,4126.0
10345478,K00737.01,FALSE POSITIVE,0,1,0,0,14.49839316,182.679596,3.7343,3271.1,125.6,0.735,4.602,5268.0
10358759,K00738.01,CONFIRMED,0,0,0,0,10.3392408,170.38549,3.075,1184.6,51.4,0.87,4.545,5730.0
5374854,K00645.01,CONFIRMED,0,0,0,0,8.50339249,170.86894,2.9569,188.9,28.5,1.265,4.233,5877.0
5384802,K00646.01,FALSE POSITIVE,0,1,0,0,3.041547148,170.4878722,3.22798,20690.7,1670.6,1.295,4.293,6431.0
5531694,K00647.01,CONFIRMED,0,0,0,0,5.16949729,170.31339,4.5122,210.6,66.2,1.409,4.123,6011.0
5596440,K00648.01,CANDIDATE,0,0,0,0,10.47490332,171.99906,33.7939,1170.2,150.5,3.232,3.616,6526.0
8908102,K00699.01,FALSE POSITIVE,0,1,0,0,5.41460536,174.65563,33.787,4080.1,294.4,2.943,3.676,6033.0
8962094,K00700.02,CONFIRMED,0,0,0,0,9.36059705,171.97292,3.2069,236.5,42.0,0.828,4.563,5677.0
8962094,K00700.03,CONFIRMED,0,0,0,0,14.6672293,145.42058,3.742,198.1,30.5,0.828,4.563,5677.0
10358759,K00738.02,CONFIRMED,0,0,0,0,13.28689997,172.11932,3.2825,1039.6,41.3,0.87,4.545,5730.0
10386984,K00739.01,CONFIRMED,0,0,0,0,1.287076693,169.815491,1.4942,729.4,65.2,0.525,4.724,3736.0
10395381,K00740.01,CONFIRMED,0,0,0,0,17.6717714,186.3704,3.4202,918.6,36.2,0.687,4.636,4869.0
8456679,K00102.01,CONFIRMED,0,0,0,0,1.73513619,135.060047,2.2741,952.6,473.2,1.071,4.391,5751.0
5786676,K00650.01,CONFIRMED,0,0,0,0,11.95474513,178.721694,2.1433,903.4,96.3,1.657,3.976,5059.0
5796675,K00652.01,CONFIRMED,0,0,0,0,16.080657264,182.7601,2.8701,3076.0,195.9,0.817,4.547,5303.0
9002278,K00701.01,CONFIRMED,0,0,0,0,18.16407304,180.812425,2.9355,943.2,99.7,0.662,4.653,4926.0
9002278,K00701.02,CONFIRMED,0,0,0,0,5.71489692,170.921904,2.3572,425.9,73.0,0.662,4.653,4926.0
9053112,K00702.01,FALSE POSITIVE,0,1,1,1,1.274840187,169.86973,14.833,229.2,79.3,2.872,3.669,5365.0
9162741,K00703.01,FALSE POSITIVE,0,0,1,0,1.368617188,169.95175,1.6235,126.9,44.4,1.584,4.14,6561.0
5893123,K00653.01,FALSE POSITIVE,0,1,1,0,1.125963085,169.634,1.5034,146.0,43.1,1.116,4.348,6225.0
5941160,K00654.01,CONFIRMED,0,0,0,0,8.59481851,171.62781,3.254,336.5,37.5,0.915,4.459,5675.0
5941160,K00654.02,CONFIRMED,0,0,0,0,10.22215697,135.89017,1.1939,238.2,13.6,0.915,4.459,5675.0
3749508,K07544.02,FALSE POSITIVE,0,1,0,0,1.065731229,132.039287,1.7499,3639.6,109.2,10.105,2.897,6244.0
9266431,K00704.01,CONFIRMED,0,0,0,0,18.39629744,185.13946,2.7838,680.2,58.4,0.804,4.57,5316.0
9300285,K00705.01,FALSE POSITIVE,0,0,1,0,1.012672041,170.189232,3.0512,1197.6,237.4,1.338,4.275,6663.0
5966660,K00656.01,FALSE POSITIVE,0,0,1,0,1.906633332,170.064102,3.0825,268.0,83.3,1.243,4.335,6736.0
6020753,K00657.01,CONFIRMED,0,0,0,0,4.069425638,171.017743,2.0396,549.1,68.0,0.68,4.636,4671.0
8456679,K00102.02,CONFIRMED,0,0,0,0,4.06844957,132.27614,2.8349,79.8,29.3,1.071,4.391,5751.0
6020753,K00657.02,CONFIRMED,0,0,0,0,16.28247625,180.79815,2.9227,792.6,60.0,0.68,4.636,4671.0
6062088,K00658.01,CONFIRMED,0,0,0,0,3.162692075,169.64186,1.9529,503.7,75.4,1.085,4.355,5821.0
9458613,K00707.04,CONFIRMED,0,0,0,0,13.17555999,143.6789,6.6677,280.0,48.8,1.694,4.022,5900.0
9458613,K00707.05,CONFIRMED,0,0,0,0,5.66815821,131.88743,4.9064,119.7,27.3,1.694,4.022,5900.0
9530945,K00708.01,CONFIRMED,0,0,0,0,17.40665216,171.00688,6.864,586.9,85.7,1.216,4.274,6086.0
4752451,K00109.01,FALSE POSITIVE,0,1,1,0,6.41496453,132.86482,3.9015,201.2,53.1,1.183,4.259,6170.0
6062088,K00658.02,CONFIRMED,0,0,0,0,5.370639542,172.23815,2.1121,491.3,58.8,1.085,4.355,5821.0
6062088,K00658.03,CONFIRMED,0,0,0,0,11.32977062,133.96755,3.845,162.4,18.5,1.085,4.355,5821.0
6267535,K00660.01,CONFIRMED,0,0,0,0,6.07972016,170.58389,7.1228,290.8,77.9,1.346,4.139,5460.0
6347299,K00661.01,CONFIRMED,0,0,0,0,14.40090414,174.98964,4.1682,379.6,41.1,1.198,4.27,5815.0
9530945,K00708.02,CONFIRMED,0,0,0,0,7.69363627,176.5035,5.0324,295.1,55.1,1.216,4.274,6086.0
9590976,K00710.01,CONFIRMED,0,0,0,0,5.37493289,170.93379,3.9567,155.8,49.0,1.689,4.037,6167.0
9590976,K00710.02,CONFIRMED,0,0,0,0,8.58600968,137.95984,3.3443,102.1,23.2,1.689,4.037,6167.0
9590976,K00710.03,CONFIRMED,0,0,0,0,3.88688862,132.4955,3.683,58.3,20.8,1.689,4.037,6167.0
2441151,K00603.01,FALSE POSITIVE,0,1,1,1,2.192009479,171.671953,2.9453,1475.6,131.2,1.125,4.28,5499.0
3970233,K00604.01,FALSE POSITIVE,0,1,0,0,8.254912972,174.43554,6.8822,19242.4,438.2,0.835,4.5,5366.0
4832837,K00605.01,CONFIRMED,0,0,0,0,2.628117322,169.718913,1.8289,936.8,98.1,0.557,4.705,3939.0
4832837,K00605.02,CANDIDATE,0,0,0,0,5.06546874,131.94499,2.203,121.1,10.4,0.557,4.705,3939.0
5014753,K00606.01,FALSE POSITIVE,0,1,0,0,3.170626881,172.047171,2.7189,14610.0,113.2,1.034,4.428,6068.0
5441980,K00607.01,CANDIDATE,0,0,0,0,5.89399142,173.485973,1.2737,10993.0,252.5,0.893,4.541,5713.0
6365156,K00662.01,CONFIRMED,0,0,0,0,10.21418792,170.70466,5.8201,303.8,78.6,1.332,4.25,5843.0
6425957,K00663.01,CONFIRMED,0,0,0,0,2.755637216,170.845854,1.8559,536.7,99.8,0.553,4.709,4121.0
2444412,K00103.01,CONFIRMED,0,0,0,0,14.91095177,141.336726,3.325,864.5,116.9,0.899,4.5,5650.0
9597345,K00711.02,CONFIRMED,0,0,0,0,3.619309734,135.44164,3.0504,206.6,47.4,1.046,4.394,5497.0
9640976,K00712.01,FALSE POSITIVE,0,1,1,1,2.178150857,171.2325,1.931,162.5,37.4,0.836,4.56,5691.0
9640985,K00713.01,FALSE POSITIVE,0,1,1,1,2.178150567,171.232233,3.5065,511.3,131.4,1.254,4.328,6820.0
5608566,K00609.01,FALSE POSITIVE,0,1,0,0,4.396999852,172.023406,1.875,4576.8,63.3,1.156,4.311,5949.0
5686174,K00610.01,CONFIRMED,0,0,0,0,14.28228147,180.84677,2.6588,983.2,44.7,0.595,4.675,4102.0
6309763,K00611.01,CANDIDATE,0,0,0,0,3.251659087,171.0604906,1.5286,4747.9,466.2,1.087,4.419,6367.0
5903312,K00008.01,FALSE POSITIVE,0,0,1,1,1.16015259,121.704645,1.3433,170.2,48.4,0.985,4.433,5842.0
6462863,K00094.04,CONFIRMED,0,0,0,0,3.743166733,131.61967,3.6888,126.3,47.2,1.331,4.234,6181.0
6442340,K00664.01,CONFIRMED,0,0,0,0,13.13747785,170.22786,4.8655,212.8,43.1,1.143,4.314,5762.0
6442340,K00664.02,CONFIRMED,0,0,0,0,7.78199862,133.58871,3.947,106.9,25.6,1.143,4.314,5762.0
1434395,K07623.01,FALSE POSITIVE,0,0,1,0,2.2227289,131.895,2.617,279.1,10.5,20.848,2.354,4996.0
6685609,K00665.01,CONFIRMED,0,0,0,0,5.868066282,170.324046,4.1246,436.5,97.6,1.555,4.127,5918.0
6685609,K00665.02,CONFIRMED,0,0,0,0,1.61189046,133.5704,3.0792,101.1,38.0,1.555,4.127,5918.0
9450647,K00110.01,CONFIRMED,0,0,0,0,9.940666412,135.21559,3.9092,520.2,161.4,1.259,4.305,6215.0
9702072,K00714.01,CONFIRMED,0,0,0,0,4.182001885,172.789576,2.2209,847.4,160.3,0.865,4.551,5328.0
9834719,K00715.01,FALSE POSITIVE,0,1,0,0,1.621668852,170.358337,1.7517,7662.0,67.8,0.966,4.487,6106.0
9873254,K00717.01,CONFIRMED,0,0,0,0,14.70749512,175.79267,3.1506,262.0,36.3,1.28,4.247,5676.0
6960456,K00613.01,FALSE POSITIVE,0,0,1,1,5.07442951,171.55916,4.064,250.2,26.7,0.857,4.562,5448.0
7368664,K00614.01,CONFIRMED,0,0,0,0,12.874712426,170.022499,2.2491,3860.7,218.5,1.424,4.218,5963.0
6685609,K00665.03,CONFIRMED,0,0,0,0,3.07155284,133.30255,4.0935,86.0,27.2,1.555,4.127,5918.0
6752502,K00667.01,FALSE POSITIVE,0,0,1,0,4.305219002,170.453154,2.6845,9738.6,205.8,1.0,4.438,5780.0
6805146,K00668.01,FALSE POSITIVE,0,1,0,0,13.779711352,178.6879965,7.63871,25479.1,2013.6,2.947,3.643,6444.0
10318874,K00104.01,CONFIRMED,0,0,0,0,2.508057497,135.000657,1.1134,1507.6,312.7,0.761,4.597,4780.0
6960445,K00669.01,FALSE POSITIVE,0,1,1,1,5.07437786,171.56544,5.942,605.7,86.6,0.919,4.48,5661.0
9873254,K00717.02,CONFIRMED,0,0,0,0,0.900375925,133.11787,1.257,41.4,14.6,1.28,4.247,5676.0
9884104,K00718.01,CONFIRMED,0,0,0,0,4.585466941,169.86095,3.4437,383.5,84.8,1.495,4.16,5788.0
9950612,K00719.01,CONFIRMED,0,0,0,0,9.034190783,171.015329,1.5501,577.6,82.1,0.639,4.635,4499.0
9714696,K00616.01,FALSE POSITIVE,0,0,1,0,1.433339604,169.85606,1.3665,305.2,39.6,0.999,4.471,6077.0
10353968,K00618.01,CONFIRMED,0,0,0,0,9.07098164,178.3435,2.6903,1026.2,59.1,0.929,4.506,5672.0
10384962,K00619.01,FALSE POSITIVE,0,1,0,0,2.879243323,170.710636,2.6273,48050.0,200.5,0.885,4.533,5941.0
7033671,K00670.01,CONFIRMED,0,0,0,0,9.48965527,171.92604,3.587,262.2,42.5,1.204,4.279,5672.0
7040629,K00671.01,CONFIRMED,0,0,0,0,4.22865217,170.74053,3.3275,150.0,41.5,1.499,4.169,5966.0
7040629,K00671.02,CONFIRMED,0,0,0,0,7.46662068,132.7755,3.87,120.9,27.4,1.499,4.169,5966.0
7040629,K00671.03,CONFIRMED,0,0,0,0,16.25951967,144.53203,3.854,129.5,19.6,1.499,4.169,5966.0
7040629,K00671.04,CONFIRMED,0,0,0,0,11.1317901,134.42272,4.051,95.5,18.2,1.499,4.169,5966.0
6678383,K00111.01,CONFIRMED,0,0,0,0,11.427550984,137.613711,4.6074,500.9,165.5,1.005,4.394,5979.0
2308411,K07631.01,FALSE POSITIVE,0,0,1,0,0.983304511,132.48478,1.78,79.9,10.1,1.198,4.386,6363.0
9950612,K00719.04,CONFIRMED,0,0,0,0,4.159816554,133.78616,1.6261,160.3,35.6,0.639,4.635,4499.0
9963524,K00720.01,CONFIRMED,0,0,0,0,5.69059163,174.04885,2.557,1384.3,45.5,0.81,4.538,5244.0
5780885,K00097.01,CONFIRMED,0,1,0,0,4.885488596,134.2768785,5.16165,7458.4,2590.1,1.909,3.968,6036.0
12251650,K00621.01,CANDIDATE,0,0,0,0,17.761998411,174.1831018,2.4644,24176.9,731.7,0.669,4.612,5088.0
12068975,K00623.01,CONFIRMED,0,0,0,0,10.34973276,174.06193,4.4859,119.0,44.5,1.109,4.303,6003.0
7115785,K00672.01,CONFIRMED,0,0,0,0,16.08786246,172.81384,3.095,612.5,63.7,0.914,4.473,5506.0
7115785,K00672.03,FALSE POSITIVE,1,0,0,1,0.56680081,131.81737,3.6116,127.7,71.5,0.914,4.473,5506.0
7124613,K00673.01,CONFIRMED,0,0,0,0,4.41746257,170.79073,2.965,291.0,22.6,2.297,3.86,6570.0
8711794,K00105.01,CONFIRMED,0,0,0,0,8.981014925,136.649307,1.8478,1059.3,198.3,0.967,4.362,5666.0
7277317,K00674.01,CONFIRMED,0,0,0,0,16.33888067,177.917586,9.3599,1718.4,201.9,2.595,3.645,4877.0
9963524,K00720.02,CONFIRMED,0,0,0,0,10.04157214,137.08442,2.6577,1114.0,28.1,0.81,4.538,5244.0
9963524,K00720.03,CONFIRMED,0,0,0,0,18.36974658,131.86573,2.939,1143.3,20.1,0.81,4.538,5244.0
9963524,K00720.04,CONFIRMED,0,0,0,0,2.79590004,132.72971,2.056,383.7,16.3,0.81,4.538,5244.0
9964801,K00721.01,CONFIRMED,0,0,0,0,13.72462702,180.64807,6.9758,281.8,50.1,1.171,4.293,5817.0
12068975,K00623.02,CONFIRMED,0,0,0,0,15.67750191,179.47311,5.5082,115.5,39.6,1.109,4.303,6003.0
12068975,K00623.03,CONFIRMED,0,0,0,0,5.59931543,171.47391,3.8944,84.8,41.4,1.109,4.303,6003.0
3541946,K00624.01,CONFIRMED,0,0,0,0,17.79001678,182.43745,4.4116,871.4,67.2,0.927,4.474,5569.0
10264660,K00098.01,CONFIRMED,0,0,0,0,6.790120801,138.088199,6.0437,2302.3,526.1,2.001,3.954,6372.0
7385509,K00675.01,FALSE POSITIVE,0,0,1,1,1.655467295,169.54872,3.2424,1059.4,98.7,0.695,4.6,4583.0
7447200,K00676.01,CONFIRMED,0,0,0,0,7.972510087,171.585057,2.9754,3139.0,206.7,0.533,4.728,3912.0
7447200,K00676.02,CONFIRMED,0,0,0,0,2.453236139,170.892059,1.6691,1723.2,158.0,0.533,4.728,3912.0
7466863,K00677.01,FALSE POSITIVE,0,0,1,0,11.9710626,171.08425,2.7607,421.8,42.6,1.464,4.127,6312.0
7509886,K00678.01,CONFIRMED,0,0,0,0,6.0404622,172.59327,1.98,241.0,14.9,0.825,4.578,5297.0
7509886,K00678.02,CONFIRMED,0,0,0,0,4.13852825,132.01882,2.281,256.5,20.5,0.825,4.578,5297.0
10002866,K00723.01,CONFIRMED,0,0,0,0,3.936993144,169.650592,1.887,1266.0,59.3,0.843,4.563,5431.0
10002866,K00723.03,CONFIRMED,0,0,0,0,10.08881066,173.083353,1.7726,1995.9,51.4,0.843,4.563,5431.0
10005020,K00724.01,FALSE POSITIVE,0,0,1,0,6.97106919,174.70305,3.9125,452.8,41.7,0.983,4.493,5871.0
3541946,K00624.03,CONFIRMED,0,0,0,0,1.311842968,133.11058,1.7876,245.1,44.2,0.927,4.474,5569.0
4478168,K00626.01,CONFIRMED,0,0,0,0,14.58649856,172.22185,4.0249,378.7,53.0,1.191,4.29,6063.0
4478168,K00626.02,CANDIDATE,0,0,0,0,8.0292018,132.8283,3.462,65.6,11.7,1.191,4.29,6063.0
4563268,K00627.01,CONFIRMED,0,0,0,0,7.75192755,176.17197,3.5413,407.3,77.3,0.912,4.52,5604.0
7515212,K00679.02,CONFIRMED,0,0,0,0,16.2580276,139.6381,6.375,47.0,11.5,1.356,4.235,5867.0
7529266,K00680.01,CONFIRMED,0,0,0,0,8.600153929,177.642421,9.0015,4510.2,1208.1,3.913,3.475,6093.0
11553706,K00009.01,FALSE POSITIVE,0,1,1,0,3.719809197,135.068298,3.5317,2958.2,373.9,2.348,3.813,6284.0
2449053,K07633.01,FALSE POSITIVE,0,1,1,1,0.73975345,131.81739,4.2,481.8,86.2,0.935,4.436,5271.0
10489525,K00106.01,FALSE POSITIVE,0,1,1,1,1.612249049,131.85204,4.235,154.0,45.4,2.569,3.793,6732.0
11858979,K04062.01,FALSE POSITIVE,0,1,1,0,3.05933906,131.7541,1.7332,1169.2,37.7,1.116,4.337,6238.0
5900390,K04063.01,FALSE POSITIVE,0,1,1,0,0.624677585,131.8663,2.411,37.3,31.0,1.996,4.191,9653.0
5444334,K04064.01,FALSE POSITIVE,0,0,0,1,0.759763198,131.78816,3.083,202.5,30.8,0.818,4.572,5520.0
7256914,K04136.01,CANDIDATE,0,0,0,0,2.41750021,133.80584,4.33,58.2,15.2,1.308,4.189,5575.0
7256914,K04136.02,CANDIDATE,0,0,0,0,4.03357434,134.23275,5.886,66.2,15.5,1.308,4.189,5575.0
3542222,K04137.01,FALSE POSITIVE,0,1,1,0,0.504426087,131.894825,1.6276,614.5,81.7,0.901,4.452,6043.0
6871071,K02220.04,CANDIDATE,0,0,0,0,7.66462913,137.38342,3.614,114.1,13.2,1.515,4.087,5640.0
5530112,K04067.01,CONFIRMED,0,0,0,0,9.6887216,131.8295,2.0,655.5,18.1,1.196,4.358,6457.0
6226908,K04068.01,CONFIRMED,0,0,0,0,19.597317,135.26526,4.508,1014.1,23.7,1.019,4.368,5569.0
5906694,K04069.01,CONFIRMED,0,0,0,0,13.06243545,144.18426,3.244,464.3,21.4,0.655,4.615,4522.0
10186945,K04070.01,FALSE POSITIVE,0,1,0,0,0.793663156,131.79065,0.8244,186.2,23.7,0.825,4.533,5077.0
4636565,K04138.01,FALSE POSITIVE,0,0,1,1,2.81401302,133.0785,5.801,55.7,33.8,1.967,3.869,5541.0
9956082,K04139.01,CONFIRMED,0,0,0,0,3.74031708,134.70305,2.394,165.6,15.6,1.063,4.433,6260.0
3241248,K04141.01,FALSE POSITIVE,1,0,1,0,0.978046982,131.68639,2.6137,838.8,105.2,4.569,3.368,5100.0
9716302,K04142.01,FALSE POSITIVE,0,0,1,1,1.332566763,132.04547,4.001,384.9,18.2,0.752,4.599,5134.0
2708286,K04071.01,FALSE POSITIVE,0,0,0,1,1.89131005,132.66204,5.687,155.6,18.7,1.12,4.255,5706.0
6755944,K04072.01,CONFIRMED,0,0,0,0,0.692978457,131.80142,1.1366,61.0,20.9,2.304,3.805,6105.0
7777471,K04075.01,FALSE POSITIVE,0,1,1,1,0.885131111,131.8742,3.377,93.2,23.4,0.867,4.543,5904.0
10294509,K04143.01,FALSE POSITIVE,0,0,0,1,1.85447373,132.50369,2.665,306.8,18.9,0.743,4.609,5341.0
3003019,K07642.01,FALSE POSITIVE,0,1,1,0,0.502622858,131.61123,3.085,146.0,41.1,1.098,4.385,6029.0
3103212,K04145.01,CANDIDATE,0,0,0,0,3.25424652,133.5121,5.378,82.1,18.3,1.004,4.421,5692.0
10000941,K04146.01,CONFIRMED,0,0,0,0,3.50472344,133.72225,1.9464,90.7,18.4,0.854,4.477,5115.0
6871071,K02220.05,CANDIDATE,0,0,0,0,11.9294568,133.74078,3.193,132.3,11.7,0.9,4.48,5975.0
7690855,K04077.01,FALSE POSITIVE,1,0,0,1,0.786260569,132.166816,4.556,877.1,246.0,0.557,4.681,4223.0
5649837,K04078.01,FALSE POSITIVE,1,0,1,0,0.597934463,131.95507,3.1225,515.0,72.2,0.863,4.539,6052.0
8029197,K04147.01,FALSE POSITIVE,0,0,0,1,2.15292788,132.36514,3.043,41.4,21.5,1.555,3.969,5851.0
12257886,K04148.01,FALSE POSITIVE,0,1,1,1,2.61585431,132.42844,6.519,169.8,26.9,0.945,4.497,6131.0
10875007,K04149.01,CANDIDATE,0,0,0,0,9.54699216,140.15819,5.063,143.0,17.4,1.232,4.357,6274.0
10875007,K04149.02,CANDIDATE,0,0,0,0,14.708641,133.85125,5.394,130.6,12.8,1.232,4.357,6274.0
5036480,K04080.01,FALSE POSITIVE,0,0,1,1,1.061002863,132.52463,1.962,142.4,15.7,0.881,4.538,5767.0
6592832,K04082.01,FALSE POSITIVE,0,1,1,0,0.924821319,132.09187,2.594,122.4,24.3,0.974,4.455,6135.0
8524346,K04083.01,FALSE POSITIVE,0,0,0,1,4.4697452,133.00892,5.33,241.5,33.8,1.125,4.316,6102.0
5471271,K04155.01,FALSE POSITIVE,1,0,1,1,12.422216754,141.8461927,6.5533,54.5,11.0,1.084,4.424,6231.0
5881120,K04156.01,CONFIRMED,0,0,0,0,4.85018974,135.31157,5.676,64.5,15.8,0.973,4.485,6032.0
5041847,K04085.01,FALSE POSITIVE,1,0,0,1,0.914468919,132.120912,2.695,3426.3,189.0,0.989,4.415,5762.0
4770617,K02243.02,CONFIRMED,0,0,0,0,8.45805119,137.06123,2.998,258.7,18.3,1.471,4.198,6172.0
4946584,K04088.01,FALSE POSITIVE,1,0,1,0,0.907943645,132.133484,1.9144,1028.9,53.7,1.166,4.354,6434.0
8254882,K04164.01,FALSE POSITIVE,0,0,1,0,0.92565941,132.11002,1.488,30.0,11.2,1.612,4.135,6058.0
6042031,K04165.01,FALSE POSITIVE,0,1,0,0,0.537110149,131.55982,1.7976,92.0,41.1,2.537,3.739,5395.0
4078311,K04166.01,CONFIRMED,0,0,0,0,9.84262076,134.02155,1.6018,626.4,16.8,0.972,4.49,5585.0
5475735,K04167.01,FALSE POSITIVE,0,1,1,1,2.99194823,134.1641,4.39,99.6,18.2,0.727,4.62,5269.0
7038096,K04020.01,FALSE POSITIVE,0,1,0,1,0.566803149,131.79596,1.643,246.0,52.6,1.096,4.435,6147.0
3345973,K07652.01,FALSE POSITIVE,0,0,1,0,15.3466028,143.8142,4.966,238.5,13.0,2.259,3.934,6771.0
11967788,K04021.01,CANDIDATE,0,0,0,0,7.23531329,133.12054,3.338,112.2,14.0,1.421,4.219,6422.0
11972872,K04089.01,FALSE POSITIVE,1,0,0,0,0.531106622,131.906467,3.0293,5133.6,286.2,0.762,4.539,4978.0
9899233,K04090.01,FALSE POSITIVE,0,0,1,1,1.332547503,132.05767,4.521,130.3,25.5,0.999,4.471,6077.0
8521059,K04093.01,FALSE POSITIVE,0,1,1,0,0.535578808,131.80805,1.7973,193.6,38.3,1.313,4.264,6610.0
5217574,K04151.01,FALSE POSITIVE,0,0,1,0,0.89486317,132.21767,2.657,172.0,16.1,0.863,4.548,5764.0
8439323,K04153.01,CONFIRMED,0,0,0,0,4.62602867,134.68092,0.643,346.9,14.7,0.797,4.566,5834.0
7733731,K04022.01,CANDIDATE,0,0,0,0,4.85819429,135.14503,5.356,76.3,25.2,2.326,3.78,6109.0
10992011,K04025.01,FALSE POSITIVE,0,1,1,1,0.974479091,132.37246,1.866,221.2,25.3,0.819,4.502,5043.0
6276994,K04095.01,FALSE POSITIVE,0,0,1,0,1.10601182,131.83599,2.577,52.9,15.5,1.031,4.45,6241.0
5942808,K02250.02,CONFIRMED,0,0,0,0,0.626281766,131.90594,1.1812,433.1,31.0,0.823,4.505,4922.0
5688683,K04097.01,CONFIRMED,0,0,0,0,2.790643481,133.1555,0.6871,202.0,20.2,0.603,4.681,4353.0
6607644,K04159.01,CONFIRMED,0,0,0,0,0.971915957,132.16504,1.6023,73.7,16.7,0.889,4.458,5196.0
7610663,K04160.01,CONFIRMED,0,0,0,0,3.03196812,133.98825,1.723,81.5,15.8,0.993,4.402,5755.0
1293031,K04162.01,FALSE POSITIVE,1,0,0,0,0.53936593,131.97457,5.434,145.0,57.6,5.302,3.301,6341.0
2859299,K07640.01,FALSE POSITIVE,1,0,1,0,0.643703667,131.984908,0.801,172.0,40.3,1.114,4.362,6161.0
7449554,K02357.02,CANDIDATE,0,0,0,0,15.9042402,131.50051,2.093,444.8,13.3,1.53,4.077,5583.0
4067110,K04026.01,FALSE POSITIVE,1,0,1,0,0.735146413,131.49953,5.053,275.4,78.0,7.435,3.112,6611.0
8694309,K04027.01,FALSE POSITIVE,0,0,1,0,0.827351796,131.92381,2.1885,44.7,30.6,1.31,4.141,5609.0
8282651,K02193.02,CANDIDATE,0,0,0,0,4.16288745,131.67875,0.678,391.7,12.0,0.651,4.615,4478.0
7818447,K04028.01,FALSE POSITIVE,1,0,0,1,0.618952198,131.590434,2.8244,8324.1,259.3,0.116,5.283,2661.0
11569475,K04029.01,FALSE POSITIVE,1,0,0,0,1.31723412,132.13735,7.284,422.7,78.4,12.08,2.816,6740.0
5688683,K04097.02,CANDIDATE,0,0,0,0,4.44902309,131.75425,1.373,88.9,10.4,0.603,4.681,4353.0
8222627,K04098.01,CANDIDATE,0,0,0,0,1.121733366,131.56919,1.032,84.3,13.6,2.571,3.682,5023.0
8951205,K04099.01,CONFIRMED,0,0,0,0,4.95060632,132.80914,1.719,309.5,17.4,0.717,4.623,5431.0
9402583,K04168.01,FALSE POSITIVE,1,0,1,0,0.536544193,132.03219,2.918,159.5,25.3,0.728,4.597,5041.0
7838675,K04169.01,CONFIRMED,0,0,0,0,1.005205893,132.45541,1.63,97.5,15.0,0.863,4.549,5718.0
10858785,K04171.01,FALSE POSITIVE,0,1,1,1,0.952371227,132.34095,3.926,352.5,42.6,0.921,4.511,6086.0
9551430,K04030.01,FALSE POSITIVE,1,0,0,0,7.7553808,134.5191,22.321,839.6,55.9,0.766,4.539,5607.0
3228986,K04031.01,FALSE POSITIVE,0,1,1,1,0.730949487,132.22503,2.367,87.3,15.8,1.191,4.365,6238.0
7100673,K04032.01,CONFIRMED,0,0,0,0,3.95116635,134.22411,2.566,60.9,20.4,1.065,4.354,5574.0
7100673,K04032.02,CONFIRMED,0,0,0,0,2.89223998,132.86232,2.521,44.3,17.3,1.065,4.354,5574.0
4138557,K04033.01,FALSE POSITIVE,1,0,1,0,0.991552822,131.90235,1.135,607.2,17.3,1.862,3.888,5908.0
2708278,K04102.01,FALSE POSITIVE,0,0,1,1,1.89124187,132.7082,4.415,105.8,20.8,0.927,4.474,5285.0
10089911,K04034.01,CONFIRMED,0,0,0,0,6.96704926,138.24776,3.73,213.7,18.6,3.53,3.595,6303.0
3247404,K04035.01,FALSE POSITIVE,0,0,1,0,8.8109721,136.4718,4.822,24048.0,26.0,1.0,4.438,5780.0
7773179,K04038.01,FALSE POSITIVE,0,0,1,0,2.15681538,133.27151,5.115,106.5,22.6,0.983,4.45,6084.0
11017094,K04106.01,FALSE POSITIVE,1,0,1,0,0.708563091,132.10298,6.347,414.5,90.8,0.648,4.669,5271.0
3129238,K07645.01,CANDIDATE,0,0,0,0,2.00870696,131.51,4.87,53.5,12.2,0.759,4.526,5341.0
9899065,K04108.01,FALSE POSITIVE,0,1,1,1,1.33256418,132.0473,4.701,162.3,20.7,0.62,4.641,5157.0
7907808,K04109.01,CANDIDATE,0,0,0,0,0.655939788,132.09997,1.318,73.0,18.7,1.755,3.924,4968.0
5471792,K04110.01,FALSE POSITIVE,1,0,1,1,12.4258833,141.5008,24.83,93.6,34.4,1.632,3.933,5611.0
11145831,K04039.01,FALSE POSITIVE,0,0,1,0,1.387838134,132.11351,2.252,136.8,20.4,1.044,4.442,6273.0
11444952,K04040.01,FALSE POSITIVE,0,1,1,0,0.678349364,132.16318,3.092,486.0,12.0,0.829,4.566,5569.0
8647295,K04041.01,FALSE POSITIVE,0,1,1,1,1.022028468,132.3717,8.866,1344.5,184.5,0.855,4.456,5445.0
3444098,K04042.01,FALSE POSITIVE,1,0,0,0,0.72359699,131.57754,1.326,495.6,14.8,2.858,3.818,8855.0
5112567,K04043.01,FALSE POSITIVE,0,1,0,0,1.6156052,131.4952,14.55,1582.0,253.1,1.623,4.15,6770.0
2708343,K04111.01,FALSE POSITIVE,0,0,1,1,1.8913182,132.66252,4.374,202.3,17.6,0.633,4.627,4476.0
3348090,K04112.01,FALSE POSITIVE,0,0,1,0,2.43585046,132.89661,2.088,60.5,14.9,3.247,3.613,6501.0
9282762,K04113.01,FALSE POSITIVE,0,0,0,1,1.33255441,132.05269,3.828,106.7,15.1,1.028,4.456,6099.0
6311520,K04115.01,FALSE POSITIVE,0,1,0,0,0.941840589,131.80464,5.06,388.3,23.0,1.142,4.33,6419.0
5201115,K04044.01,FALSE POSITIVE,0,1,0,1,1.728521892,131.81736,3.361,92.2,30.2,1.157,4.282,5872.0
2708203,K04045.01,FALSE POSITIVE,0,0,1,1,1.89125855,132.6891,5.415,67.9,24.8,0.927,4.41,6569.0
4150496,K04046.01,FALSE POSITIVE,0,1,1,1,8.65312868,136.65308,3.376,508.6,22.6,0.893,4.525,5880.0
9655005,K04047.01,FALSE POSITIVE,0,1,0,0,1.39862757,132.65615,9.625,45.5,59.6,3.367,3.732,7872.0
11709124,K00435.06,CONFIRMED,0,0,0,0,9.91937693,136.87361,4.326,186.7,18.8,0.971,4.415,5688.0
3851194,K07671.01,FALSE POSITIVE,0,0,0,1,0.918510251,131.82791,2.587,52.6,20.3,2.338,3.791,5837.0
8613535,K02263.02,CONFIRMED,0,0,0,0,9.47850818,140.16526,6.154,184.6,26.7,1.076,4.428,6249.0
5092655,K04116.01,FALSE POSITIVE,1,0,0,0,0.783258387,131.74358,2.2926,328.5,28.5,0.715,4.565,5067.0
3955817,K04117.01,CONFIRMED,0,0,0,0,4.24263096,135.0304,2.582,187.6,15.9,0.825,4.521,5072.0
10661778,K04118.01,FALSE POSITIVE,1,0,0,1,1.231363214,131.80615,5.8101,4774.7,112.7,1.0,4.438,5780.0
5513857,K04119.01,FALSE POSITIVE,0,0,1,1,0.755101928,131.81199,3.044,119.8,18.1,0.819,4.535,5465.0
10272389,K04048.01,FALSE POSITIVE,0,0,0,1,4.56447463,133.0783,6.415,208.4,42.6,0.77,4.596,5270.0
4679687,K04049.01,FALSE POSITIVE,0,1,1,0,1.027904857,132.444316,1.6381,2381.2,117.8,0.872,4.446,5432.0
9091755,K04052.01,FALSE POSITIVE,1,0,1,0,1.106529843,132.30528,6.258,319.5,69.2,0.798,4.58,5932.0
9851970,K04122.01,FALSE POSITIVE,0,1,1,1,1.08193721,131.5344,4.788,115.3,14.4,0.736,4.555,4965.0
5726910,K04124.01,FALSE POSITIVE,0,0,1,0,2.43142974,133.83385,2.713,146.6,10.7,0.965,4.364,5750.0
4673628,K04056.01,CONFIRMED,0,0,0,0,3.951383138,132.06462,1.0582,405.7,23.9,0.899,4.458,5570.0
11401767,K02195.03,CONFIRMED,0,0,0,0,6.84978728,134.66167,4.919,139.2,17.0,1.209,4.332,6056.0
9099950,K04125.01,FALSE POSITIVE,1,0,1,0,1.111362442,132.30056,6.24,133.9,36.8,2.308,3.872,6486.0
9272070,K04126.01,CONFIRMED,0,0,0,0,8.10503551,135.88389,4.459,209.9,16.5,0.989,4.472,6201.0
5088400,K04127.01,CONFIRMED,0,0,0,0,8.82715783,139.73416,2.019,368.6,11.1,0.878,4.539,5550.0
4769931,K04058.01,FALSE POSITIVE,0,0,0,1,1.87886973,133.07604,3.876,181.9,23.9,0.734,4.613,5448.0
9220612,K04059.01,FALSE POSITIVE,0,0,1,1,0.979161676,132.21831,2.942,160.2,20.2,0.78,4.591,5390.0
6806695,K04061.01,FALSE POSITIVE,0,1,1,0,0.855922327,131.64426,1.514,130.9,21.1,0.759,4.539,5437.0
11970988,K04129.01,CANDIDATE,0,0,0,0,2.31482311,133.04857,2.127,58.6,14.2,0.923,4.428,5240.0
10858803,K04130.01,FALSE POSITIVE,0,1,1,1,0.952374508,132.33436,3.006,204.8,33.0,0.821,4.508,4754.0
6129694,K04131.01,FALSE POSITIVE,1,0,0,0,0.936751792,132.2026,5.658,26.4,23.0,2.909,3.829,7843.0
7601918,K04133.01,FALSE POSITIVE,0,0,1,0,0.621361411,131.67283,1.0628,45.0,24.6,1.66,4.046,6234.0
6792908,K04341.01,CANDIDATE,0,0,0,0,10.778313,136.6142,5.256,90.7,12.5,1.258,4.262,6726.0
7211879,K04342.01,FALSE POSITIVE,0,0,1,0,0.594310785,131.7595,0.9994,112.5,15.7,0.845,4.554,5931.0
4863956,K04344.01,FALSE POSITIVE,1,0,0,0,4.31978105,134.1491,7.204,65.8,23.5,4.368,3.303,5519.0
10534155,K04345.01,CANDIDATE,0,0,0,0,4.32710895,133.40886,1.387,108.9,12.9,1.455,4.018,5776.0
10397751,K02859.04,CANDIDATE,0,0,0,0,2.90512019,132.56693,2.293,61.2,13.2,0.721,4.555,5374.0
5308537,K04409.01,CONFIRMED,0,0,0,0,14.2651545,143.22024,3.601,66.3,13.9,1.291,4.237,5825.0
6350882,K04410.01,CANDIDATE,0,0,0,0,5.04404366,136.00785,1.682,236.5,11.6,0.951,4.493,6039.0
5281113,K04411.01,CONFIRMED,0,0,0,0,11.17931581,131.64123,3.103,90.6,12.0,1.873,4.014,6292.0
7847104,K04412.01,FALSE POSITIVE,0,0,1,0,1.284991846,132.74087,2.274,29.1,15.3,2.106,3.852,6060.0
3450040,K04205.01,CANDIDATE,0,0,0,0,1.166960319,131.64332,1.6823,97.8,17.9,0.904,4.537,5632.0
8487805,K04206.01,FALSE POSITIVE,0,1,1,1,0.530959357,131.73991,2.417,84.4,22.0,0.75,4.607,5325.0
9456281,K04207.01,CANDIDATE,0,0,0,0,0.701944362,132.00161,0.641,210.8,17.1,0.539,4.698,4236.0
5129453,K04208.01,CANDIDATE,0,0,0,0,3.05772668,133.06692,1.819,311.0,13.7,0.731,4.57,4483.0
3336845,K04275.01,FALSE POSITIVE,0,1,1,0,0.996864568,132.09898,1.098,86.7,21.4,0.782,4.524,5418.0
6525280,K04277.01,FALSE POSITIVE,0,0,1,1,1.710319812,131.60513,2.983,43.6,19.1,0.825,4.524,5774.0
4861784,K04278.01,FALSE POSITIVE,1,0,1,0,5.62978034,136.8349,5.847,379.2,19.1,0.839,4.57,5497.0
5876360,K04279.01,FALSE POSITIVE,0,1,0,0,1.050852976,132.138232,1.6788,41694.0,143.0,1.0,4.438,5780.0
9509343,K04346.01,CANDIDATE,0,0,0,0,6.39269778,135.6101,2.138,174.3,11.3,0.943,4.416,5248.0
3244792,K04347.01,CONFIRMED,0,0,0,0,3.0570982,134.50122,3.571,144.0,15.7,0.819,4.57,6021.0
7673841,K02585.03,CANDIDATE,0,0,0,0,7.87845756,138.58644,3.912,44.1,10.5,1.135,4.287,5767.0
4579598,K04414.01,FALSE POSITIVE,1,0,0,1,0.866346,131.6286,2.011,116.4,13.9,1.131,4.366,6241.0
7777522,K04415.01,FALSE POSITIVE,0,1,1,1,0.885129679,131.88274,3.156,177.3,21.2,0.864,4.547,5792.0
5078025,K04211.01,FALSE POSITIVE,1,0,1,1,0.696286519,131.87824,3.194,120.8,19.7,0.867,4.543,5904.0
1724719,K04212.01,CONFIRMED,0,0,0,0,5.79179934,133.35814,3.474,118.5,17.7,1.318,4.244,6174.0
5026326,K04280.01,FALSE POSITIVE,0,0,1,0,1.39772545,132.3377,4.129,181.3,17.9,1.114,4.38,6006.0
5471574,K02505.02,FALSE POSITIVE,0,1,0,1,12.4246697,134.0396,44.07,424.0,116.9,1.59,4.094,6550.0
11670599,K04282.01,FALSE POSITIVE,0,0,1,0,0.847588864,131.55971,2.246,67.1,21.3,1.072,4.427,6335.0
11872139,K04350.01,FALSE POSITIVE,0,0,0,1,1.75649346,132.01087,3.429,27.5,13.3,3.05,3.718,6619.0
5436161,K04351.01,CANDIDATE,0,0,0,0,0.644322147,131.954907,0.893,1076.6,79.6,0.612,4.648,5136.0
2708221,K04352.01,FALSE POSITIVE,0,0,1,1,1.8912501,132.6923,7.648,731.0,31.6,0.794,4.523,4883.0
4571844,K04353.01,CANDIDATE,0,0,0,0,17.8075656,146.88323,1.643,1511.0,11.8,0.981,4.45,6194.0
5040223,K04354.01,FALSE POSITIVE,0,0,1,0,0.996023763,132.16613,5.412,98.3,21.3,1.077,4.387,6110.0
6026737,K02949.02,CANDIDATE,0,0,0,0,3.75030469,134.80628,3.246,35.5,10.3,1.339,4.191,5866.0
7031942,K04420.01,FALSE POSITIVE,1,0,1,1,0.566795467,131.84,4.712,38.2,25.8,1.056,4.337,5642.0
9836563,K04421.01,CANDIDATE,0,0,0,0,4.72693131,135.2927,4.036,26.2,11.5,1.196,4.323,5950.0
5632701,K04213.01,FALSE POSITIVE,0,0,1,1,3.67515329,131.681,7.083,56.0,16.7,0.881,4.534,5968.0
10549924,K04214.01,FALSE POSITIVE,0,0,1,0,0.715825886,132.06428,1.212,40.6,11.0,0.909,4.486,5640.0
3353454,K07654.01,FALSE POSITIVE,1,0,1,0,1.6911935,132.93323,9.479,2801.0,26.7,1.0,4.438,5780.0
5024177,K04286.01,FALSE POSITIVE,0,1,1,1,0.787120016,131.73939,3.1648,265.5,43.3,0.787,4.481,6112.0
11081504,K04287.01,CANDIDATE,0,0,0,0,13.12297275,136.08882,2.234,43.7,12.9,1.665,4.065,6134.0
4548011,K04288.01,CONFIRMED,0,0,0,0,6.28384079,133.20513,4.291,35.7,14.9,1.227,4.275,5888.0
3550372,K04357.01,CANDIDATE,0,0,0,0,0.681180633,131.63459,0.8844,156.4,16.6,2.377,3.635,4939.0
10155321,K04422.01,FALSE POSITIVE,1,0,0,0,15.705388,135.0768,4.871,283.7,10.6,1.853,4.107,7454.0
3866536,K04423.01,FALSE POSITIVE,1,0,0,0,7.65270746,134.46038,79.8969,641.1,254.3,0.963,4.481,6328.0
7046035,K04424.01,CONFIRMED,0,0,0,0,2.27164952,131.82601,4.054,82.4,12.7,1.062,4.434,6274.0
4679314,K04425.01,FALSE POSITIVE,0,0,1,0,3.84835742,133.25649,10.18,84.2,32.8,0.798,4.57,5709.0
5702637,K04217.01,FALSE POSITIVE,0,0,1,0,1.0388961,132.37849,4.755,600.8,14.7,1.45,4.264,7043.0
4678919,K04219.01,FALSE POSITIVE,0,0,1,1,1.87885327,133.08861,3.302,120.9,12.1,0.863,4.534,5851.0
5563080,K04220.01,FALSE POSITIVE,0,1,1,0,0.785473311,131.861548,1.3911,339.6,57.0,0.871,4.466,5356.0
6364067,K04221.01,FALSE POSITIVE,0,0,1,1,5.2438982,132.6882,7.881,162.2,18.7,0.927,4.473,5804.0
4548011,K04288.02,CANDIDATE,0,0,0,0,9.08745206,139.99222,3.786,35.1,11.7,1.227,4.275,5888.0
5868793,K04290.01,CONFIRMED,0,0,0,0,4.83809469,135.1562,1.096,1544.0,11.3,0.2,5.091,3187.0
10063208,K04292.01,CONFIRMED,0,0,0,0,9.3281912,132.85459,3.991,45.2,13.7,0.888,4.514,5525.0
10669994,K04360.01,CONFIRMED,0,0,0,0,2.71603664,132.35962,1.744,98.5,13.1,1.041,4.452,6011.0
5126182,K04428.01,CANDIDATE,0,0,0,0,13.00291716,132.02306,3.058,225.3,14.0,0.8,4.575,5796.0
4584865,K04429.01,FALSE POSITIVE,0,0,1,1,1.75254087,132.73775,4.098,42.5,17.7,2.074,3.894,6660.0
9642018,K04430.01,CANDIDATE,0,0,0,0,0.505111993,131.51614,0.4053,212.8,18.7,0.783,4.59,5262.0
11968463,K02433.05,FALSE POSITIVE,0,1,1,0,0.646745436,132.02582,1.188,115.6,14.3,1.112,4.409,6325.0
9183378,K04222.01,CONFIRMED,0,0,0,0,3.38557445,133.97411,1.879,121.9,13.1,1.48,4.069,5718.0
11188254,K04223.01,FALSE POSITIVE,0,0,1,0,2.754024,133.731,4.15,172.2,13.8,1.188,4.321,6419.0
1724513,K04224.01,FALSE POSITIVE,0,0,1,0,1.975208831,131.63127,1.513,76.3,15.1,1.744,4.029,6401.0
9535876,K04225.01,FALSE POSITIVE,1,0,1,1,0.960843605,131.7739,3.22,141.7,25.5,1.129,4.378,5708.0
5817533,K04293.01,FALSE POSITIVE,0,0,1,1,4.206109,132.2382,5.16,120.0,11.9,0.802,4.522,5480.0
7681230,K04294.01,FALSE POSITIVE,0,1,0,0,0.962590772,132.421278,1.2569,1021.6,90.4,1.062,4.434,6274.0
7596240,K04295.01,CONFIRMED,0,0,0,0,13.3997555,131.84235,3.534,167.3,13.6,1.15,4.389,6401.0
7661893,K04296.01,CANDIDATE,0,0,0,0,2.49385348,133.15177,1.414,46.9,12.3,0.85,4.477,5615.0
3448456,K07656.01,FALSE POSITIVE,1,0,1,0,0.776950288,132.0396,1.288,396.0,25.8,0.865,4.546,5861.0
12107008,K04297.01,FALSE POSITIVE,0,0,1,1,5.93725628,135.9371,3.639,115.6,17.1,0.799,4.494,5428.0
9776794,K04363.01,CANDIDATE,0,0,0,0,18.22211768,553.06646,2.044,2318.0,15.2,0.958,4.411,5162.0
11124436,K04442.01,CANDIDATE,0,0,0,0,13.9482197,132.7505,7.686,119.4,14.5,2.346,3.808,5529.0
5780855,K04443.01,CANDIDATE,0,0,0,0,5.67577999,134.91027,3.554,51.2,11.2,1.438,4.233,6681.0
7816665,K04227.01,FALSE POSITIVE,0,0,1,1,4.29258258,131.77675,3.069,369.6,16.1,0.963,4.487,6137.0
9535881,K04228.01,FALSE POSITIVE,1,0,1,0,0.960842633,131.777663,2.6441,2022.9,176.1,1.597,4.186,7381.0
9872831,K04230.01,CONFIRMED,0,0,0,0,5.49548533,133.63966,2.461,85.8,14.2,1.392,4.159,6157.0
2852941,K04298.01,CANDIDATE,0,0,0,0,2.89494709,132.62547,3.254,45.8,14.3,1.684,4.137,7087.0
8508126,K04299.01,FALSE POSITIVE,1,0,1,0,0.980505042,132.097771,1.4068,426.6,51.5,1.059,4.372,5794.0
8507475,K04300.01,CONFIRMED,0,0,0,0,3.58273837,134.95108,1.523,360.5,11.6,0.872,4.517,5448.0
8773015,K04301.01,CONFIRMED,0,0,0,0,15.604841,131.9989,4.543,73.4,15.3,1.706,4.019,6254.0
10647452,K04366.01,CANDIDATE,0,0,0,0,0.762950224,131.9157,1.133,187.3,15.8,0.731,4.61,5385.0
5471489,K04368.01,FALSE POSITIVE,1,0,1,1,12.4252735,141.5658,20.756,84.7,36.6,2.557,3.703,6156.0
9936080,K04431.01,CANDIDATE,0,0,0,0,19.5650801,136.28555,4.242,61.7,13.8,1.235,4.294,6180.0
9518651,K04433.01,FALSE POSITIVE,0,0,1,1,2.17823752,132.00513,2.259,44.0,10.1,0.969,4.422,6052.0
2305311,K04434.01,FALSE POSITIVE,1,0,0,1,1.404674486,131.55621,5.056,155.5,20.7,0.609,4.65,4716.0
11080405,K02442.02,CONFIRMED,0,0,0,0,12.3101351,141.8765,3.797,263.7,12.9,0.84,4.491,5009.0
11509504,K04232.01,CONFIRMED,0,0,0,0,2.61576515,131.97896,2.777,120.4,15.1,0.958,4.446,6088.0
11611275,K04234.01,CONFIRMED,0,0,0,0,6.94245216,135.95819,3.491,160.8,14.7,1.03,4.466,6108.0
6290935,K04302.01,CANDIDATE,0,0,0,0,5.53312006,132.1648,3.486,53.1,13.4,1.425,4.15,6170.0
11612280,K04304.01,CONFIRMED,0,0,0,0,9.4061364,137.7073,4.882,79.5,13.2,1.268,4.24,5855.0
5536715,K04305.01,FALSE POSITIVE,1,0,1,0,0.935086665,131.52593,1.12,71.2,13.1,1.348,4.282,6762.0
8149484,K04306.01,FALSE POSITIVE,0,1,0,0,1.489457454,131.99809,3.028,56.3,29.7,2.087,3.908,6316.0
12407623,K04370.01,FALSE POSITIVE,0,0,1,0,1.181165291,132.42522,1.013,370.4,14.1,0.747,4.582,5203.0
9886361,K02732.02,CONFIRMED,0,0,0,0,13.61165024,144.16808,7.617,95.5,31.6,1.499,4.192,6170.0
9702006,K04372.01,CONFIRMED,0,0,0,0,6.24564633,137.16241,2.459,212.0,11.9,0.707,4.622,4858.0
6778008,K04373.01,FALSE POSITIVE,0,1,1,1,0.945829261,132.09286,1.715,98.2,15.1,0.859,4.546,5959.0
8278685,K04435.01,CANDIDATE,0,0,0,0,10.8614163,136.8213,6.02,64.8,12.9,1.017,4.454,6339.0
8492101,K04437.01,FALSE POSITIVE,0,0,0,1,4.05943749,133.1883,3.245,105.4,18.1,1.655,3.978,5051.0
6343576,K04438.01,FALSE POSITIVE,0,0,0,1,6.39903778,134.7133,3.15,186.6,24.1,4.856,3.286,5178.0
2449101,K04236.01,FALSE POSITIVE,0,1,1,1,0.739761008,131.80913,7.589,292.1,34.7,0.35,4.9,3417.0
7259249,K04237.01,FALSE POSITIVE,0,0,1,0,0.950735805,131.7794,1.1434,175.1,17.1,1.005,4.478,6039.0
9640924,K04239.01,FALSE POSITIVE,0,1,1,1,2.17815935,132.02414,1.839,116.3,14.1,1.098,4.413,6258.0
11151677,K04308.01,FALSE POSITIVE,1,0,1,0,0.720460644,132.012909,1.7846,2111.5,117.2,1.058,4.435,6304.0
11037128,K04309.01,FALSE POSITIVE,0,0,1,0,3.7948721,134.40039,1.713,305.1,11.3,0.793,4.58,5883.0
5175024,K02563.02,CANDIDATE,0,0,0,0,6.2614227,133.2299,4.779,51.4,10.6,1.121,4.361,6384.0
10991114,K04374.01,CANDIDATE,0,0,0,0,3.70386741,132.69596,1.41,125.7,13.1,0.776,4.592,5496.0
11969092,K04375.01,FALSE POSITIVE,1,0,0,0,0.638437699,131.592552,0.3028,286.8,25.8,0.824,4.571,5073.0
2570773,K04376.01,FALSE POSITIVE,0,0,1,1,1.8912851,132.676,6.182,1223.4,25.7,0.707,4.605,4700.0
4945764,K04377.01,CANDIDATE,0,0,0,0,19.8751355,148.3935,8.041,109.0,15.2,2.004,4.021,6918.0
11718389,K04444.01,CONFIRMED,0,0,0,0,5.94373492,135.25897,1.847,301.0,13.2,0.682,4.598,4391.0
10604592,K04447.01,CONFIRMED,0,0,0,0,2.18660188,131.94832,1.585,122.3,14.2,0.772,4.535,4904.0
9593773,K04240.01,FALSE POSITIVE,0,1,1,0,3.1339356,133.5458,4.477,203.7,21.4,1.018,4.46,6137.0
9285568,K04241.01,CONFIRMED,0,0,0,0,2.55315031,132.44849,1.849,185.3,15.4,0.908,4.521,5970.0
7604328,K02458.02,CONFIRMED,0,0,0,0,2.936587946,133.03618,1.8952,279.6,20.1,0.909,4.421,5455.0
9777757,K04243.01,FALSE POSITIVE,0,0,1,1,1.33254212,132.0554,3.848,37.4,10.6,2.237,3.87,6613.0
7103919,K04310.01,CONFIRMED,0,0,0,0,10.7769944,140.2902,2.616,185.6,11.3,0.852,4.457,5455.0
8645191,K04311.01,FALSE POSITIVE,1,0,1,0,0.918921494,131.68016,0.9425,321.0,23.7,0.833,4.561,5655.0
10722485,K04312.01,CONFIRMED,0,0,0,0,7.84931877,134.8747,3.747,68.2,12.6,0.99,4.365,5678.0
8128067,K04314.01,FALSE POSITIVE,0,1,0,0,12.4285576,133.7175,13.98,620.1,13.2,0.752,4.604,5492.0
7703910,K04379.01,FALSE POSITIVE,0,0,1,0,1.275511306,132.44654,1.889,69.3,10.3,1.015,4.418,5921.0
7777818,K04380.01,FALSE POSITIVE,0,0,1,0,5.78159956,136.77178,2.222,72.8,16.4,1.884,4.023,6443.0
9851360,K04381.01,FALSE POSITIVE,0,0,1,1,8.4805019,135.8339,8.345,164.9,11.0,0.737,4.554,5555.0
6937529,K04382.01,CONFIRMED,0,0,0,0,2.94648935,132.42208,3.155,57.0,12.7,1.171,4.378,6481.0
9490653,K04173.01,FALSE POSITIVE,0,0,1,0,1.227986164,131.84491,1.551,150.5,14.8,0.931,4.435,5746.0
3328027,K04174.01,FALSE POSITIVE,0,0,1,1,2.11548883,132.00942,4.008,169.5,17.6,0.971,4.489,5952.0
9640931,K04175.01,FALSE POSITIVE,0,0,1,1,2.17815196,132.02208,2.445,245.0,17.9,0.7,4.634,5357.0
9640962,K04177.01,FALSE POSITIVE,0,0,1,1,1.089077224,132.02477,2.705,152.7,18.7,0.83,4.547,5118.0
5097454,K04244.01,FALSE POSITIVE,0,1,1,1,1.288066288,133.273187,6.4616,10082.6,230.7,0.639,4.625,5233.0
3663141,K07663.01,FALSE POSITIVE,1,0,1,0,2.31894284,132.9696,5.321,66.5,13.6,1.0,4.438,5780.0
5177859,K04246.01,CONFIRMED,0,0,0,0,6.98472143,135.99731,2.724,90.7,11.7,1.227,4.279,5839.0
4568117,K04248.01,FALSE POSITIVE,0,1,1,1,0.562563871,131.73458,1.591,34.6,16.4,1.145,4.381,6577.0
10342248,K04315.01,FALSE POSITIVE,0,0,0,1,0.93373458,131.53478,4.364,127.7,27.8,0.804,4.577,5335.0
9777290,K04316.01,FALSE POSITIVE,0,0,0,1,1.33251948,132.0885,3.733,233.7,17.7,1.058,4.381,5926.0
9286088,K04318.01,CANDIDATE,0,0,0,0,14.8162925,138.3761,4.973,108.2,12.5,1.325,4.27,6356.0
6937529,K04382.02,CANDIDATE,0,0,0,0,3.98167088,134.9767,3.609,44.7,10.3,1.173,4.377,6484.0
9883606,K04383.01,CONFIRMED,0,0,0,0,4.34195312,134.18767,2.598,73.3,10.6,1.09,4.378,6164.0
3645438,K04385.01,CONFIRMED,0,0,0,0,7.298142,137.85674,3.024,370.5,13.6,0.834,4.508,5119.0
8480582,K04386.01,CONFIRMED,0,0,0,0,18.5010898,149.17569,3.179,421.1,14.7,0.734,4.613,5242.0
10936786,K04179.01,FALSE POSITIVE,0,1,1,0,0.569961046,131.80273,1.446,44.2,18.9,1.549,4.066,5814.0
6938264,K04180.01,FALSE POSITIVE,0,0,1,0,1.121634781,132.31311,1.155,71.5,14.8,0.72,4.589,4518.0
9899315,K04181.01,FALSE POSITIVE,0,0,1,1,1.33256979,132.05279,3.293,104.2,18.4,0.95,4.495,6089.0
9541089,K04182.01,FALSE POSITIVE,1,0,0,0,0.536650896,131.709931,4.702,273.2,117.8,0.881,4.494,5819.0
9641076,K04250.01,FALSE POSITIVE,0,0,1,1,2.17818699,132.00477,2.686,115.8,15.4,0.932,4.428,5584.0
11125613,K02485.02,CONFIRMED,0,0,0,0,3.60082855,134.037,1.938,296.3,17.9,0.796,4.524,4838.0
10525049,K04252.01,CONFIRMED,0,0,0,0,15.5714121,136.58529,2.294,173.5,13.0,0.557,4.714,3872.0
9896018,K02579.02,CONFIRMED,0,0,0,0,3.59645081,132.77209,2.661,149.6,16.2,1.235,4.292,5887.0
12418891,K04321.01,FALSE POSITIVE,0,0,1,1,0.760941405,131.62978,1.773,186.6,15.2,0.87,4.553,5629.0
2997459,K04389.01,CANDIDATE,0,0,0,0,16.3368863,132.20816,3.597,225.9,12.1,0.859,4.49,5410.0
8330207,K04390.01,CANDIDATE,0,0,0,0,1.63668262,131.64586,1.907,921.7,12.9,3.739,3.436,5234.0
10858737,K04183.01,FALSE POSITIVE,1,0,1,1,0.952378454,131.85999,3.892,43.8,17.4,1.375,4.25,6963.0
6752002,K04184.01,CONFIRMED,0,0,0,0,6.08003714,136.88262,1.308,184.0,17.7,0.804,4.513,4991.0
7257966,K04185.01,CONFIRMED,0,0,0,0,3.035206175,132.3291,0.6182,696.9,19.1,0.873,4.503,5505.0
9406892,K04186.01,FALSE POSITIVE,0,1,1,0,2.21316437,132.71281,3.874,116.1,27.9,0.83,4.465,5921.0
8487645,K04254.01,FALSE POSITIVE,1,0,1,1,0.530967987,131.72336,1.812,26.9,24.1,2.052,4.123,8473.0
5817613,K04256.01,FALSE POSITIVE,0,0,1,1,4.2058608,132.2913,7.39,182.0,13.3,0.839,4.56,5590.0
5385410,K04323.01,CANDIDATE,0,0,0,0,11.49589567,139.38053,2.256,108.3,13.2,1.506,4.133,6290.0
9910942,K04324.01,FALSE POSITIVE,0,0,1,1,8.4803326,135.8598,5.918,35.6,11.0,2.179,3.826,6245.0
7749002,K04325.01,CANDIDATE,0,0,0,0,0.609926502,131.80347,1.2529,133.8,15.3,0.965,4.501,5936.0
10924340,K04326.01,FALSE POSITIVE,1,0,0,1,0.750744255,132.18261,1.7921,170.6,50.4,0.937,4.499,6187.0
5371777,K04327.01,CONFIRMED,0,0,0,0,0.991659646,131.53686,2.215,77.3,13.5,1.244,4.315,6117.0
8324518,K04393.01,CANDIDATE,0,0,0,0,1.62888267,132.33899,1.72,130.9,12.5,0.811,4.571,5398.0
10427700,K04394.01,FALSE POSITIVE,1,0,0,0,0.616386349,131.64315,0.8136,79.4,21.9,3.266,3.58,5665.0
3103473,K04395.01,CANDIDATE,0,0,0,0,1.920062587,131.72678,1.437,226.8,12.6,0.741,4.611,5266.0
3124598,K04187.01,FALSE POSITIVE,0,0,1,0,7.07162308,136.46253,2.587,123.0,16.9,1.259,4.24,6313.0
6879171,K04188.01,CONFIRMED,0,0,0,0,6.96352699,133.01717,3.192,68.1,17.4,1.686,3.978,6040.0
12505503,K04190.01,CONFIRMED,0,0,0,0,3.4327371,132.92055,4.001,63.2,15.3,0.881,4.536,5757.0
3548639,K04191.01,FALSE POSITIVE,0,1,1,0,13.8452726,136.9596,2.555,93.2,10.4,2.324,3.89,6845.0
4390912,K07695.01,FALSE POSITIVE,1,0,1,0,0.687506554,131.85964,1.441,130.3,14.4,7.906,2.595,4643.0
7115925,K04258.01,FALSE POSITIVE,1,0,0,1,0.566801617,131.80435,2.75,24.9,26.4,1.693,4.064,6287.0
5785279,K04259.01,CANDIDATE,0,0,0,0,0.909127736,132.40471,1.431,98.7,13.9,0.996,4.389,5486.0
10526887,K04261.01,CONFIRMED,0,0,0,0,1.450889836,132.2306,1.753,135.7,15.7,1.023,4.423,6046.0
11125613,K02485.03,CONFIRMED,0,0,0,0,5.72716067,133.96409,2.23,310.9,16.0,0.796,4.524,4838.0
9896018,K02579.03,CANDIDATE,0,0,0,0,10.30148508,134.88185,3.903,162.7,12.6,1.235,4.292,5887.0
12456063,K04329.01,CANDIDATE,0,0,0,0,17.8007815,134.3839,6.547,44.5,14.2,1.252,4.326,6240.0
5802637,K04398.01,CANDIDATE,0,0,0,0,7.3422467,131.55382,2.029,366.8,11.8,0.839,4.562,5573.0
5531694,K00647.02,CANDIDATE,0,0,0,0,8.1134681,132.8253,4.961,40.5,10.5,1.409,4.123,6011.0
8733898,K02842.03,CONFIRMED,0,0,0,0,3.036208739,134.06146,0.9324,1820.5,26.0,0.328,4.923,3464.0
9828127,K04192.01,CONFIRMED,0,0,0,0,18.0541469,147.7943,4.587,283.1,19.3,0.909,4.501,5505.0
7107802,K02420.02,CANDIDATE,0,0,0,0,5.4675514,133.42478,3.283,87.2,10.4,1.151,4.288,5557.0
4281068,K07689.01,FALSE POSITIVE,0,1,1,0,1.01530474,131.517946,8.7622,16445.2,1823.0,1.44,4.226,6428.0
5644412,K04194.01,CONFIRMED,0,0,0,0,1.538185321,132.49067,1.683,277.2,15.2,0.723,4.615,5107.0
9959545,K04195.01,FALSE POSITIVE,0,1,1,1,1.332567643,132.04299,4.284,56.7,24.0,0.79,4.582,5687.0
9641144,K04262.01,FALSE POSITIVE,0,0,1,1,1.089076495,132.02703,2.274,43.7,15.3,1.079,4.416,6444.0
8572168,K04263.01,FALSE POSITIVE,0,0,1,0,1.662710314,132.44469,1.83,85.9,23.8,2.244,3.842,6028.0
12509829,K04264.01,CANDIDATE,0,0,0,0,0.888478095,131.86943,1.5312,340.4,24.6,0.806,4.577,5553.0
7368137,K04265.01,FALSE POSITIVE,0,0,1,1,2.18242002,132.39594,4.103,69.7,13.8,0.786,4.583,5808.0
9027841,K04266.01,FALSE POSITIVE,0,1,0,0,0.503999678,131.631544,0.5421,975.6,96.8,0.568,4.686,4898.0
8953414,K04332.01,FALSE POSITIVE,0,0,1,1,2.66588544,131.6037,5.004,167.0,17.2,0.771,4.536,4965.0
10140274,K04334.01,CANDIDATE,0,0,0,0,2.44232399,133.53724,1.921,229.0,14.1,0.738,4.561,4849.0
10730070,K04335.01,CONFIRMED,0,0,0,0,7.61758198,137.50008,3.545,85.4,13.4,1.072,4.401,6202.0
2831055,K04400.01,CONFIRMED,0,0,0,0,2.20923119,131.90288,2.392,59.8,14.3,1.092,4.375,5991.0
7703882,K04403.01,CONFIRMED,0,0,0,0,5.88350251,136.9451,2.556,217.7,11.9,0.849,4.553,5840.0
8179190,K04196.01,FALSE POSITIVE,1,0,1,0,0.662457501,131.90556,1.527,64.1,13.5,2.16,3.862,6425.0
9777724,K04197.01,FALSE POSITIVE,0,0,0,1,1.33258458,132.03624,3.222,127.0,14.4,1.086,4.419,6384.0
9072639,K04198.01,CANDIDATE,0,0,0,0,1.182862515,131.97137,2.928,22.3,16.5,2.639,3.699,6017.0
5340878,K04199.01,CONFIRMED,0,0,0,0,0.539915033,131.55207,1.1466,97.0,17.6,0.837,4.502,5102.0
7450747,K04267.01,CONFIRMED,0,0,0,0,2.20829637,131.63091,2.841,87.9,12.0,1.454,4.189,6028.0
7826620,K04268.01,CONFIRMED,0,0,0,0,0.849906734,131.6741,1.141,124.3,12.0,0.505,4.733,4296.0
8890924,K04269.02,CANDIDATE,0,0,0,0,4.4408541,135.2744,8.083,33.9,12.0,3.062,3.604,5159.0
8573193,K04337.01,CONFIRMED,0,0,0,0,8.18504859,134.554,4.673,97.6,12.5,0.906,4.521,5984.0
9240664,K04338.01,FALSE POSITIVE,0,1,0,0,10.78438513,141.40685,1.408,233.6,15.6,3.515,3.516,5575.0
7673841,K02585.02,CONFIRMED,0,0,0,0,10.42317343,135.15208,2.341,71.2,11.2,1.135,4.287,5767.0
7281411,K04339.01,FALSE POSITIVE,1,0,0,1,0.566804221,131.82656,4.639,166.0,31.0,0.64,4.625,5277.0
6528141,K04340.01,FALSE POSITIVE,0,0,1,0,2.022658,131.838,3.343,135.7,17.4,0.967,4.487,6091.0
5563937,K04406.01,FALSE POSITIVE,0,1,1,0,0.519437968,131.78909,2.129,226.2,25.4,1.006,4.464,6181.0
10736179,K04408.01,FALSE POSITIVE,0,1,0,1,1.105095798,132.55178,2.624,141.7,17.4,0.752,4.604,5296.0
3834317,K04203.01,FALSE POSITIVE,1,0,0,0,2.18079098,132.39262,12.13,83.2,69.3,3.339,3.661,6911.0
5959719,K02498.02,CONFIRMED,0,0,0,0,13.0600399,144.33107,2.851,106.8,12.5,0.769,4.566,5168.0
5992210,K04271.01,FALSE POSITIVE,0,0,1,0,0.641069613,132.14101,1.033,78.6,10.5,0.961,4.451,6077.0
9716028,K04273.01,CANDIDATE,0,0,0,0,17.3731821,138.28747,3.36,71.7,14.0,1.54,4.155,6180.0
6223324,K04274.01,CANDIDATE,0,0,0,0,1.97507424,132.3567,2.61,130.5,15.0,0.947,4.495,6065.0
4574319,K07697.01,FALSE POSITIVE,0,0,1,1,1.30627214,132.0858,5.144,95.4,10.3,0.862,4.543,5513.0
11137065,K04620.01,FALSE POSITIVE,0,1,0,1,0.933732791,131.53707,3.056,96.9,13.8,0.927,4.405,5496.0
9773980,K04691.01,CANDIDATE,0,0,0,0,3.3879165,133.93645,1.818,78.6,10.4,1.245,4.247,5702.0
10972902,K04692.01,FALSE POSITIVE,1,0,0,1,1.42856815,132.81461,2.132,59.5,11.8,0.822,4.557,5979.0
12004971,K03194.01,FALSE POSITIVE,0,1,0,0,10.81315417,131.65931,1.275,80.3,16.6,1.46,4.24,6380.0
11912941,K04481.01,FALSE POSITIVE,0,0,1,1,3.74784374,134.19157,3.658,116.5,12.8,0.996,4.471,6122.0
7778427,K04482.01,CANDIDATE,0,0,0,0,5.38299284,136.239,3.336,35.1,10.7,1.293,4.27,6256.0
6525106,K04483.01,FALSE POSITIVE,0,0,1,1,1.71028117,131.62619,2.61,111.6,13.8,0.855,4.55,5910.0
6523058,K04549.01,CANDIDATE,0,0,0,0,2.0481582,132.17679,1.899,183.3,11.7,0.86,4.548,5799.0
11769689,K04551.01,CANDIDATE,0,0,0,0,14.7179342,135.6498,5.844,132.3,12.7,1.018,4.449,6102.0
4355503,K07691.01,FALSE POSITIVE,0,1,1,0,0.570828503,131.58958,0.915,174.4,13.9,0.388,4.868,3585.0
6126076,K04553.01,FALSE POSITIVE,1,0,0,1,0.909314811,131.72281,2.2053,40.5,30.2,1.447,4.163,6508.0
11519187,K04625.01,CONFIRMED,0,0,0,0,2.440839436,133.8407,0.968,509.5,14.4,0.698,4.623,4803.0
9457948,K04694.01,CANDIDATE,0,0,0,0,19.2527652,144.2659,4.862,138.5,10.8,1.046,4.442,6258.0
4852297,K04695.01,FALSE POSITIVE,0,0,1,0,3.28931936,133.90141,1.921,166.0,11.1,1.072,4.427,6335.0
9851845,K04696.01,FALSE POSITIVE,0,0,0,1,1.08195208,131.5252,4.807,33.6,12.4,0.824,4.489,5233.0
9474483,K04697.01,FALSE POSITIVE,0,1,1,1,0.512583041,131.77571,1.498,114.3,17.1,0.999,4.471,6077.0
9898017,K04484.01,CONFIRMED,0,0,0,0,2.29794819,131.49826,2.84,83.2,12.2,1.072,4.426,6371.0
6278762,K03158.02,CONFIRMED,0,0,0,0,4.54586982,131.52442,1.756,76.5,24.4,0.721,4.562,5051.0
3127911,K03164.01,FALSE POSITIVE,1,0,0,0,0.542498653,132.0117,4.257,54.9,19.8,2.954,3.795,8711.0
6369131,K04554.01,CANDIDATE,0,0,0,0,8.0772455,132.649,7.272,79.2,12.5,2.032,3.915,5684.0
10257229,K04557.01,CANDIDATE,0,0,0,0,5.75651958,136.97726,2.309,65.3,11.2,1.024,4.454,6208.0
6311891,K04627.01,CANDIDATE,0,0,0,0,7.51731745,137.59704,2.484,170.7,10.7,0.923,4.488,5525.0
7837733,K04628.01,FALSE POSITIVE,0,0,1,0,3.08723626,132.90519,2.615,101.9,12.1,1.171,4.395,6418.0
2578017,K04629.01,FALSE POSITIVE,0,1,1,0,0.592562969,131.9017,3.0869,1546.4,100.4,0.804,4.575,5728.0
10663738,K04698.01,CANDIDATE,0,0,0,0,8.5275894,137.2755,2.959,112.5,10.4,1.193,4.385,6469.0
9413156,K04700.01,CANDIDATE,0,0,0,0,3.83488354,135.08701,2.026,243.0,10.9,0.775,4.592,5515.0
6721380,K04488.01,FALSE POSITIVE,0,0,1,0,6.44173995,136.77753,1.635,107.7,10.5,1.339,4.225,6088.0
7694615,K04489.01,FALSE POSITIVE,0,0,1,0,0.631106722,131.89801,0.9942,49.2,17.6,0.898,4.443,5400.0
9222516,K04492.01,FALSE POSITIVE,1,0,1,0,0.63938062,131.894673,1.2067,308.0,97.5,1.204,4.363,6607.0
5431027,K04558.01,CANDIDATE,0,0,0,0,8.8233996,136.8921,6.735,104.6,13.3,1.121,4.269,5602.0
7285673,K04559.01,FALSE POSITIVE,1,0,1,1,0.566801045,131.79795,1.7499,188.3,34.9,0.982,4.405,6106.0
5282437,K04560.01,FALSE POSITIVE,0,1,1,1,0.992799002,131.70842,3.4878,1653.0,97.8,0.989,4.472,6217.0
7747457,K04561.01,CONFIRMED,0,0,0,0,1.5184181,132.138,2.842,196.8,15.9,1.269,4.259,6302.0
8652360,K04562.01,FALSE POSITIVE,1,0,1,0,0.96807117,132.44697,1.677,104.8,15.4,0.687,4.639,5367.0
9602421,K04631.01,FALSE POSITIVE,0,0,1,1,3.55661906,133.4975,5.396,23.3,11.4,1.458,4.081,6018.0
5954001,K04633.01,CANDIDATE,0,0,0,0,11.6933447,142.6574,6.551,66.9,12.7,1.354,4.248,6049.0
4373195,K07692.01,FALSE POSITIVE,1,0,0,1,0.56256804,131.72497,1.686,4.5,11.8,2.773,3.84,9005.0
5090937,K03182.01,FALSE POSITIVE,1,0,0,0,8.79991878,132.88614,41.564,869.1,236.1,3.267,3.725,8092.0
8196226,K04634.01,CANDIDATE,0,0,0,0,4.02745396,133.12194,1.33,85.2,10.8,1.041,4.398,6174.0
9002538,K03196.01,CANDIDATE,0,0,0,0,4.96061094,135.32139,2.864,20.4,12.5,1.298,4.244,6117.0
5642688,K04705.01,CANDIDATE,0,0,0,0,1.4733245,132.85599,1.406,124.0,11.9,0.921,4.431,5751.0
3953173,K04493.01,FALSE POSITIVE,0,0,1,0,2.41795911,132.5063,2.727,100.5,10.1,0.534,4.719,4623.0
5552562,K04495.01,CANDIDATE,0,0,0,0,5.93218209,135.63378,4.507,205.3,14.9,0.977,4.474,5843.0
9002278,K00701.05,CONFIRMED,0,0,0,0,12.4418003,134.6507,3.572,78.4,11.4,0.662,4.653,4926.0
9579208,K03165.01,CANDIDATE,0,0,0,0,4.11754421,132.79189,4.362,34.3,22.1,1.726,4.024,6263.0
8453851,K04565.01,FALSE POSITIVE,1,0,0,0,2.78801663,132.5612,17.354,14.0,21.8,2.206,3.986,7523.0
11650401,K04566.01,CONFIRMED,0,0,0,0,3.94660745,132.24892,2.705,309.4,12.7,0.806,4.576,5376.0
9873759,K04635.01,FALSE POSITIVE,0,0,1,1,4.99473798,136.1785,3.05,99.5,17.5,0.819,4.569,5406.0
9457728,K04637.01,CANDIDATE,0,0,0,0,4.37992345,133.99121,4.949,15.5,13.9,1.918,3.993,6311.0
2303903,K04709.01,CANDIDATE,0,0,0,0,3.70858595,134.47308,1.94,305.4,11.3,0.771,4.596,5420.0
9278216,K04710.01,CANDIDATE,0,0,0,0,9.4527721,135.7805,3.817,197.3,11.3,0.857,4.547,5973.0
8355131,K04711.01,CANDIDATE,0,0,0,0,4.3638313,135.33772,1.457,194.1,10.3,0.763,4.596,5623.0
6278762,K03158.03,CONFIRMED,0,0,0,0,6.18943952,134.78,2.3316,83.2,26.8,0.721,4.562,5051.0
12645057,K04497.01,CANDIDATE,0,0,0,0,6.83006228,135.76099,3.315,187.4,12.1,0.8,4.576,5807.0
4844367,K04498.01,CANDIDATE,0,0,0,0,17.1622587,148.6441,4.668,312.2,11.7,0.939,4.509,5729.0
10937749,K04499.01,CANDIDATE,0,0,0,0,5.19898615,133.05317,2.359,136.8,11.5,0.867,4.54,6058.0
9100953,K04500.01,CONFIRMED,0,0,0,0,8.70179611,138.24633,3.048,304.1,11.8,0.8,4.548,5295.0
8332521,K04567.01,CANDIDATE,0,0,0,0,14.74426,135.04,8.168,113.6,11.9,0.987,4.454,6146.0
10407086,K04568.01,FALSE POSITIVE,0,0,1,1,0.933747395,131.51671,4.798,30.9,26.7,2.174,3.818,5574.0
9412623,K04640.01,CONFIRMED,0,0,0,0,6.1082945,131.8756,3.493,61.1,10.8,1.289,4.316,6720.0
4664743,K04642.01,FALSE POSITIVE,1,0,0,0,1.27839331,132.0902,6.343,19.5,15.2,1.918,4.106,7758.0
4735826,K03184.01,CONFIRMED,0,0,0,0,7.545922037,134.4902954,4.0329,22.2,13.4,1.376,4.178,5788.0
6593734,K04722.01,FALSE POSITIVE,1,0,1,0,0.58675746,131.75424,1.508,143.8,18.4,0.938,4.506,5942.0
7778621,K04725.01,CONFIRMED,0,0,0,0,7.28171395,137.30085,1.723,111.6,14.4,1.806,3.924,4970.0
5956354,K04726.01,FALSE POSITIVE,0,0,1,0,8.0386699,135.3098,3.549,142.0,11.6,0.975,4.485,6018.0
8109107,K04501.01,FALSE POSITIVE,0,0,1,0,6.67410577,136.9407,3.645,160.9,12.6,1.041,4.389,5949.0
10907132,K04503.01,CANDIDATE,0,0,0,0,5.89089509,132.43645,2.402,267.7,11.7,0.942,4.513,5869.0
6929285,K04572.01,FALSE POSITIVE,0,0,1,0,4.60690612,135.19221,4.176,137.5,13.3,0.775,4.583,5529.0
4848321,K04573.01,FALSE POSITIVE,0,0,1,1,1.50178705,131.56426,2.936,86.7,13.4,0.987,4.471,5964.0
6522745,K04574.01,FALSE POSITIVE,0,1,1,1,17.4453935,135.7609,6.39,501.7,16.4,1.063,4.433,6260.0
11076276,K04645.01,FALSE POSITIVE,0,0,0,1,1.4725859,132.92731,2.953,84.4,13.3,0.999,4.471,6077.0
12012439,K04646.01,FALSE POSITIVE,0,0,0,1,2.97607935,132.953,4.606,130.4,14.1,0.865,4.534,5547.0
4374610,K04712.01,FALSE POSITIVE,0,1,1,0,1.44438449,132.75645,2.704,75.4,10.8,1.213,4.358,6667.0
9002538,K03196.02,CANDIDATE,0,0,0,0,6.88297756,134.16424,2.065,30.4,13.2,1.298,4.244,6117.0
5253802,K04713.01,CANDIDATE,0,0,0,0,8.7963166,134.3262,4.696,96.5,11.9,1.0,4.438,5780.0
12554634,K04714.01,CANDIDATE,0,0,0,0,2.049602348,132.32639,1.061,186.1,11.3,0.78,4.589,5356.0
11290515,K04716.01,CANDIDATE,0,0,0,0,5.8943338,134.10692,3.475,28.9,10.7,1.145,4.357,5929.0
6278762,K03158.04,CONFIRMED,0,0,0,0,7.74347801,135.09417,2.7878,77.8,24.4,0.721,4.562,5051.0
8493354,K04505.01,CANDIDATE,0,0,0,0,18.0071438,138.31266,5.401,80.8,13.1,1.167,4.314,6173.0
4545570,K04506.01,CONFIRMED,0,0,0,0,5.60473115,131.62861,2.885,210.0,11.9,0.777,4.593,5401.0
5457326,K04508.01,CANDIDATE,0,0,0,0,2.49915311,133.08978,1.803,179.2,13.4,0.72,4.572,4705.0
9652655,K04578.01,FALSE POSITIVE,0,0,1,1,2.48882685,132.12332,3.487,80.2,14.2,1.092,4.433,6246.0
8628761,K04580.01,CANDIDATE,0,0,0,0,6.30432354,137.29688,2.508,40.0,10.7,1.836,3.987,6728.0
10473272,K04648.01,FALSE POSITIVE,0,0,1,0,17.6604653,137.3914,2.837,309.2,11.3,0.94,4.505,5910.0
4750669,K04649.01,CANDIDATE,0,0,0,0,3.38419892,131.9355,1.485,228.2,11.5,0.795,4.581,5613.0
9824928,K04650.01,FALSE POSITIVE,1,0,1,0,1.69999106,131.6296,3.289,95.6,10.6,0.554,4.684,4289.0
6717252,K04651.01,CANDIDATE,0,0,0,0,1.19260017,132.66994,1.502,58.0,11.7,1.013,4.349,5600.0
7282042,K04718.01,FALSE POSITIVE,1,0,0,1,0.566803216,131.80982,3.325,20.2,15.5,1.182,4.33,6473.0
11350118,K04509.01,CANDIDATE,0,0,0,0,12.003678,134.71007,2.799,281.7,12.0,0.594,4.654,4328.0
11671579,K04510.01,CONFIRMED,0,0,0,0,5.17624997,133.7381,5.261,78.7,13.4,1.497,4.088,5578.0
12069414,K04512.01,FALSE POSITIVE,0,0,1,0,0.589458602,131.82156,0.8278,158.4,17.3,0.776,4.517,5286.0
9216775,K04513.01,CONFIRMED,0,0,0,0,3.91794676,132.86384,2.549,116.5,13.5,0.87,4.547,5500.0
7905106,K04582.01,CANDIDATE,0,0,0,0,4.22426989,132.3611,4.22,13.6,11.0,0.883,4.501,5735.0
8443265,K04584.01,FALSE POSITIVE,0,1,1,0,0.614701901,132.08465,0.947,131.6,11.2,0.724,4.563,4954.0
3240406,K03185.01,FALSE POSITIVE,1,0,0,0,0.934181579,132.39492,3.943,12.1,19.8,2.152,4.029,7624.0
11181260,K04653.01,CANDIDATE,0,0,0,0,19.9778599,135.165,5.96,83.4,12.8,1.162,4.399,6392.0
8107611,K04656.01,CANDIDATE,0,0,0,0,3.8183717,133.90812,2.687,50.8,11.8,1.692,4.109,6738.0
8377197,K04727.01,FALSE POSITIVE,0,0,1,0,1.215181097,131.50904,1.295,39.7,11.8,1.365,4.268,6717.0
11913072,K04729.01,FALSE POSITIVE,0,0,1,1,3.74779583,134.2022,3.157,88.5,14.4,1.111,4.409,6341.0
9083470,K04731.01,FALSE POSITIVE,1,0,1,1,0.91842238,131.5859,5.664,162.9,12.9,0.74,4.613,5288.0
6278762,K03158.05,CONFIRMED,0,0,0,0,9.74048508,134.87916,1.6993,121.4,25.8,0.721,4.562,5051.0
9849884,K04516.01,FALSE POSITIVE,0,0,0,1,5.35745121,131.62784,2.592,78.2,16.4,1.86,3.982,6123.0
11243547,K04517.01,FALSE POSITIVE,0,1,0,1,2.16132662,131.90236,4.487,112.2,25.3,0.43,4.818,3754.0
9009036,K04585.01,CONFIRMED,0,0,0,0,6.76289308,135.6771,6.204,50.9,14.6,1.63,4.122,6547.0
8806985,K04588.01,CANDIDATE,0,0,0,0,7.53737498,135.80956,3.966,41.1,11.3,1.436,4.206,6483.0
10491525,K04589.01,FALSE POSITIVE,0,0,1,0,1.09844642,132.4402,1.528,45.0,15.1,2.391,3.772,6403.0
6527078,K04657.01,CANDIDATE,0,0,0,0,7.57600886,135.6293,3.361,49.0,12.5,0.774,4.588,5361.0
4946049,K04658.01,FALSE POSITIVE,0,0,0,1,1.8789138,133.06338,4.279,30.2,17.8,3.339,3.704,8046.0
5559651,K04660.01,FALSE POSITIVE,0,1,1,0,0.514771509,131.94435,1.256,43.4,12.0,0.87,4.545,5730.0
5962262,K04661.01,CONFIRMED,0,0,0,0,8.61742738,133.50863,2.713,154.9,11.3,0.84,4.491,5009.0
8429668,K04449.01,FALSE POSITIVE,0,0,1,0,5.00749378,134.69035,2.898,56.6,14.7,2.243,3.644,5242.0
10120548,K04451.01,CANDIDATE,0,0,0,0,8.8303681,134.80059,3.426,296.2,10.9,0.706,4.628,5051.0
4474462,K04452.01,CANDIDATE,0,0,0,0,12.85755895,141.85597,4.831,106.5,14.2,1.156,4.276,5860.0
7032001,K04518.01,FALSE POSITIVE,1,0,1,1,0.566810643,131.80277,3.471,45.6,17.2,0.758,4.598,5776.0
9031703,K04520.01,CANDIDATE,0,0,0,0,9.3335486,137.6177,6.643,71.2,11.7,1.863,3.927,5354.0
9577855,K04522.01,FALSE POSITIVE,0,0,1,0,2.21030572,133.57674,2.492,92.0,11.4,1.09,4.418,6355.0
12204137,K04590.01,CANDIDATE,0,0,0,0,9.54060855,131.91276,1.869,462.0,11.2,0.831,4.522,5271.0
5389956,K04591.01,CANDIDATE,0,0,0,0,1.80926734,132.6883,2.469,98.0,10.9,0.891,4.531,5897.0
12108364,K04592.01,FALSE POSITIVE,0,1,1,1,0.70544189,131.6954,1.772,133.5,13.9,0.897,4.529,5838.0
8295671,K04593.01,FALSE POSITIVE,1,0,1,0,0.981399749,132.12493,0.5051,158.3,16.2,0.898,4.524,6038.0
10662202,K00750.02,CANDIDATE,0,0,0,0,5.04413987,132.51986,1.623,172.0,10.2,0.828,4.5,4954.0
10407210,K04662.01,FALSE POSITIVE,0,0,1,1,0.933728755,131.54241,4.363,13.5,17.9,1.863,4.036,6652.0
7457278,K03188.01,FALSE POSITIVE,1,0,0,0,12.607591424,136.8554856,29.1267,79.5,41.6,1.002,4.47,6047.0
7515336,K04663.01,CANDIDATE,0,0,0,0,5.65690281,131.5761,3.583,32.2,10.4,1.32,4.191,5687.0
8984755,K04664.01,FALSE POSITIVE,0,0,1,0,0.734573766,131.59872,1.295,68.4,11.4,1.051,4.325,5602.0
9777200,K04455.01,FALSE POSITIVE,0,0,0,1,1.332580225,132.03999,2.057,46.3,16.4,3.096,3.731,6858.0
5003670,K04524.01,CONFIRMED,0,0,0,0,7.99144696,136.25855,3.639,145.0,12.8,1.006,4.434,5700.0
5200084,K03159.01,FALSE POSITIVE,1,0,0,0,2.9039446,133.8526,10.542,13.1,32.0,3.05,3.829,7846.0
5003670,K04524.02,CANDIDATE,0,0,0,0,4.52628739,134.32065,3.736,99.6,12.5,1.006,4.434,5700.0
5696918,K04594.01,FALSE POSITIVE,0,1,1,1,0.643007769,131.68588,0.69,68.1,10.3,0.421,4.825,3925.0
12265786,K04595.01,CANDIDATE,0,0,0,0,0.597018404,131.71277,0.4778,245.4,16.5,0.63,4.675,4985.0
8487838,K04596.01,FALSE POSITIVE,0,0,1,1,1.061937837,131.7269,2.31,52.0,16.3,0.941,4.505,5893.0
8937762,K04668.01,FALSE POSITIVE,0,1,0,0,15.07277287,143.96955,0.7794,345.0,13.0,0.771,4.594,5521.0
9837828,K04670.01,CANDIDATE,0,0,0,0,6.80899076,132.19078,2.077,1192.0,11.5,0.854,4.483,4992.0
11912987,K04461.01,FALSE POSITIVE,0,0,1,1,3.74786694,134.17739,3.632,80.9,19.1,0.971,4.498,5957.0
4136659,K07683.01,FALSE POSITIVE,0,1,1,0,0.913244995,132.18552,0.4931,47.8,10.2,1.049,4.402,5923.0
3438976,K04527.01,FALSE POSITIVE,0,0,1,1,2.97599368,132.9759,4.023,55.0,13.0,1.055,4.394,6202.0
7833305,K04528.01,CANDIDATE,0,0,0,0,8.31224474,139.67706,2.663,70.8,12.2,0.816,4.483,5421.0
6610064,K04529.01,FALSE POSITIVE,0,1,1,0,0.584148495,131.84461,1.6192,66.2,21.9,1.031,4.347,5427.0
12647577,K04530.01,CANDIDATE,0,0,0,0,12.6362048,134.4588,3.961,124.0,11.5,0.992,4.457,5772.0
5476671,K04598.01,FALSE POSITIVE,1,0,1,0,0.824180121,132.10276,2.839,208.1,39.7,0.883,4.514,5977.0
7335972,K04599.01,FALSE POSITIVE,1,0,1,0,0.579770948,132.081304,1.0377,467.9,44.3,0.854,4.561,5561.0
11153476,K04601.01,CANDIDATE,0,0,0,0,7.94004281,135.4315,3.282,81.9,10.7,1.081,4.425,6278.0
6144039,K04602.01,CANDIDATE,0,0,0,0,2.85855049,132.28415,2.341,85.4,11.4,0.964,4.415,5441.0
5985713,K03190.01,CANDIDATE,0,0,0,0,8.95294046,134.33731,2.995,44.0,13.0,1.207,4.266,6047.0
10794509,K04673.01,FALSE POSITIVE,1,0,1,1,1.428596987,132.79165,2.1401,50.0,26.1,2.144,3.901,6745.0
6839010,K04674.01,CANDIDATE,0,0,0,0,4.84350003,134.81488,3.045,50.2,10.4,1.056,4.348,5762.0
11357664,K04464.01,CANDIDATE,0,0,0,0,4.373570433,133.82814,0.623,366.0,14.5,0.64,4.623,4362.0
2576224,K04465.01,FALSE POSITIVE,0,0,1,1,2.21701025,131.80305,2.148,29.4,11.7,2.092,4.067,7524.0
2696703,K03161.01,FALSE POSITIVE,0,1,0,0,6.09406648,133.65981,2.085,3027.0,19.0,1.666,4.162,6785.0
7699298,K04534.01,FALSE POSITIVE,0,1,0,1,1.1578141,132.43684,3.253,54.8,27.8,1.629,3.941,5412.0
7115661,K03174.01,FALSE POSITIVE,1,0,0,0,0.566800926,131.81666,4.407,264.5,63.2,1.0,4.438,5780.0
12458605,K04605.01,CANDIDATE,0,0,0,0,7.7859111,137.8734,7.788,45.5,12.0,0.954,4.479,6045.0
4845862,K04606.01,FALSE POSITIVE,0,0,1,0,2.44926655,132.82121,2.988,108.2,10.7,0.749,4.551,4840.0
10130057,K04675.01,FALSE POSITIVE,0,0,1,1,2.17812826,132.03068,2.601,100.8,10.4,0.805,4.579,5426.0
4247811,K04678.01,FALSE POSITIVE,0,0,1,1,2.05048377,133.2849,3.67,60.5,14.3,0.854,4.451,5568.0
6543645,K04679.01,FALSE POSITIVE,0,0,1,1,1.19550618,132.3006,3.337,26.9,13.3,1.463,4.15,6088.0
5352640,K04467.01,CANDIDATE,0,0,0,0,2.94242323,133.86084,1.519,293.3,14.7,0.819,4.573,5436.0
8738244,K03157.01,FALSE POSITIVE,1,0,0,0,0.683082998,131.73271,4.409,143.3,26.1,7.762,3.17,8247.0
4157052,K04468.01,FALSE POSITIVE,1,0,1,0,0.791771167,131.523083,2.4463,509.2,82.4,3.07,3.678,6218.0
10006641,K04469.01,FALSE POSITIVE,0,1,0,0,0.894172544,131.51006,0.8302,86.2,16.9,0.736,4.591,4982.0
10815916,K04470.01,FALSE POSITIVE,0,0,1,0,1.68207624,132.12513,1.519,54.7,11.1,1.311,4.191,6495.0
7281484,K04536.01,FALSE POSITIVE,1,0,0,1,0.566800593,131.8233,3.909,12.3,10.4,1.353,4.255,6476.0
4848115,K04537.01,FALSE POSITIVE,0,0,1,0,0.969602551,131.93121,1.728,111.0,10.4,0.66,4.643,4856.0
5991765,K04538.01,FALSE POSITIVE,0,0,1,0,9.25801294,132.88335,2.854,88.1,12.9,1.834,3.977,6200.0
11912911,K04607.01,FALSE POSITIVE,0,0,1,1,3.74788208,134.1709,4.183,153.4,13.6,0.777,4.593,5340.0
7045435,K04608.01,FALSE POSITIVE,1,0,0,0,0.93479255,131.88578,4.5838,247.5,78.3,1.053,4.33,6018.0
8573168,K04610.01,FALSE POSITIVE,0,0,1,0,0.89628253,131.54972,1.397,86.4,13.0,0.818,4.572,5561.0
10801249,K04611.01,FALSE POSITIVE,0,0,0,1,1.67495622,131.8099,2.994,35.9,15.3,1.263,4.296,6323.0
3857860,K04681.01,FALSE POSITIVE,0,0,1,0,8.2344072,137.4733,2.808,59.2,11.5,1.741,3.964,6148.0
5024252,K04682.01,FALSE POSITIVE,0,0,1,1,2.15052332,132.3132,3.447,115.5,11.0,1.0,4.438,5780.0
4843592,K04683.01,FALSE POSITIVE,1,0,1,0,0.967073359,131.604602,2.4875,773.5,92.4,1.022,4.402,5755.0
9602775,K04684.01,FALSE POSITIVE,0,0,1,1,3.5564279,133.5377,6.998,131.4,12.3,0.694,4.638,5404.0
8955709,K04471.01,FALSE POSITIVE,1,0,1,0,0.942997994,132.24469,1.1658,539.2,29.2,0.693,4.59,4499.0
7031430,K04472.01,FALSE POSITIVE,1,0,1,1,0.566796775,131.83811,5.471,144.1,32.2,0.358,4.892,3453.0
7133294,K04473.01,CONFIRMED,0,0,0,0,13.6471211,132.2552,8.331,75.0,14.7,1.382,4.106,5771.0
4381429,K04474.01,CONFIRMED,0,0,0,0,16.473474,142.68604,4.201,470.5,13.0,0.754,4.529,5364.0
11912916,K04475.01,FALSE POSITIVE,0,0,1,1,3.74788322,134.17324,3.45,242.6,16.3,0.826,4.569,5514.0
12108293,K04540.01,FALSE POSITIVE,0,1,1,1,0.705455349,131.67764,2.469,74.9,18.0,0.736,4.614,5383.0
5511659,K04541.01,CANDIDATE,0,0,0,0,8.5291223,135.74043,3.241,325.4,12.8,1.111,4.318,5543.0
9640946,K04542.01,FALSE POSITIVE,0,0,1,1,1.08906057,132.0391,2.743,76.2,10.4,0.881,4.463,5087.0
9776186,K04543.01,FALSE POSITIVE,0,0,1,0,1.48922187,132.3722,1.882,613.6,10.8,1.0,4.438,5780.0
9752973,K03162.01,FALSE POSITIVE,0,1,0,1,0.716709761,132.05103,0.6969,68.4,21.2,1.173,4.229,6109.0
8044600,K04612.01,FALSE POSITIVE,0,0,1,0,4.1083812,134.8932,3.279,352.8,11.4,0.87,4.545,5730.0
10220837,K04613.01,CONFIRMED,0,0,0,0,1.962282625,131.53585,1.45,68.3,12.9,0.979,4.418,5726.0
10991239,K03178.01,FALSE POSITIVE,1,0,0,0,0.523629052,131.63487,3.443,122.0,61.4,44.448,1.392,4136.0
7583650,K04614.01,CANDIDATE,0,0,0,0,6.4546845,135.5436,3.071,69.9,10.8,1.362,4.243,6474.0
9345819,K04615.01,FALSE POSITIVE,1,0,0,1,1.04588635,131.9887,2.833,102.7,13.2,1.076,4.428,6249.0
5819801,K04686.01,CANDIDATE,0,0,0,0,11.8299383,138.3039,5.168,41.4,11.7,2.431,3.802,5747.0
3732894,K04476.01,FALSE POSITIVE,0,0,1,1,1.540379557,132.00637,2.026,76.9,14.6,0.914,4.408,5812.0
6276791,K04477.01,CANDIDATE,0,0,0,0,5.30179786,135.9927,2.24,197.2,11.5,0.864,4.547,5749.0
6278762,K03158.01,CONFIRMED,0,0,0,0,3.60011712,133.25983,2.396,50.2,21.6,0.721,4.562,5051.0
6276791,K04477.02,CONFIRMED,0,0,0,0,9.32867952,135.87513,1.572,354.4,12.7,0.864,4.547,5749.0
8636600,K04478.01,CONFIRMED,0,0,0,0,6.38671206,131.52991,1.201,223.7,11.6,0.811,4.505,5071.0
10140122,K04545.01,CANDIDATE,0,0,0,0,0.849362238,132.14191,1.36,114.9,11.9,0.788,4.595,4973.0
5033823,K04546.01,CANDIDATE,0,0,0,0,0.741768294,131.57747,0.4164,60.3,14.0,3.147,3.637,5897.0
10342316,K04547.01,FALSE POSITIVE,1,0,1,1,0.93376962,132.4211,7.023,125.8,28.5,0.975,4.448,6056.0
8803757,K04904.01,CANDIDATE,0,0,0,0,3.5944891,132.36207,2.557,89.9,10.4,1.046,4.364,5523.0
12021811,K04905.01,FALSE POSITIVE,1,0,1,0,0.739404894,131.69907,1.753,246.8,21.0,0.624,4.635,4205.0
4730442,K07702.01,FALSE POSITIVE,0,0,1,0,1.71051215,131.65812,1.284,42.2,11.2,1.589,3.989,5925.0
7177555,K03299.01,FALSE POSITIVE,0,1,1,1,17.99643716,134.910537,4.164,36923.0,123.5,0.666,4.606,4438.0
3348082,K01196.02,CONFIRMED,0,0,0,0,11.63486009,140.50071,5.466,292.3,18.4,1.548,4.066,5570.0
4996057,K07712.01,CANDIDATE,0,0,0,0,4.8302364,134.9522,7.983,22.5,11.6,2.247,3.678,5086.0
4919550,K04766.01,CANDIDATE,0,0,0,0,5.56676609,132.49956,1.812,173.8,12.0,0.859,4.479,5032.0
5802292,K04767.01,FALSE POSITIVE,0,0,1,1,1.208528832,131.97963,1.336,180.8,10.6,0.923,4.51,6072.0
10034146,K04835.01,FALSE POSITIVE,1,0,1,0,0.93198504,131.62897,2.0472,326.6,44.5,0.777,4.509,5470.0
4175105,K04836.01,FALSE POSITIVE,1,0,1,0,0.60818508,131.62275,0.909,144.7,18.9,1.043,4.372,5981.0
5556726,K03223.01,FALSE POSITIVE,0,1,1,1,0.962825082,132.21375,2.8464,118.1,40.7,4.928,3.212,4898.0
10221505,K04768.01,CANDIDATE,0,0,0,0,3.43633133,132.42697,0.675,473.5,14.5,0.651,4.616,5201.0
8397947,K04772.01,CANDIDATE,0,0,0,0,3.38080537,133.94842,3.275,200.9,11.6,1.193,4.343,6072.0
6665860,K04840.01,CANDIDATE,0,0,0,0,10.4716194,136.2877,4.512,123.9,11.7,1.574,4.083,5812.0
7983117,K03214.01,CONFIRMED,0,0,0,0,11.49500229,141.27511,7.602,51.4,22.9,1.788,3.985,6033.0
5480884,K04841.01,FALSE POSITIVE,1,0,0,0,0.708726708,132.08629,0.753,313.6,13.4,0.515,4.733,4607.0
12071754,K04914.01,CANDIDATE,0,0,0,0,5.47455167,133.55529,3.71,73.2,10.8,1.312,4.19,5611.0
5544450,K03226.01,FALSE POSITIVE,1,0,0,0,4.29388808,133.51002,3.618,110.6,17.9,1.574,4.173,6615.0
9307105,K03304.01,FALSE POSITIVE,0,1,1,0,13.5437884,135.27623,5.7076,6608.7,114.4,0.794,4.582,5463.0
6131130,K03307.01,CANDIDATE,0,0,0,0,10.5071781,139.66432,2.68,271.8,11.1,0.865,4.46,5290.0
9959494,K03205.01,FALSE POSITIVE,0,1,1,1,1.332568744,132.04697,3.755,24.1,29.1,1.081,4.411,6620.0
7906892,K04773.01,CANDIDATE,0,0,0,0,8.8493948,139.786,6.928,43.8,12.1,1.11,4.349,6095.0
8626325,K04775.01,CANDIDATE,0,0,0,0,16.4491515,145.7441,6.696,70.9,11.0,2.789,3.712,5334.0
11456405,K04845.01,FALSE POSITIVE,0,0,1,1,0.814278961,131.64806,2.087,72.0,13.0,0.886,4.539,5537.0
4544684,K04847.01,FALSE POSITIVE,0,1,1,1,2.1890751,132.09378,2.365,94.8,12.6,0.891,4.526,6077.0
8975368,K03227.01,FALSE POSITIVE,0,0,1,0,2.42649862,133.70347,2.014,29.2,15.2,1.316,4.176,6033.0
9291039,K03230.01,FALSE POSITIVE,1,0,0,0,8.80854183,134.02712,34.7564,174.7,137.3,1.21,4.3,6017.0
10489539,K03231.01,FALSE POSITIVE,1,0,1,0,19.7639874,134.17,12.319,51.3,13.5,1.617,4.072,6195.0
9569711,K03232.01,CONFIRMED,0,0,0,0,6.05919881,133.67437,1.365,154.2,11.7,0.962,4.462,5734.0
3632089,K03308.02,CONFIRMED,0,0,0,0,5.32784157,133.55005,4.696,87.2,15.9,0.928,4.391,5638.0
8054719,K04776.01,CANDIDATE,0,0,0,0,7.5861587,132.7988,4.32,116.8,10.8,0.871,4.444,5934.0
6592335,K04777.01,CONFIRMED,0,0,0,0,0.824000125,131.80421,0.855,183.1,12.3,0.28,4.991,3396.0
5651829,K04778.01,FALSE POSITIVE,0,0,1,0,0.772152075,132.2074,1.78,43.6,13.6,2.08,3.787,5951.0
9094763,K04779.01,FALSE POSITIVE,0,1,1,0,1.08469871,131.7376,4.077,124.0,16.9,0.938,4.506,5942.0
6786224,K04850.01,CANDIDATE,0,0,0,0,3.04185157,132.50422,1.434,69.0,11.1,0.857,4.537,5802.0
10338279,K03216.01,FALSE POSITIVE,0,1,0,0,5.660274452,134.46727,0.9077,414.1,26.4,0.842,4.478,5615.0
4851239,K04851.01,FALSE POSITIVE,0,0,1,1,1.23512429,132.00059,4.22,15.2,15.7,0.941,4.507,5798.0
5009688,K07713.01,FALSE POSITIVE,1,0,0,0,1.381257093,131.84079,1.125,92.3,11.0,1.131,4.385,5861.0
11072016,K04852.01,CANDIDATE,0,0,0,0,1.89873195,132.09278,1.382,78.0,10.2,1.05,4.439,5942.0
3245969,K01101.02,CANDIDATE,0,0,0,0,11.39110963,137.69665,2.749,593.4,12.1,0.76,4.587,4999.0
10057494,K03234.01,CONFIRMED,0,0,0,0,2.41810158,132.38894,2.144,46.8,13.4,1.239,4.307,6258.0
7902003,K03236.01,CANDIDATE,0,0,0,0,7.13044117,135.594,2.566,31.9,10.5,2.074,3.964,6312.0
11905409,K03312.01,CANDIDATE,0,0,0,0,18.0939004,139.01706,3.294,467.3,11.6,0.867,4.543,5904.0
5612697,K03206.01,CANDIDATE,0,0,0,0,15.1516409,133.9226,5.105,191.5,11.4,1.0,4.438,5780.0
4645833,K04783.01,FALSE POSITIVE,1,0,1,0,0.743495989,132.18904,2.255,172.8,26.0,0.686,4.639,5345.0
8940918,K04784.01,FALSE POSITIVE,0,0,1,0,1.405887031,132.01147,1.184,216.0,13.8,0.653,4.618,4440.0
8360041,K04854.01,CANDIDATE,0,0,0,0,2.63527677,133.97919,1.997,70.4,10.7,0.864,4.496,5215.0
9827596,K04855.01,FALSE POSITIVE,0,0,1,1,1.45728997,131.5882,3.582,71.3,15.5,1.012,4.476,6063.0
6206559,K03240.01,FALSE POSITIVE,0,1,1,1,1.245331397,132.22902,2.566,38.1,26.5,2.477,3.781,6106.0
9532117,K03241.01,FALSE POSITIVE,0,1,1,1,8.21429932,135.00609,3.099,70.7,19.7,1.869,3.951,6277.0
6928906,K03242.01,FALSE POSITIVE,0,1,0,0,1.54945486,132.47682,6.698,21.8,20.9,2.804,3.838,7382.0
9821151,K03243.01,FALSE POSITIVE,0,1,0,1,8.42943991,132.29198,2.441,89.1,19.7,1.132,4.375,6353.0
8073705,K03245.01,CONFIRMED,0,0,0,0,10.60052083,132.98523,4.509,60.9,17.4,1.303,4.212,6035.0
11093538,K03326.01,FALSE POSITIVE,0,1,1,0,14.77820911,144.09725,5.395,10774.0,123.1,1.046,4.442,6258.0
11044779,K03327.01,FALSE POSITIVE,0,1,0,0,15.60862948,144.30211,6.6957,34356.0,186.0,0.829,4.566,5569.0
5119619,K04789.01,FALSE POSITIVE,0,0,1,0,1.11205787,132.01568,1.459,118.7,16.1,0.932,4.488,6098.0
9885417,K03246.01,CONFIRMED,0,0,0,0,0.689967868,131.63498,1.1688,122.9,28.7,0.726,4.615,4872.0
3336476,K03247.01,FALSE POSITIVE,0,0,0,1,1.89132292,132.6489,5.607,16.0,14.8,2.106,4.089,8482.0
10917433,K03248.01,CANDIDATE,0,0,0,0,6.91261536,132.15638,2.359,34.4,12.0,1.044,4.383,5761.0
9083564,K03249.01,FALSE POSITIVE,0,1,0,1,0.918420801,131.58576,3.533,56.7,40.3,1.434,4.166,6210.0
7335713,K03250.01,FALSE POSITIVE,1,0,1,0,0.573709256,131.93854,1.4932,131.2,37.5,5.769,3.13,5261.0
8331612,K03318.01,CONFIRMED,0,0,0,0,13.8353959,134.3082,4.961,818.0,10.3,1.057,4.403,6020.0
8874090,K01404.02,CANDIDATE,0,0,0,0,18.9060921,140.82932,4.125,375.6,11.9,0.45,4.813,3751.0
5965819,K03319.01,CONFIRMED,0,0,0,0,19.5906103,144.65969,6.745,297.0,24.9,1.496,4.118,5794.0
5965819,K03319.02,CONFIRMED,0,0,0,0,8.23983041,137.75528,5.619,251.0,29.4,1.496,4.118,5794.0
8328916,K04790.01,CANDIDATE,0,0,0,0,6.07855,132.5345,3.408,102.7,10.4,1.114,4.346,6119.0
10155029,K03208.01,CANDIDATE,0,0,0,0,2.131660527,133.13431,1.8585,32.2,15.7,0.997,4.426,5849.0
11973517,K04862.01,CANDIDATE,0,0,0,0,0.903763067,131.51926,0.562,267.5,12.6,0.651,4.616,4430.0
7345248,K04864.01,CANDIDATE,0,0,0,0,5.66494448,136.33835,4.173,46.0,11.4,1.13,4.269,5888.0
5814013,K04865.01,FALSE POSITIVE,0,0,1,0,1.57017249,132.1034,2.257,158.4,10.2,0.66,4.66,5300.0
7117355,K04866.01,FALSE POSITIVE,1,0,1,1,0.566798364,131.81891,3.172,38.6,14.1,1.04,4.411,5864.0
5653072,K03252.01,FALSE POSITIVE,0,0,1,0,3.22452656,132.50118,5.156,57.5,24.3,34.674,1.338,3857.0
2707985,K03253.01,FALSE POSITIVE,0,0,1,1,1.89127438,132.68059,4.491,32.3,24.6,3.46,3.663,7919.0
9899141,K03254.01,FALSE POSITIVE,0,0,1,1,1.33256944,132.05502,3.89,20.6,18.8,0.998,4.431,5655.0
5965819,K03319.03,CONFIRMED,0,0,0,0,3.54553077,132.37486,4.143,119.2,18.1,1.496,4.118,5794.0
6859801,K03321.01,FALSE POSITIVE,0,1,1,1,10.882416555,132.677164,5.4674,16629.5,265.2,0.715,4.57,4946.0
5193659,K03323.01,CANDIDATE,0,0,0,0,14.3196417,134.16323,3.781,215.5,12.5,1.373,4.151,5562.0
5201593,K07721.01,FALSE POSITIVE,1,0,1,1,0.50727675,131.77681,2.32,214.7,33.5,1.143,4.399,5970.0
9007609,K04795.01,FALSE POSITIVE,0,0,1,0,1.316398648,132.2998,1.169,182.5,13.1,0.806,4.508,5088.0
9509223,K04867.01,FALSE POSITIVE,1,0,0,1,14.2005007,135.7279,5.232,80.6,10.6,1.065,4.406,6332.0
6720773,K04868.01,FALSE POSITIVE,0,0,1,0,1.318347743,132.7886,0.871,113.2,10.6,1.121,4.351,6143.0
8056651,K04869.01,FALSE POSITIVE,0,0,1,0,5.5834987,132.562,2.484,87.4,11.8,1.375,4.241,6517.0
10191036,K03218.01,FALSE POSITIVE,0,0,1,1,1.21374652,131.735,3.371,28.9,17.4,1.049,4.407,6238.0
8280511,K01151.03,CONFIRMED,0,0,0,0,5.24970432,135.46911,2.746,61.9,13.9,0.853,4.499,5528.0
6955671,K03329.01,CANDIDATE,0,0,0,0,12.6878176,136.1525,4.262,293.0,13.5,1.046,4.442,6258.0
4736644,K03330.01,CONFIRMED,0,0,0,0,16.2951259,144.80425,3.678,197.9,13.0,0.812,4.512,4915.0
5876805,K03331.01,FALSE POSITIVE,0,1,0,0,18.173045009,355.230984,10.9113,69911.3,1820.5,0.86,4.548,5799.0
5818068,K03332.01,FALSE POSITIVE,0,1,1,0,14.12678065,137.90377,5.9303,7647.4,127.1,0.784,4.583,5656.0
7017274,K03209.01,CANDIDATE,0,0,0,0,11.91256675,143.15988,6.126,123.1,27.8,2.335,3.893,6337.0
11496490,K04872.01,FALSE POSITIVE,1,0,1,0,1.035268597,131.73249,0.5663,112.2,15.1,1.205,4.311,6332.0
7117549,K04874.01,FALSE POSITIVE,1,0,0,1,0.566805268,131.8224,3.721,35.7,12.5,1.086,4.418,6403.0
2986833,K04875.01,CANDIDATE,0,0,0,0,0.912179022,131.81174,1.332,144.6,10.3,0.555,4.722,3880.0
12055539,K03261.01,CONFIRMED,0,0,0,0,12.27057043,137.57434,3.002,295.5,18.7,0.969,4.486,6075.0
12056139,K03262.01,CONFIRMED,0,0,0,0,13.2274753,137.71768,6.356,229.8,16.4,1.155,4.405,6269.0
4774646,K07707.01,FALSE POSITIVE,0,1,1,0,0.559517155,132.07411,0.596,57.9,12.7,1.309,4.266,6462.0
9345933,K03264.01,CANDIDATE,0,0,0,0,13.0151826,134.74697,3.613,331.6,11.9,0.643,4.622,4794.0
7870282,K04732.01,FALSE POSITIVE,0,1,1,1,0.580725004,131.73303,2.071,105.2,18.0,0.841,4.53,5471.0
11153259,K03200.01,FALSE POSITIVE,1,0,0,0,1.94468659,133.2347,18.22,455.5,17.1,3.521,3.644,7894.0
9021075,K04733.01,CONFIRMED,0,0,0,0,7.28116667,132.7518,2.716,333.8,11.5,0.788,4.572,5008.0
3445812,K04802.01,FALSE POSITIVE,1,0,1,0,0.605556082,132.02856,1.2399,101.7,15.3,0.846,4.556,6123.0
4473613,K04803.01,CONFIRMED,0,0,0,0,4.36125889,132.53228,2.174,189.2,10.7,0.873,4.544,5520.0
4647662,K04806.01,FALSE POSITIVE,0,0,1,1,1.06484622,131.5817,3.287,42.4,12.5,1.087,4.417,6445.0
9581589,K04877.01,CANDIDATE,0,0,0,0,5.19206571,134.5614,3.716,66.6,10.5,1.075,4.426,6322.0
9850966,K04879.01,FALSE POSITIVE,0,0,1,1,8.480305,135.8796,6.19,304.2,11.5,0.696,4.631,4895.0
8280511,K01151.04,CANDIDATE,0,0,0,0,17.4532945,146.66244,4.027,79.3,12.0,0.853,4.499,5528.0
8620402,K03267.01,CONFIRMED,0,0,0,0,14.1959621,137.01221,3.605,196.2,14.1,1.076,4.442,6214.0
8379021,K03268.01,FALSE POSITIVE,0,1,0,0,11.52482874,134.08163,1.724,577.6,16.2,0.892,4.472,5592.0
5282477,K04736.01,FALSE POSITIVE,1,0,1,1,0.992798625,131.70889,3.5065,582.5,79.1,1.098,4.407,6055.0
7266212,K04737.01,CANDIDATE,0,0,0,0,7.79534033,138.03216,3.406,102.1,10.2,1.05,4.443,6156.0
9419020,K04808.01,CANDIDATE,0,0,0,0,2.40174996,131.7811,1.413,254.4,13.2,0.399,4.855,3606.0
8043721,K04812.01,FALSE POSITIVE,1,0,0,0,0.77957913,131.7173,2.457,70.4,11.1,0.853,4.553,5699.0
7985733,K03219.01,FALSE POSITIVE,0,1,1,0,0.544561598,131.94532,1.6053,35.2,31.1,80.529,0.851,3715.0
8094120,K04881.01,CANDIDATE,0,0,0,0,5.6795377,132.95,3.757,52.0,12.5,1.585,4.09,6514.0
6522824,K04882.01,FALSE POSITIVE,0,0,1,1,17.4453133,135.7562,5.14,327.7,12.2,3.04,3.417,4927.0
9935642,K04885.01,CANDIDATE,0,0,0,0,9.33955596,138.11016,2.058,245.1,10.1,1.101,4.308,5516.0
7285757,K03271.01,CONFIRMED,0,0,0,0,19.5489666,149.78882,1.78,523.8,12.6,0.732,4.6,5549.0
7285757,K03271.02,CANDIDATE,0,0,0,0,7.41834569,133.51738,2.462,234.0,11.2,0.732,4.6,5549.0
8129005,K04741.01,FALSE POSITIVE,0,0,1,1,7.1403113,137.9994,5.891,112.1,11.8,1.016,4.454,6354.0
4840156,K07709.01,FALSE POSITIVE,0,0,1,0,2.69487041,131.59964,2.553,62.1,10.3,1.187,4.283,5823.0
9777556,K04814.01,FALSE POSITIVE,0,0,0,1,1.33254897,132.0549,3.083,591.7,16.2,13.777,2.445,4894.0
5980061,K04817.01,FALSE POSITIVE,1,0,1,0,0.630539713,131.99124,1.7407,239.6,27.7,0.894,4.482,5458.0
7692248,K04886.01,CANDIDATE,0,0,0,0,17.99562529,145.60092,0.871,1068.0,12.1,0.959,4.494,5999.0
4059887,K04887.01,FALSE POSITIVE,0,0,1,1,1.018347376,131.69633,4.386,47.8,33.3,2.638,3.729,5858.0
8288741,K04888.01,FALSE POSITIVE,1,0,0,0,0.659299289,131.738727,0.6908,1118.5,108.6,0.852,4.524,5791.0
11513486,K04748.01,CONFIRMED,0,0,0,0,6.64754478,137.13371,1.961,289.3,12.4,1.007,4.478,6046.0
4851283,K07710.01,FALSE POSITIVE,0,0,1,1,1.23517588,131.9561,5.476,232.9,19.3,1.0,4.438,5780.0
6520519,K04749.01,CANDIDATE,0,0,0,0,1.97650073,132.95624,1.788,112.5,10.4,0.923,4.514,5792.0
9969287,K04820.01,CANDIDATE,0,0,0,0,14.7401061,133.5305,5.637,238.0,10.3,0.959,4.494,5999.0
10747501,K04891.01,CANDIDATE,0,0,0,0,4.7309013,135.19333,2.889,228.5,11.6,0.911,4.519,5941.0
4544628,K04753.01,FALSE POSITIVE,0,0,1,0,0.729724346,132.04276,2.699,23.0,14.3,1.03,4.426,6084.0
9702945,K04822.01,CANDIDATE,0,0,0,0,3.51413723,132.40707,3.919,32.7,11.2,0.989,4.472,6201.0
7052511,K04824.01,FALSE POSITIVE,0,0,1,0,0.821472455,132.3003,2.433,127.1,11.3,0.836,4.503,4889.0
4764774,K04825.01,FALSE POSITIVE,0,0,1,0,1.29019586,132.11311,3.741,86.5,11.1,0.842,4.558,5693.0
10549902,K04826.01,CANDIDATE,0,0,0,0,1.141148847,132.24561,1.629,73.1,12.7,1.989,3.916,5438.0
12416597,K04895.01,CANDIDATE,0,0,0,0,12.460565,139.2206,3.903,143.9,10.2,0.933,4.453,5435.0
9910828,K04897.01,FALSE POSITIVE,0,0,1,1,8.48032079,135.85214,5.791,170.7,14.7,0.728,4.556,5415.0
8016691,K03286.01,CONFIRMED,0,0,0,0,18.1373788,136.8106,3.844,310.8,11.3,0.602,4.648,4257.0
10291589,K04754.01,CANDIDATE,0,0,0,0,7.08757462,138.27614,3.342,187.0,11.0,0.925,4.509,6060.0
10118266,K04755.01,CANDIDATE,0,0,0,0,3.74318005,135.13816,1.111,237.5,10.5,0.851,4.516,5207.0
5695615,K04756.01,CANDIDATE,0,0,0,0,5.4169303,133.7916,7.512,109.5,11.3,1.108,4.41,6355.0
4670267,K07699.01,FALSE POSITIVE,0,1,0,0,1.003049079,132.372429,7.9657,219273.0,1766.7,0.844,4.518,5775.0
7435780,K04757.01,FALSE POSITIVE,1,0,1,1,0.933157032,132.35981,2.614,87.8,15.2,1.169,4.378,6499.0
10556180,K04828.01,FALSE POSITIVE,1,0,0,0,1.02104719,131.5654,6.39,246.1,18.5,1.2,4.376,6444.0
12401132,K04829.01,CANDIDATE,0,0,0,0,7.630545,907.04471,3.63,364.9,11.3,1.179,4.358,6407.0
6424561,K04900.01,CANDIDATE,0,0,0,0,6.6716723,131.92708,2.693,154.4,10.3,1.021,4.435,6086.0
10661917,K04901.01,FALSE POSITIVE,0,1,1,1,1.23142395,131.7651,2.186,19.6,10.8,1.73,3.971,6011.0
6233483,K03291.01,FALSE POSITIVE,0,1,1,1,15.8733803,135.62779,7.4672,4094.1,136.5,1.054,4.276,6161.0
4466356,K03295.01,FALSE POSITIVE,0,1,1,0,14.12809896,137.11989,2.326,263.1,20.3,0.988,4.47,6072.0
7949593,K04759.01,CANDIDATE,0,0,0,0,17.7662938,146.6886,3.079,181.1,10.1,0.946,4.495,5724.0
9474232,K04760.01,FALSE POSITIVE,0,0,1,1,13.6917833,133.78898,4.198,145.4,14.2,0.931,4.433,5906.0
7098255,K04762.01,CANDIDATE,0,0,0,0,11.56722589,132.25385,2.507,373.7,11.5,0.691,4.59,4597.0
11456279,K03204.01,FALSE POSITIVE,1,0,0,0,0.572937573,131.69432,2.576,80.8,32.0,1.593,4.225,7338.0
5398002,K03213.01,FALSE POSITIVE,0,1,0,0,14.15849823,134.0065,46.356,347.3,225.1,3.746,3.668,8753.0
10356124,K04832.01,FALSE POSITIVE,1,0,0,0,12.3748247,138.0615,90.01,390.9,85.7,3.598,3.491,5165.0
10584140,K04833.01,CANDIDATE,0,0,0,0,4.31724247,133.4243,4.126,59.0,11.3,1.31,4.195,5992.0
8233326,K04834.01,CANDIDATE,0,0,0,0,3.74099144,132.2112,5.428,34.3,12.3,3.231,3.611,5110.0
6286161,K03501.01,FALSE POSITIVE,1,0,0,0,14.541781166,144.269401,9.1151,143645.0,768.9,1.148,4.304,5997.0
5385471,K03502.01,FALSE POSITIVE,1,0,1,1,12.4261177,141.51156,28.5357,1230.4,89.9,0.851,4.554,5713.0
5471158,K03504.01,FALSE POSITIVE,1,0,1,1,12.42560404,141.5345371,23.9402,458.9,40.8,0.893,4.541,5713.0
5120225,K07717.01,FALSE POSITIVE,0,1,0,0,1.041619932,131.836717,8.1218,1840.5,374.1,0.991,4.374,5838.0
9656543,K03588.01,FALSE POSITIVE,0,1,0,0,2.544594443,135.040236,3.21373,348777.0,608.9,1.616,4.033,5503.0
3348093,K03590.01,FALSE POSITIVE,0,1,0,0,7.964400574,131.563644,4.4761,190903.0,879.2,0.715,4.578,4478.0
6182846,K03591.01,FALSE POSITIVE,0,1,1,1,6.399101307,134.702264,4.7439,83326.0,154.4,0.988,4.472,6233.0
6442602,K07778.01,FALSE POSITIVE,1,0,0,0,0.56678228,131.8571,4.725,146.8,15.1,0.749,4.56,4796.0
9851126,K03592.01,FALSE POSITIVE,0,1,1,1,8.480303653,135.854594,7.48907,81427.9,301.4,0.787,4.565,5385.0
5257082,K03368.01,CANDIDATE,0,0,0,0,10.08535311,140.97143,1.75,222.5,10.7,0.945,4.487,5947.0
8628665,K03434.01,CANDIDATE,0,0,0,0,10.2856373,141.20764,3.043,134.9,10.4,1.06,4.409,5841.0
4645174,K03437.01,CONFIRMED,0,0,0,0,15.0330623,131.89493,6.326,132.2,14.9,1.601,4.076,5849.0
8719419,K03506.01,FALSE POSITIVE,0,1,0,0,12.62530918,140.0602,3.163,39413.0,32.5,1.844,4.012,6878.0
4349442,K01803.02,FALSE POSITIVE,0,0,0,1,12.720298433,140.3669017,2.4599,283.6,12.7,0.724,4.61,4914.0
6182849,K03512.01,FALSE POSITIVE,0,1,0,0,6.399107136,134.7016363,5.21981,376769.0,4322.4,0.935,4.435,6133.0
9851142,K03513.01,FALSE POSITIVE,0,1,0,1,8.480304281,135.854534,7.46159,83114.6,5219.5,2.21,3.946,7059.0
4079530,K03594.01,FALSE POSITIVE,0,1,0,0,17.72722648,144.070402,4.1376,147144.0,922.1,0.895,4.52,6021.0
9025914,K03596.01,FALSE POSITIVE,0,1,0,0,11.320287875,131.803042,4.82219,243413.0,1539.9,1.127,4.302,6153.0
9366988,K03597.01,FALSE POSITIVE,0,1,1,0,1.219034103,132.100694,2.4494,95697.0,319.1,1.271,4.217,5914.0
6599975,K03438.01,CONFIRMED,0,0,0,0,14.5565618,141.03671,4.554,103.8,17.1,1.061,4.452,6065.0
8266276,K01731.02,FALSE POSITIVE,0,0,1,0,0.837898153,131.98187,2.104,268.9,13.9,0.797,4.526,4748.0
5887316,K07747.01,FALSE POSITIVE,0,0,1,0,0.603086711,131.664075,1.0869,1242.8,170.0,1.134,4.397,6353.0
6147851,K07766.01,FALSE POSITIVE,0,0,1,0,3.06026014,132.762,2.545,59.9,10.1,1.01,4.426,5878.0
8589754,K03518.01,FALSE POSITIVE,0,1,0,0,8.939461148,133.013944,6.19136,357832.0,2427.5,2.225,3.846,6461.0
2437149,K03598.01,FALSE POSITIVE,0,1,0,0,18.79862195,138.028268,7.4782,380204.0,551.3,0.796,4.585,5334.0
9715925,K03599.01,FALSE POSITIVE,0,1,0,0,6.30828538,134.379945,2.48633,113526.0,559.2,0.78,4.524,5069.0
9529733,K03600.01,FALSE POSITIVE,0,1,0,0,4.80912667,134.07939,7.9331,134093.0,1033.2,1.166,4.371,6462.0
9613070,K03601.01,FALSE POSITIVE,0,1,0,0,2.33211505,132.19683,2.96723,105949.0,997.8,1.094,4.348,6384.0
9967771,K01875.02,CONFIRMED,0,0,0,0,0.53835407,131.64999,1.5045,190.2,46.6,1.207,4.244,5539.0
6543893,K01627.03,CANDIDATE,0,0,0,0,3.80675878,133.7492,2.092,231.9,10.4,1.797,4.04,6068.0
6705026,K03374.01,CONFIRMED,0,0,0,0,9.5084871,140.5602,4.372,97.9,13.3,1.668,4.106,6144.0
5553959,K03377.01,CANDIDATE,0,0,0,0,10.0100312,131.61434,1.35,375.8,12.4,0.508,4.731,4338.0
5887393,K07748.01,FALSE POSITIVE,0,0,1,0,1.55090374,131.61966,3.028,11.3,11.8,2.968,3.787,7612.0
5384713,K03444.01,CANDIDATE,0,0,0,0,12.67143692,137.50707,2.498,215.8,13.7,0.529,4.721,3705.0
9529744,K01806.02,CONFIRMED,0,0,0,0,17.9346606,138.21679,6.25,142.7,18.8,1.775,4.013,6426.0
4073707,K03525.01,FALSE POSITIVE,1,0,0,0,6.282033445,131.590793,8.3777,181787.0,1178.0,0.976,4.45,6074.0
5730394,K03603.01,FALSE POSITIVE,0,1,0,0,5.519188936,134.470023,7.1351,217073.0,2270.6,0.897,4.439,5324.0
6956216,K03604.01,FALSE POSITIVE,0,1,0,0,4.818863794,131.677655,6.2625,65936.5,2048.7,1.935,3.936,6313.0
10275074,K03606.01,FALSE POSITIVE,0,1,0,0,2.181555909,133.48675,4.41739,85406.9,1548.2,1.246,4.331,6584.0
9110346,K03607.01,FALSE POSITIVE,0,1,0,0,0.895276162,131.6225645,3.0518,319082.0,932.1,2.55,3.631,5242.0
3120308,K03380.01,FALSE POSITIVE,0,0,1,1,10.26558924,136.49645,3.879,254.6,18.8,0.98,4.458,5774.0
9991621,K03382.01,FALSE POSITIVE,0,0,1,0,18.9257333,145.5267,6.149,188.5,16.2,0.909,4.421,5455.0
8644365,K03384.01,CANDIDATE,0,0,0,0,10.54841329,139.06402,1.872,102.9,11.7,1.092,4.387,6047.0
2852528,K03446.01,FALSE POSITIVE,0,1,1,1,11.9615433,131.895,3.129,424.5,12.4,1.046,4.456,6142.0
10793576,K03451.01,CANDIDATE,0,0,0,0,10.90752977,136.60797,2.764,186.0,11.8,1.147,4.377,6414.0
7877824,K03530.01,FALSE POSITIVE,1,0,0,0,9.44942685,136.026498,6.40303,488997.0,1246.3,0.905,4.534,5754.0
6469946,K07781.01,FALSE POSITIVE,0,0,1,0,0.715802309,131.690348,1.5586,2208.6,137.7,0.757,4.6,5239.0
6233903,K03609.01,FALSE POSITIVE,0,1,0,0,2.995357359,132.796981,6.57901,172404.0,1467.6,1.94,3.892,5949.0
7212066,K03610.01,FALSE POSITIVE,0,1,0,0,3.840485025,134.446386,2.8592,31353.0,259.4,0.823,4.532,5731.0
6675060,K03611.01,FALSE POSITIVE,0,1,0,0,10.443341795,133.62903,3.94077,145294.0,842.1,1.005,4.421,6137.0
10518735,K03612.01,FALSE POSITIVE,0,1,0,0,19.515013291,136.215942,4.59379,256442.0,1018.8,0.851,4.531,5349.0
6975129,K01628.02,CONFIRMED,0,0,0,0,1.772451066,132.08668,2.4592,79.2,22.4,1.149,4.406,6243.0
8644365,K03384.02,CONFIRMED,0,0,0,0,19.9158863,139.36828,6.191,143.2,28.3,1.092,4.387,6047.0
7021177,K03452.01,FALSE POSITIVE,0,1,0,0,18.64532882,147.207512,3.63893,433815.0,1256.8,0.845,4.554,5931.0
6947668,K03455.01,CANDIDATE,0,0,0,0,14.0545718,133.0972,4.066,274.3,11.6,0.88,4.539,5783.0
9834257,K03457.01,FALSE POSITIVE,0,1,1,1,15.65134872,132.81191,4.1553,3104.0,81.6,3.289,3.586,6552.0
10290666,K00332.02,CANDIDATE,0,0,0,0,6.86674226,135.3543,4.216,47.2,12.3,1.135,4.396,5914.0
9529744,K01806.03,CONFIRMED,0,0,0,0,8.37159554,137.68075,5.252,98.0,16.6,1.775,4.013,6426.0
6527016,K07783.01,FALSE POSITIVE,0,0,1,0,0.542636318,131.95581,1.2536,74.6,17.3,1.633,3.96,5277.0
7376500,K03535.01,FALSE POSITIVE,0,1,0,0,5.877122485,136.42083,4.71655,362900.0,1210.8,1.821,3.807,5702.0
9636559,K03618.01,FALSE POSITIVE,0,1,0,0,10.636305846,139.783159,5.17212,216063.0,1419.0,1.345,4.221,6781.0
8095110,K03619.01,FALSE POSITIVE,0,1,1,1,2.1032389,132.868177,6.4774,24852.5,625.1,0.786,4.587,5546.0
10328393,K01905.02,CONFIRMED,0,0,0,0,15.99560373,144.2399,3.471,221.7,20.0,0.721,4.61,4955.0
9775253,K03621.01,FALSE POSITIVE,0,1,0,0,4.39451798,133.62094,2.9527,223616.0,249.5,0.483,4.773,3695.0
6118370,K03458.01,CONFIRMED,0,0,0,0,14.0328775,138.0603,6.684,210.9,11.8,1.001,4.47,6063.0
2717158,K03459.01,CONFIRMED,0,0,0,0,13.2226149,144.295,4.337,261.7,12.6,0.863,4.545,5931.0
6209677,K01750.02,CANDIDATE,0,0,0,0,2.53742164,132.34623,1.563,104.5,12.8,0.917,4.481,5447.0
2437112,K03461.01,FALSE POSITIVE,0,1,1,1,18.79852,138.02082,4.795,487.4,11.2,0.715,4.589,4808.0
7374746,K03537.01,FALSE POSITIVE,0,1,0,0,1.366946478,132.204582,3.37701,158643.0,796.5,0.757,4.527,5353.0
6519865,K07782.01,FALSE POSITIVE,1,0,1,0,0.566813677,131.78895,2.458,61.2,11.5,0.966,4.487,6106.0
3865298,K03540.01,FALSE POSITIVE,0,1,0,0,9.53040216,138.232917,5.95809,321541.0,185.6,0.912,4.438,5501.0
10091110,K03627.01,FALSE POSITIVE,0,1,0,0,4.218512654,133.506768,3.62939,23416.8,699.9,0.991,4.472,6185.0
10091110,K03627.02,FALSE POSITIVE,0,1,0,0,8.529991199,137.654769,3.9954,20083.7,389.8,0.991,4.472,6185.0
3544694,K03629.01,FALSE POSITIVE,0,1,0,0,1.922862476,132.735702,3.4594,101272.0,362.1,1.303,4.246,6408.0
11521793,K00352.02,CONFIRMED,0,0,0,0,16.00747237,142.63787,1.267,277.6,14.7,1.305,4.204,5857.0
7748487,K03394.01,CANDIDATE,0,0,0,0,15.5764061,135.9482,5.382,257.1,14.1,1.076,4.442,6214.0
3219037,K03395.01,CANDIDATE,0,0,0,0,10.00506974,136.83029,3.481,143.3,11.4,0.924,4.453,5912.0
5952448,K07753.01,FALSE POSITIVE,0,1,1,1,0.905675699,132.20066,1.701,73.2,10.2,0.903,4.518,5730.0
9967009,K03462.01,CANDIDATE,0,0,0,0,12.4326997,142.1049,7.81,240.3,11.5,1.229,4.22,5480.0
11874338,K03464.01,FALSE POSITIVE,0,1,0,0,15.9750417,135.71533,3.549,643.5,37.5,3.456,3.52,5220.0
9763612,K03465.01,CONFIRMED,0,0,0,0,16.0505464,141.73408,3.171,94.4,14.6,0.853,4.563,5428.0
9468384,K03466.01,FALSE POSITIVE,0,1,0,0,11.082622625,746.1967676,6.62584,268725.0,1725.6,0.922,4.503,5831.0
10092312,K01823.02,FALSE POSITIVE,0,1,1,1,1.096587245,132.51421,3.0287,541.2,67.1,0.942,4.513,5869.0
3964545,K03542.01,FALSE POSITIVE,0,1,0,0,3.012476415,132.2466206,3.31903,198402.0,2060.3,1.088,4.329,6015.0
5444491,K07727.01,FALSE POSITIVE,0,0,1,1,0.759740194,131.82001,3.252,42.5,13.7,1.007,4.478,6046.0
3735629,K03544.01,FALSE POSITIVE,0,1,0,0,4.664186517,133.670668,4.0639,555376.0,445.7,3.579,3.515,5062.0
8244173,K03545.01,FALSE POSITIVE,0,1,0,0,1.092066399,132.1028432,2.97608,401890.0,1160.6,0.576,4.67,4556.0
6546508,K03613.01,FALSE POSITIVE,0,1,0,0,3.053578643,133.878843,3.22884,52879.9,661.4,0.714,4.625,5414.0
9886224,K03614.01,FALSE POSITIVE,0,1,0,0,2.992662857,131.893219,2.5258,113705.0,296.8,1.837,3.883,4927.0
3735634,K03615.01,FALSE POSITIVE,0,1,1,1,4.664188563,133.670244,3.773,11360.5,272.6,1.215,4.192,5699.0
6058875,K03616.01,FALSE POSITIVE,0,1,0,0,0.56493412,131.7871403,2.57621,252639.0,1361.5,0.534,4.729,4748.0
10735564,K03617.01,FALSE POSITIVE,0,1,0,0,1.674984844,131.793034,4.92134,234579.0,858.8,2.451,3.971,8285.0
3561464,K03398.01,CONFIRMED,0,0,0,0,7.31945294,137.22065,4.881,166.8,16.3,3.955,3.499,5745.0
5962509,K07754.01,FALSE POSITIVE,0,0,1,1,0.790049989,132.11148,2.794,70.8,12.3,0.808,4.53,5427.0
6359802,K03399.01,FALSE POSITIVE,0,1,1,1,14.15402615,144.17685,4.115,21653.0,23.9,0.661,4.61,4352.0
9995771,K03470.01,CANDIDATE,0,0,0,0,15.0617835,140.1111,6.31,196.6,12.1,1.158,4.321,5806.0
7287391,K03546.01,FALSE POSITIVE,0,1,0,0,4.286103033,134.590777,2.6422,173359.0,397.1,0.591,4.663,4206.0
10215869,K03548.01,FALSE POSITIVE,0,1,0,0,5.017239915,134.490136,4.36126,144642.0,970.9,1.079,4.41,6519.0
5456319,K07728.01,FALSE POSITIVE,0,0,1,0,0.937923475,132.34501,3.164,40.4,12.0,0.805,4.58,5398.0
7025540,K03550.01,FALSE POSITIVE,0,1,0,0,2.148219541,132.76673,2.94091,457844.0,619.8,0.672,4.6,4694.0
6677267,K03622.01,FALSE POSITIVE,0,1,1,0,3.125821128,134.479684,2.2163,5025.4,245.2,2.852,3.705,6137.0
7732791,K03623.01,FALSE POSITIVE,0,1,0,0,1.032068851,131.8383,2.1344,121993.0,140.0,0.711,4.587,4387.0
8177798,K03624.01,FALSE POSITIVE,0,1,0,0,1.450205839,131.985523,3.6373,25883.7,419.0,1.893,4.093,7564.0
10489521,K03625.01,FALSE POSITIVE,0,1,0,0,3.224486463,131.855925,4.61686,403734.0,1905.1,1.16,4.331,6389.0
9966219,K03401.01,CANDIDATE,0,0,0,0,17.9559673,139.0347,6.237,137.0,11.9,1.195,4.258,5641.0
5991070,K07756.01,FALSE POSITIVE,1,0,0,0,0.94102954,131.9021,4.415,34.5,13.3,2.409,3.783,5766.0
5531953,K01681.02,CONFIRMED,0,0,0,0,1.992812339,131.70565,2.066,314.8,16.8,0.42,4.844,3638.0
9536108,K03472.01,CANDIDATE,0,0,0,0,10.43003118,133.2962,2.029,120.0,10.6,1.031,4.449,6277.0
6233466,K03552.01,FALSE POSITIVE,0,1,0,0,15.873380595,143.859941,8.0429,208362.0,978.2,1.895,3.907,5622.0
7869917,K01525.02,CONFIRMED,0,0,0,0,11.8061737,138.2641,4.472,88.1,10.1,2.599,3.843,6900.0
11754430,K03403.02,CONFIRMED,0,0,0,0,6.15828666,135.4969,6.329,57.7,16.4,1.524,4.073,5710.0
9468382,K03409.01,FALSE POSITIVE,0,1,1,1,11.08260553,136.6562,6.23,601.2,51.3,2.196,3.674,5125.0
9965206,K03558.01,FALSE POSITIVE,0,1,0,0,16.227548674,136.6397289,5.08666,192688.0,1870.0,0.795,4.587,5297.0
4848423,K03560.01,FALSE POSITIVE,0,1,0,0,1.501760172,131.5669078,5.85519,387905.0,2624.0,1.29,4.315,6327.0
11403216,K03561.01,FALSE POSITIVE,0,1,0,0,4.05325447,134.744552,4.0116,110916.0,446.1,1.039,4.453,6022.0
11853878,K01833.02,CONFIRMED,0,0,0,0,7.68433346,133.36007,1.4346,1175.0,28.5,0.572,4.682,4402.0
5774375,K07740.01,FALSE POSITIVE,0,1,0,0,1.549979213,132.675027,7.5945,370546.0,672.7,2.058,3.777,5408.0
7692093,K03337.01,CANDIDATE,0,0,0,0,11.16622885,134.96951,3.389,353.9,13.6,0.836,4.562,5552.0
8263752,K03338.01,FALSE POSITIVE,1,1,1,1,10.99381963,133.253208,3.7889,1685.8,102.9,1.157,4.366,6553.0
8263752,K03338.02,FALSE POSITIVE,0,1,1,1,10.9938087,138.80624,5.0403,1456.9,100.4,1.157,4.366,6553.0
3529290,K03340.01,CANDIDATE,0,0,0,0,8.9539656,132.8453,4.898,70.4,12.2,0.947,4.452,6168.0
3529290,K03340.02,CANDIDATE,0,0,0,0,13.7281373,143.55218,5.304,106.6,15.4,0.947,4.452,6168.0
9285265,K03410.01,CONFIRMED,0,0,0,0,16.5860329,133.28136,7.043,231.3,14.6,1.389,4.149,5626.0
5780930,K03412.01,CONFIRMED,0,0,0,0,16.7525077,131.59834,3.174,338.3,18.2,1.802,3.906,4807.0
5531953,K01681.03,CANDIDATE,0,0,0,0,3.53105835,134.3171,1.778,310.8,11.7,0.42,4.844,3638.0
7288444,K03482.01,CONFIRMED,0,0,0,0,15.3317719,142.5217,5.467,179.2,13.3,1.285,4.228,5726.0
5513861,K07731.01,FALSE POSITIVE,0,1,0,0,0.755105584,131.8133513,5.02374,250026.0,2158.5,1.19,4.369,6592.0
10960995,K03564.01,FALSE POSITIVE,0,1,0,0,1.558544209,131.567665,3.3727,225588.0,421.6,0.708,4.582,4868.0
9592575,K03565.01,FALSE POSITIVE,0,1,1,0,2.63757408,131.575561,5.9626,169658.0,1471.6,0.953,4.509,5639.0
7898576,K03566.01,FALSE POSITIVE,1,0,0,0,8.64636188,135.46223,8.73607,218072.0,2441.7,1.134,4.382,6444.0
5621333,K03341.02,CANDIDATE,0,0,0,0,11.5474983,139.9777,6.684,115.5,12.3,1.352,4.193,5775.0
11810124,K03344.01,CONFIRMED,0,0,0,0,11.6044881,139.05603,3.409,267.6,14.5,1.166,4.275,5533.0
2849140,K03416.01,CANDIDATE,0,0,0,0,11.8237228,139.4199,8.518,212.7,14.2,0.803,4.578,5559.0
5471289,K03485.01,FALSE POSITIVE,1,0,1,1,12.42592675,141.5292956,29.1701,410.3,63.7,0.971,4.489,5952.0
8121328,K03486.01,CANDIDATE,0,0,0,0,19.0689513,145.7515,12.462,169.3,19.1,0.889,4.436,5418.0
5529552,K07732.01,FALSE POSITIVE,1,0,0,1,0.759768478,131.78573,2.824,57.4,12.9,0.815,4.574,5481.0
9773869,K03568.01,FALSE POSITIVE,0,1,0,0,15.65129028,132.81543,6.7631,398641.0,359.7,1.103,4.418,6137.0
6707942,K03569.01,FALSE POSITIVE,0,1,0,0,9.014220178,131.549902,2.76441,34085.6,1109.2,0.73,4.573,4842.0
5023948,K03570.01,FALSE POSITIVE,0,1,0,0,1.824653341,132.883177,4.25512,176739.0,1833.7,0.941,4.372,6413.0
5113053,K03571.01,FALSE POSITIVE,0,1,0,0,3.185090259,133.294014,4.80188,423276.0,1909.2,1.279,4.249,6516.0
11853878,K01833.03,CONFIRMED,0,0,0,0,5.70940795,137.12208,1.622,586.7,20.2,0.572,4.682,4402.0
4743508,K03572.01,FALSE POSITIVE,0,1,0,0,2.086076372,133.416141,2.4032,58858.0,159.3,1.119,4.265,6124.0
11810124,K03344.02,CONFIRMED,0,0,0,0,3.63898953,131.78562,2.252,209.6,16.0,1.166,4.275,5533.0
11241912,K03346.01,CONFIRMED,0,0,0,0,14.42735088,138.84024,4.857,117.0,21.5,1.04,4.403,5929.0
6043538,K07759.01,CANDIDATE,0,0,0,0,6.2253374,133.0882,4.388,108.6,11.8,1.726,4.024,6263.0
8824737,K03347.01,CONFIRMED,0,0,0,0,12.90235874,139.15105,2.446,354.4,15.7,0.788,4.586,5530.0
7289338,K03420.02,CANDIDATE,0,0,0,0,12.5014905,142.55934,3.882,220.1,10.8,1.492,4.127,5821.0
8552719,K01792.02,FALSE POSITIVE,1,0,0,0,1.546222068,132.45951,7.998,49.4,56.6,1.073,4.388,5611.0
9474756,K03495.01,CANDIDATE,0,0,0,0,17.6062701,147.1894,6.134,146.2,10.4,1.159,4.326,5808.0
12316447,K03575.01,FALSE POSITIVE,0,1,0,0,17.907664726,139.743761,5.58652,265411.0,1731.4,1.041,4.447,6173.0
5823557,K07743.01,FALSE POSITIVE,0,0,0,1,2.4044122,133.2244,4.575,42.7,10.8,1.249,4.276,6398.0
8081239,K03352.01,CONFIRMED,0,0,0,0,10.35857039,138.30794,2.577,273.7,15.1,1.02,4.423,5893.0
8356054,K03424.01,FALSE POSITIVE,0,1,0,0,17.081202417,134.296431,7.20617,134143.0,1524.8,0.708,4.623,5431.0
9117416,K03425.02,CONFIRMED,0,0,0,0,3.15722086,131.69915,3.762,49.7,17.4,2.0,3.934,6120.0
7517261,K03496.02,CANDIDATE,0,0,0,0,8.5433774,137.9895,6.149,75.1,10.3,1.685,4.108,6602.0
5024292,K03579.01,FALSE POSITIVE,0,1,0,0,4.301031137,134.44907,5.65214,204153.0,1526.2,1.548,4.208,6386.0
8263746,K03581.01,FALSE POSITIVE,0,1,0,0,10.9938268,138.805226,5.0746,419208.0,469.5,0.743,4.554,4856.0
10657406,K01837.02,CONFIRMED,0,0,0,0,1.682934607,131.96807,1.8846,142.7,24.5,0.834,4.573,5201.0
7091432,K03353.01,CONFIRMED,0,0,0,0,11.55532445,134.12977,3.499,250.0,16.1,0.803,4.506,5149.0
9221528,K03355.01,CANDIDATE,0,0,0,0,16.2953228,144.7982,4.882,229.1,12.9,1.013,4.432,6187.0
9230021,K03429.02,CONFIRMED,0,0,0,0,8.74192361,135.42727,4.235,295.7,18.5,1.145,4.298,5596.0
8552719,K01792.03,CONFIRMED,0,0,0,0,9.10969334,133.06566,5.3181,126.4,47.8,1.073,4.388,5611.0
5471688,K03499.02,FALSE POSITIVE,0,0,1,1,0.96283264,132.20087,2.947,96.3,16.4,0.733,4.617,5955.0
6058816,K03500.02,CANDIDATE,0,0,0,0,4.7482669,135.8003,4.947,35.6,12.1,2.481,3.797,6056.0
9892471,K03584.01,FALSE POSITIVE,0,1,0,0,8.268081087,135.0563298,3.47103,71479.3,1320.5,0.922,4.502,5749.0
2019076,K03585.01,FALSE POSITIVE,0,1,0,0,3.564614021,131.86235,3.44204,94342.0,728.8,0.892,4.45,5891.0
7376490,K03586.01,FALSE POSITIVE,0,1,1,1,5.877122413,136.420718,3.7369,15647.1,287.6,1.043,4.325,5778.0
11968513,K03587.01,FALSE POSITIVE,1,0,0,0,1.036592635,132.089146,2.40749,124498.0,444.7,8.747,2.737,4884.0
4263529,K03358.01,CANDIDATE,0,0,0,0,10.10404351,132.892841,1.0022,1322.4,39.5,0.831,4.541,5530.0
11651712,K03363.01,CONFIRMED,0,0,0,0,14.53260546,140.4685,2.4212,328.9,29.0,0.932,4.507,6003.0
7697103,K03430.01,CANDIDATE,0,0,0,0,13.9248005,142.04732,5.016,195.2,11.2,0.648,4.669,5271.0
9267996,K03431.01,CANDIDATE,0,0,0,0,19.6001405,138.5631,8.613,282.0,19.7,0.932,4.507,6003.0
7877818,K03816.01,FALSE POSITIVE,1,0,1,1,9.44942628,132.45174,6.3064,1211.9,81.1,2.664,3.689,5092.0
5636642,K03817.01,FALSE POSITIVE,0,1,0,0,0.933489066,132.101834,1.41864,14259.0,374.5,1.084,4.307,5758.0
6515722,K03818.01,FALSE POSITIVE,1,0,0,0,1.908525084,131.77571,4.169,218.9,26.9,2.471,4.013,9174.0
5560831,K03819.01,FALSE POSITIVE,1,0,0,0,0.867721348,132.161646,4.8783,97653.0,587.9,1.276,4.186,5510.0
3728432,K03893.01,CONFIRMED,0,0,0,0,3.90863457,133.92971,1.7704,867.2,36.6,0.653,4.613,4518.0
5473535,K03894.01,FALSE POSITIVE,0,1,1,0,1.673662758,131.67166,2.3135,316.4,33.4,1.053,4.433,6444.0
12106934,K03895.01,FALSE POSITIVE,0,1,1,0,5.93717724,135.95682,5.355,25450.0,56.3,1.0,4.438,5780.0
6222898,K03896.01,FALSE POSITIVE,0,1,1,0,3.89043062,132.7665,6.596,195.4,14.4,0.896,4.449,5646.0
3955866,K03897.01,FALSE POSITIVE,0,0,1,0,16.8282542,296.233,39.098,655.3,78.3,0.972,4.496,5575.0
11200767,K03667.01,FALSE POSITIVE,0,1,1,1,2.489549075,132.045037,2.4345,2829.7,160.6,1.406,4.138,6184.0
9892816,K01955.03,CONFIRMED,0,0,0,0,1.644221032,131.75241,2.9122,47.8,24.1,1.369,4.26,6297.0
8589731,K03668.01,FALSE POSITIVE,0,1,1,1,4.469731089,133.011683,5.257,3159.6,286.7,2.318,3.808,5758.0
4356766,K03669.01,FALSE POSITIVE,0,1,0,0,1.731803197,132.887574,5.6803,44612.0,221.1,1.029,4.426,5761.0
2167890,K03670.01,FALSE POSITIVE,0,1,1,0,2.64830047,133.034879,2.6395,12668.0,79.8,9.278,2.761,4839.0
5384079,K02011.02,CONFIRMED,0,0,0,0,17.2653659,135.3549,5.02,67.9,13.9,1.402,4.244,6388.0
4935914,K03743.01,FALSE POSITIVE,0,1,0,0,3.486318703,134.87329,2.7904,60135.0,190.7,1.0,4.438,5780.0
11303811,K03744.01,FALSE POSITIVE,1,0,0,0,1.705780649,133.15662,1.6271,15498.0,31.8,0.591,4.665,4970.0
2437783,K03745.01,FALSE POSITIVE,0,1,1,0,7.45306683,131.76434,4.7617,46552.0,84.3,1.0,4.438,5780.0
12062660,K03746.01,FALSE POSITIVE,0,1,0,0,2.929299629,133.71721,7.102,83918.0,374.6,1.0,4.438,5780.0
9777087,K03747.01,FALSE POSITIVE,1,0,1,1,5.50811352,134.32603,2.9516,40380.0,100.5,0.624,4.687,5188.0
5956776,K03821.01,FALSE POSITIVE,1,0,0,0,0.569115097,132.020841,3.5028,585597.0,229.6,1.705,4.13,7174.0
8883727,K03822.01,FALSE POSITIVE,0,1,1,0,2.529073751,133.390989,1.8827,1572.9,73.4,0.766,4.598,5465.0
6516874,K03824.01,FALSE POSITIVE,1,0,0,0,0.916326699,131.80905,3.1427,96384.0,251.6,0.972,4.486,6046.0
9161118,K03898.01,FALSE POSITIVE,0,1,1,0,1.306723495,132.53576,6.606,12456.6,311.7,0.657,4.612,4651.0
3556229,K03899.01,FALSE POSITIVE,0,1,0,0,0.7967202,132.288291,4.25304,167719.0,716.6,1.0,4.438,5780.0
10583225,K03902.01,FALSE POSITIVE,0,1,1,1,2.69634575,132.9969,3.785,185.2,35.4,1.051,4.335,5418.0
5215251,K03903.01,FALSE POSITIVE,0,1,1,0,2.553924603,131.94769,9.835,1680.1,100.5,0.986,4.489,5993.0
10383696,K03671.01,FALSE POSITIVE,0,1,0,0,8.487871809,134.495278,4.19829,118814.0,483.9,0.855,4.558,5553.0
9777090,K03672.01,FALSE POSITIVE,0,1,0,0,5.50817321,134.32367,3.6845,226850.0,268.7,0.644,4.663,5051.0
11455484,K03673.01,FALSE POSITIVE,0,1,0,0,6.142812722,135.16085,6.0751,96593.0,316.1,1.0,4.438,5780.0
5738506,K03676.01,FALSE POSITIVE,1,0,0,0,9.50158045,131.97492,5.0701,443400.0,314.9,1.0,4.438,5780.0
9777087,K03747.02,FALSE POSITIVE,0,0,0,1,19.226055,132.6309,2.949,3266.0,10.1,0.621,4.689,5193.0
4247807,K03748.01,FALSE POSITIVE,0,1,1,1,2.050435466,133.288776,8.0122,7765.3,445.8,0.825,4.496,5440.0
11547869,K03749.01,CANDIDATE,0,0,0,0,10.72725536,132.90239,1.7541,56197.0,160.5,0.268,5.006,3324.0
7700590,K03750.01,FALSE POSITIVE,0,1,1,1,1.507101452,132.092456,5.2005,15847.0,273.5,0.876,4.453,5884.0
9053086,K03751.01,FALSE POSITIVE,0,1,0,0,1.274841686,131.623318,3.5903,50253.0,353.0,1.281,4.247,6211.0
3128552,K02055.02,CONFIRMED,0,0,0,0,4.02582434,135.42508,2.8059,265.3,23.9,1.116,4.308,5509.0
5467113,K03825.01,FALSE POSITIVE,0,1,0,0,2.845746618,134.276987,13.0719,557741.0,829.1,1.776,3.948,5641.0
8240123,K03826.01,FALSE POSITIVE,0,1,1,1,2.30120705,132.18748,25.08,1688.1,132.5,0.85,4.554,5641.0
10031907,K03828.01,FALSE POSITIVE,0,1,1,1,8.58965725,132.01852,8.9793,1161.5,107.8,0.892,4.539,5697.0
6525946,K02093.02,CANDIDATE,0,0,0,0,2.508116,133.98497,2.504,188.1,18.3,8.769,2.435,5096.0
5480736,K03904.01,FALSE POSITIVE,0,1,1,0,8.56751264,136.06104,5.449,347.9,17.9,1.054,4.42,6212.0
8487748,K03905.01,FALSE POSITIVE,0,1,0,1,1.061934313,131.72596,3.194,607.0,70.0,0.566,4.675,4304.0
9892856,K03906.01,FALSE POSITIVE,0,1,1,0,2.406574511,133.73667,3.4382,738.0,63.9,1.107,4.428,6167.0
5021174,K03679.01,FALSE POSITIVE,0,1,0,0,4.04506346,132.232226,3.22222,360177.0,483.9,1.0,4.438,5780.0
9973109,K02018.02,CANDIDATE,0,0,0,0,16.0988294,131.8764,5.686,160.2,10.9,0.911,4.401,5657.0
6314185,K03752.01,FALSE POSITIVE,0,1,0,1,1.433262145,132.822323,5.6316,1849.5,159.3,1.068,4.318,5977.0
8620561,K03753.01,FALSE POSITIVE,0,1,0,0,0.782046543,131.674244,1.9874,340464.0,534.0,0.591,4.661,4768.0
8937019,K03754.01,FALSE POSITIVE,0,1,0,0,5.663604992,133.892182,1.4283,163385.0,169.4,1.0,4.438,5780.0
9896435,K03755.01,FALSE POSITIVE,0,1,0,0,18.076610347,146.256704,3.1396,65280.0,380.6,0.764,4.55,4848.0
10352938,K03756.01,FALSE POSITIVE,0,1,0,0,6.47173281,136.35537,7.1964,6472.7,94.5,1.685,4.079,6318.0
10676927,K03830.01,FALSE POSITIVE,0,1,0,0,1.031100362,131.87473,2.9759,129157.0,178.5,0.752,4.601,5666.0
5649836,K03831.01,FALSE POSITIVE,0,1,0,0,0.597933142,131.95669,3.47133,284383.0,1490.3,1.0,4.438,5780.0
7620660,K03832.01,FALSE POSITIVE,0,1,1,0,5.36652724,134.86398,8.367,3122.5,50.7,0.849,4.553,5858.0
3836399,K03834.01,FALSE POSITIVE,0,1,1,1,1.540392098,131.9989,3.7271,1022.0,87.2,0.724,4.564,4911.0
3128552,K02055.03,CONFIRMED,0,0,0,0,2.50475282,133.63645,2.376,181.1,18.9,1.116,4.308,5509.0
10491062,K03910.01,FALSE POSITIVE,0,0,1,1,2.199076661,133.06147,6.11,777.4,56.2,0.791,4.565,5310.0
9761615,K03911.01,CONFIRMED,0,0,0,0,1.79110997,131.95636,2.0917,167.5,24.3,0.999,4.469,6040.0
4058881,K03912.01,FALSE POSITIVE,0,0,1,0,7.77241144,132.58122,5.272,286.9,18.9,0.993,4.486,6014.0
2581316,K03681.02,CONFIRMED,0,0,0,0,10.51421162,134.56738,3.877,85.4,21.6,1.167,4.385,6259.0
8621353,K03682.01,FALSE POSITIVE,0,1,0,0,11.344347453,138.811996,5.9738,258242.0,437.2,1.0,4.438,5780.0
9394601,K03684.01,FALSE POSITIVE,0,1,0,0,0.876826336,132.0647202,3.6097,138366.0,1338.1,0.962,4.481,6344.0
8494410,K03685.02,CONFIRMED,0,0,0,0,7.2593226,131.71082,6.1394,247.5,40.1,0.987,4.421,5914.0
6863161,K03757.01,FALSE POSITIVE,1,0,0,0,1.98663794,133.311523,4.7585,63156.0,193.0,2.619,3.973,9191.0
7840035,K03758.01,FALSE POSITIVE,0,1,0,0,13.54208867,144.00206,4.9406,28869.0,137.6,0.927,4.405,5496.0
8543279,K03759.01,FALSE POSITIVE,0,1,1,1,7.549303633,135.010802,2.3665,10222.9,177.0,0.815,4.581,5402.0
8047283,K03760.01,FALSE POSITIVE,0,1,1,0,0.77544539,132.072938,1.8764,6791.4,205.1,0.865,4.546,5861.0
7612691,K03836.01,FALSE POSITIVE,1,0,1,0,3.46724809,133.90269,11.01,1317.3,107.0,0.543,4.713,4969.0
9761573,K03837.01,FALSE POSITIVE,0,1,0,0,7.4413445,137.3429,2.8754,2234.0,66.4,1.183,4.321,6540.0
8042789,K03838.01,FALSE POSITIVE,0,1,1,0,4.618309224,135.85023,3.6752,1191.0,68.5,0.815,4.572,5452.0
10095484,K03839.01,FALSE POSITIVE,0,1,1,1,0.677761275,131.625946,3.7085,877.9,120.8,0.853,4.553,5699.0
5467102,K03840.01,FALSE POSITIVE,0,1,1,1,2.845739012,134.279738,11.9327,24391.8,488.6,0.96,4.493,5982.0
10281221,K03913.01,CANDIDATE,0,0,0,0,0.582895412,131.621083,1.0528,587.5,87.0,1.009,4.46,6263.0
5471496,K03914.01,FALSE POSITIVE,1,0,1,1,12.42618005,141.50486,28.1949,1522.8,113.1,0.684,4.619,4624.0
4544620,K03915.01,FALSE POSITIVE,0,1,1,1,2.189090653,132.08535,5.2094,1027.1,78.3,0.777,4.593,5401.0
5784777,K03916.01,CONFIRMED,0,0,0,0,5.33905606,132.14193,1.6415,755.5,28.9,0.704,4.573,5057.0
6863187,K07794.01,FALSE POSITIVE,1,0,0,1,1.99492332,133.4406,5.898,77.7,11.1,0.971,4.498,5957.0
9719636,K03686.01,FALSE POSITIVE,0,1,0,0,3.351573993,134.28062,2.8758,54546.0,192.4,1.033,4.408,5984.0
2452440,K03687.01,FALSE POSITIVE,0,1,0,0,8.097050622,138.423529,5.6736,65620.0,404.9,0.894,4.423,5753.0
5020034,K03688.01,FALSE POSITIVE,0,1,0,0,2.119107262,132.58903,7.5384,124646.0,347.3,1.423,4.155,6381.0
7017372,K03689.01,CANDIDATE,0,0,0,0,5.24088367,136.02877,3.3656,8531.2,385.7,1.305,4.241,6452.0
6974867,K07800.01,FALSE POSITIVE,1,0,1,0,0.887691177,132.36711,1.644,37.3,20.8,2.491,3.775,5500.0
3114667,K03763.01,FALSE POSITIVE,0,1,0,0,0.888584158,132.100098,2.25012,412710.0,691.2,0.616,4.639,4324.0
12109845,K03765.01,FALSE POSITIVE,0,1,0,0,0.865959015,132.053694,1.9058,291274.0,620.8,0.469,4.788,4561.0
3954227,K03766.01,FALSE POSITIVE,1,0,0,0,0.594276199,131.835238,2.0188,220745.0,285.2,0.667,4.603,4756.0
8651551,K03841.01,FALSE POSITIVE,0,1,1,0,1.527491117,132.259806,7.9136,33546.0,298.6,0.595,4.652,4273.0
7115550,K07811.01,FALSE POSITIVE,0,1,0,1,0.566814046,131.79379,4.049,42.1,23.8,0.827,4.53,5724.0
9532637,K03842.01,FALSE POSITIVE,1,0,0,0,0.61496383,132.022402,1.93053,358049.0,806.5,0.663,4.612,4509.0
7174349,K03844.01,FALSE POSITIVE,0,1,0,0,2.974163938,132.49312,1.7423,90282.0,88.6,1.0,4.438,5780.0
11824218,K03845.01,FALSE POSITIVE,0,1,1,1,15.84131693,145.4595,1.8156,2617.7,38.2,19.695,2.399,4993.0
10788461,K03925.01,CONFIRMED,0,0,0,0,9.2075634,135.801,3.365,1243.1,43.4,1.303,4.215,5678.0
10788461,K03925.02,CONFIRMED,0,0,0,0,2.5903958,132.3011,2.088,330.9,18.3,1.303,4.215,5678.0
10788461,K03925.03,CONFIRMED,0,0,0,0,5.3235335,133.0952,2.714,342.4,14.6,1.303,4.215,5678.0
11667548,K03926.01,FALSE POSITIVE,0,0,1,0,0.831741499,132.074741,2.297,1231.1,110.9,1.14,4.408,6343.0
8868649,K03927.01,FALSE POSITIVE,1,0,1,1,4.44737112,133.84048,19.45,224.4,93.0,0.981,4.382,5472.0
9715939,K03690.01,FALSE POSITIVE,0,1,0,0,12.893018017,141.611199,3.30029,16032.8,453.0,1.408,4.178,6387.0
4751083,K03691.01,FALSE POSITIVE,0,1,0,0,4.532416322,135.6589,3.2864,34953.0,175.6,1.281,4.283,6306.0
5903301,K03692.01,FALSE POSITIVE,0,1,0,0,1.160153553,132.145331,2.16452,12302.5,552.8,1.382,4.161,6200.0
7695087,K03693.01,FALSE POSITIVE,0,1,1,1,4.032760214,133.301891,2.7194,10803.4,150.9,9.433,2.899,4969.0
6200709,K03694.01,FALSE POSITIVE,0,1,0,0,3.723552982,134.94613,3.5632,40143.0,145.7,0.89,4.51,6063.0
8323764,K03767.01,CANDIDATE,0,0,0,0,6.714247798,134.31703,3.3304,32213.0,145.9,0.8,4.508,5159.0
5360082,K03768.01,FALSE POSITIVE,0,1,0,0,11.35501209,133.20478,14.557,19675.0,221.4,0.567,4.679,4594.0
6543683,K03769.01,FALSE POSITIVE,0,1,1,1,1.195515251,132.303851,5.0834,8054.4,309.1,1.155,4.271,6040.0
5008245,K03770.01,CANDIDATE,0,0,0,0,2.60720833,131.84844,2.6452,3149.7,185.3,1.236,4.352,6366.0
10555365,K03771.01,FALSE POSITIVE,0,1,0,0,5.80184753,131.77347,3.9551,22143.0,118.1,0.921,4.426,5687.0
5481426,K03772.01,FALSE POSITIVE,0,1,0,0,2.38404983,133.43927,3.2849,312732.0,195.3,1.0,4.438,5780.0
7983756,K03846.01,FALSE POSITIVE,0,1,1,0,5.24078259,136.54913,5.238,592.6,58.1,0.917,4.503,6192.0
7289165,K03847.01,FALSE POSITIVE,0,1,1,1,5.26641416,131.69998,2.4404,223.8,37.8,1.602,4.087,6338.0
12784167,K03848.01,CONFIRMED,0,0,0,0,1.847892736,132.19915,1.8904,323.3,53.3,0.842,4.557,5763.0
8949316,K03849.01,FALSE POSITIVE,0,1,0,0,0.604358764,131.68577,1.0423,38731.0,236.8,0.427,4.82,3569.0
8912730,K03850.01,FALSE POSITIVE,1,0,0,0,11.3775281,132.5848,12.918,1651.3,38.2,1.66,4.162,6943.0
9784230,K03851.01,FALSE POSITIVE,1,0,0,0,0.7981968,131.570334,2.22035,257616.0,453.9,1.0,4.438,5780.0
3124420,K03918.01,FALSE POSITIVE,0,1,0,0,0.948951607,132.468516,4.3809,458463.0,437.1,1.0,4.438,5780.0
4649440,K03919.01,FALSE POSITIVE,0,1,0,0,19.37070781,147.66803,2.2466,653.2,38.4,4.335,3.416,5321.0
2437488,K03920.01,FALSE POSITIVE,0,1,1,1,14.46993942,141.81105,7.455,1235.3,41.9,9.043,2.715,4735.0
10083623,K03921.01,FALSE POSITIVE,0,1,0,0,1.278555003,131.529071,1.4247,1478.0,93.8,0.827,4.557,5636.0
11253711,K01972.02,CONFIRMED,0,0,0,0,1.226223959,132.6827,2.1689,56.1,18.9,1.34,4.148,5855.0
8043052,K03695.01,FALSE POSITIVE,0,1,0,0,2.244600029,133.46529,1.9204,8611.0,42.6,0.802,4.502,5256.0
4372765,K03698.01,FALSE POSITIVE,0,1,0,0,15.64064161,140.08502,6.4524,273309.0,206.3,1.374,4.279,6517.0
7220320,K03775.01,FALSE POSITIVE,0,1,0,0,0.752158047,131.793035,2.42733,37878.8,510.0,2.221,3.844,5770.0
9291378,K03776.01,FALSE POSITIVE,0,1,1,1,3.796488133,135.15079,11.0659,3007.6,193.4,1.018,4.46,6137.0
4949524,K03852.01,FALSE POSITIVE,0,0,1,0,1.233076007,132.49795,12.506,1392.4,129.3,0.817,4.571,5602.0
3550434,K03854.01,FALSE POSITIVE,0,1,0,0,1.1910489,132.076408,1.3738,1391.1,46.1,0.693,4.58,5089.0
2558370,K03855.01,FALSE POSITIVE,0,1,0,0,0.546248198,131.585311,2.1081,114528.0,263.1,1.0,4.438,5780.0
12301181,K02059.02,CANDIDATE,0,0,0,0,2.18565886,132.45418,1.966,35.6,11.1,0.746,4.598,4997.0
5397166,K03856.01,FALSE POSITIVE,0,1,1,0,1.811966339,132.27828,3.792,408.1,36.3,3.348,3.602,5904.0
11709124,K00435.04,CONFIRMED,0,0,0,0,3.93276627,134.64964,2.9403,234.9,30.7,0.971,4.415,5688.0
1433980,K03924.01,FALSE POSITIVE,0,1,0,0,1.592634161,132.328769,8.9488,155156.0,1207.6,1.768,4.061,6574.0
2438490,K03699.01,FALSE POSITIVE,0,1,0,0,3.31577795,131.53883,4.2349,94567.0,124.6,0.849,4.516,5528.0
3838496,K03700.01,FALSE POSITIVE,0,1,0,0,2.990252395,133.110629,7.8462,216437.0,541.7,1.0,4.438,5780.0
6470521,K03701.01,FALSE POSITIVE,0,1,1,1,2.08043378,131.827041,7.708,6861.2,289.1,1.119,4.399,6377.0
2449090,K03702.01,FALSE POSITIVE,0,1,0,0,4.944046127,134.192012,4.50334,112503.0,537.2,1.0,4.438,5780.0
5652260,K03703.01,FALSE POSITIVE,0,1,0,0,4.464565251,132.311502,4.0221,74112.0,286.4,0.853,4.553,5743.0
2569494,K03704.01,FALSE POSITIVE,0,1,0,0,1.523298835,132.32762,5.9083,195071.0,174.4,0.866,4.469,5311.0
12405950,K03778.01,FALSE POSITIVE,0,1,0,0,3.539631353,132.774997,1.5372,1229.7,163.5,2.629,3.759,7021.0
5206233,K03779.01,FALSE POSITIVE,0,1,1,0,6.195861785,134.23422,2.6078,3509.8,83.5,0.813,4.573,5608.0
7031066,K07803.01,FALSE POSITIVE,1,0,1,1,0.566805514,131.8162,4.367,85.3,25.1,0.917,4.439,5115.0
11825057,K03857.01,FALSE POSITIVE,1,0,0,0,0.532087933,131.972409,3.45028,510366.0,1069.5,1.0,4.438,5780.0
12306699,K03858.01,FALSE POSITIVE,0,1,1,0,3.204222652,133.82223,2.7952,898.4,45.5,0.741,4.609,5139.0
9692336,K03859.01,FALSE POSITIVE,1,0,0,0,0.687898282,131.595979,3.96401,293505.0,1571.6,1.0,4.438,5780.0
9641008,K03860.01,FALSE POSITIVE,0,1,1,1,2.178154774,132.02433,3.5302,662.6,89.2,0.712,4.624,5515.0
8588377,K03861.01,FALSE POSITIVE,0,1,1,0,0.99466172,131.63284,1.576,1370.5,21.5,1.021,4.332,5750.0
4242692,K03928.01,CONFIRMED,0,0,0,0,1.138548215,132.46205,2.1482,66.2,31.5,1.713,4.01,6520.0
6783732,K07790.01,FALSE POSITIVE,0,0,1,0,0.721335207,131.57505,1.509,31.8,12.0,0.948,4.489,6328.0
11607176,K03930.01,FALSE POSITIVE,1,0,1,0,3.28274272,132.64464,8.9,292.8,68.2,0.82,4.533,5741.0
10661718,K03931.01,FALSE POSITIVE,0,1,1,1,1.231361934,131.80783,5.433,471.0,94.7,1.016,4.378,6095.0
8257205,K01986.02,CONFIRMED,0,0,0,0,7.12766417,136.00586,2.491,229.2,16.0,0.821,4.548,5159.0
6470516,K03705.01,FALSE POSITIVE,0,1,0,0,2.080431782,131.827995,7.4997,894203.0,1585.2,2.115,4.04,8344.0
7770471,K03706.01,FALSE POSITIVE,1,0,0,0,1.157804607,132.448327,4.66082,605713.0,1837.9,1.425,4.219,6510.0
5130380,K03707.01,FALSE POSITIVE,0,1,0,0,19.979098,137.14659,10.5638,38418.0,449.1,1.126,4.296,5907.0
6314173,K03708.01,FALSE POSITIVE,0,1,0,0,1.433262401,132.822635,6.2205,428557.0,599.8,1.959,4.013,7311.0
7031340,K07804.01,FALSE POSITIVE,1,0,1,1,0.566769068,131.8681,3.011,40.0,14.9,1.533,3.998,5496.0
4073730,K03785.01,FALSE POSITIVE,1,0,0,0,6.2820426,131.58905,7.941,1413.0,103.3,3.798,3.511,6635.0
2854948,K03786.01,FALSE POSITIVE,0,1,0,0,0.97430309,132.390205,2.1088,34976.0,224.0,0.786,4.583,5688.0
4164922,K03864.01,CONFIRMED,0,0,0,0,1.210693626,132.39306,1.434,159.1,41.6,0.756,4.559,5014.0
12061969,K02061.02,CONFIRMED,0,0,0,0,1.090011003,131.58066,1.5,174.8,12.6,0.77,4.596,5081.0
4164922,K03864.02,CANDIDATE,0,0,0,0,18.2572722,134.44527,3.434,157.5,17.3,0.756,4.559,5014.0
10259029,K03630.01,FALSE POSITIVE,0,1,0,0,7.061149921,134.558528,3.33515,131257.0,631.5,0.798,4.564,5585.0
8299947,K03631.01,FALSE POSITIVE,0,1,0,0,2.682767439,131.570648,4.58143,394412.0,508.4,1.0,4.438,5780.0
3335813,K03632.01,FALSE POSITIVE,0,1,1,1,3.711012492,132.488455,3.3394,7559.8,257.4,1.117,4.365,6141.0
11858741,K03633.01,FALSE POSITIVE,0,1,1,0,1.780982447,131.520134,3.4297,357695.0,324.0,1.0,4.438,5780.0
6363494,K03634.01,FALSE POSITIVE,0,1,0,0,1.815632406,131.9113803,3.35773,61573.6,1413.9,2.408,4.07,9954.0
9532421,K03710.01,FALSE POSITIVE,0,1,0,0,4.309067482,134.71445,2.21,23647.0,82.0,0.789,4.526,4897.0
2437060,K03712.01,FALSE POSITIVE,0,1,0,0,3.187087241,132.8582,7.2897,129093.0,197.0,23.673,2.137,4599.0
8127648,K03713.01,FALSE POSITIVE,0,1,0,0,1.023470248,131.703274,2.3804,129526.0,262.2,1.0,4.438,5780.0
11564013,K03714.01,FALSE POSITIVE,0,1,0,0,0.875267982,132.03224,1.6038,11701.0,44.9,0.898,4.402,5821.0
9405541,K03788.01,FALSE POSITIVE,0,1,0,0,5.55260695,132.08428,4.1178,727.6,60.7,116.965,0.273,3306.0
8906045,K03789.01,FALSE POSITIVE,1,0,0,1,2.347479696,133.67205,26.25,81996.0,261.1,1.138,4.305,5891.0
7031638,K07805.01,FALSE POSITIVE,0,1,0,1,1.13353095,132.4414,3.17,18.5,11.1,1.121,4.36,6318.0
7296094,K03790.01,FALSE POSITIVE,0,1,1,1,0.890745373,131.884401,1.9215,120034.0,239.6,1.0,4.438,5780.0
12009347,K03792.01,FALSE POSITIVE,0,1,0,0,2.723858181,133.57632,1.4313,5497.0,23.8,0.733,4.57,4416.0
4037163,K03793.01,FALSE POSITIVE,1,0,0,0,0.635441862,131.966607,1.9827,147609.0,317.1,1.0,4.438,5780.0
5535890,K03865.01,FALSE POSITIVE,0,1,1,0,3.255189932,134.6015,2.7117,119.2,38.3,1.256,4.23,5807.0
5215980,K03866.01,FALSE POSITIVE,0,1,1,1,2.531140101,132.49471,20.399,11786.5,304.2,0.75,4.607,5325.0
9353742,K03867.01,CONFIRMED,0,0,0,0,0.938750221,131.68256,1.3568,280.7,47.4,0.886,4.527,5497.0
9178185,K03868.01,FALSE POSITIVE,0,1,1,0,2.992704682,133.29518,1.2585,361.1,39.9,3.915,3.497,5908.0
6290382,K03869.01,FALSE POSITIVE,0,1,0,0,6.12810722,137.03456,2.824,2336.0,17.5,1.667,4.158,7245.0
3327992,K03635.01,FALSE POSITIVE,0,1,1,1,2.115511511,131.99137,8.5116,25805.0,153.3,0.661,4.615,4188.0
5649206,K03636.01,FALSE POSITIVE,0,1,0,0,2.446736567,133.968534,5.0201,415859.0,1037.3,1.0,4.438,5780.0
5181804,K03638.01,FALSE POSITIVE,0,1,0,0,4.350460215,132.27239,2.5276,50424.0,247.2,1.416,4.208,6585.0
4937143,K03715.01,FALSE POSITIVE,0,1,0,0,9.84883968,135.993,5.7425,22012.0,236.6,1.31,4.281,6938.0
5036537,K03718.01,FALSE POSITIVE,0,1,1,1,1.06100873,132.521276,2.6715,6367.1,174.9,0.947,4.417,5080.0
9837083,K03719.01,FALSE POSITIVE,0,1,0,0,0.623393802,131.599128,1.40392,30192.2,867.8,0.639,4.628,4330.0
12557548,K03794.01,CONFIRMED,0,0,0,0,0.65355361,132.058957,1.63,4595.9,217.4,0.66,4.622,4550.0
7031726,K07806.01,FALSE POSITIVE,0,1,0,1,0.566793534,131.8368,4.714,92.4,40.4,138.056,0.269,3420.0
3338660,K03795.01,FALSE POSITIVE,0,1,0,0,1.873380717,131.795634,10.1083,538716.0,1513.7,1.171,4.283,5992.0
3338674,K03796.01,FALSE POSITIVE,0,1,1,1,1.87337894,131.796393,9.1328,5444.0,223.1,5.721,2.9,4740.0
5546277,K03797.01,FALSE POSITIVE,0,1,1,0,7.50023955,137.38848,2.916,273.2,29.0,0.919,4.517,5849.0
9752982,K03871.01,FALSE POSITIVE,1,0,0,0,0.716709897,132.050846,0.7466,932.5,47.6,2.742,3.471,5173.0
4666008,K03872.01,FALSE POSITIVE,0,1,1,1,2.248063246,132.75441,5.1297,631.7,87.9,1.112,4.409,6325.0
2441161,K03642.01,FALSE POSITIVE,0,1,0,0,2.192004364,132.218114,3.075,99583.0,298.7,0.687,4.642,5306.0
3231120,K03643.01,FALSE POSITIVE,0,1,0,0,3.900109346,133.380544,3.9037,126194.0,448.0,0.969,4.424,5791.0
12216706,K03644.01,FALSE POSITIVE,0,1,0,0,1.471060209,132.27522,4.3708,148439.0,563.0,2.911,3.806,8749.0
7763269,K03721.01,FALSE POSITIVE,0,1,0,0,6.40802979,134.0732,2.9288,7784.1,108.2,1.194,4.293,6261.0
5471606,K03723.01,FALSE POSITIVE,1,0,0,1,0.962835804,132.198475,4.9844,14328.4,209.2,32.244,1.464,3982.0
11200405,K03724.01,FALSE POSITIVE,0,1,0,0,4.639602084,135.09909,3.4636,25079.0,131.0,1.194,4.223,6078.0
5475736,K03798.01,FALSE POSITIVE,0,1,1,1,2.991885335,134.17581,7.4319,1356.9,160.2,0.839,4.464,5750.0
9049673,K03799.01,FALSE POSITIVE,0,1,1,0,1.327471395,131.583734,5.2334,5673.8,218.7,0.777,4.519,5232.0
9593759,K03800.01,FALSE POSITIVE,0,1,0,0,1.247156944,132.36584,2.6779,134761.0,92.4,9.67,2.605,4770.0
5020044,K03802.01,FALSE POSITIVE,0,1,1,1,2.119100054,132.59118,8.2163,1651.1,195.7,1.078,4.426,6292.0
11560037,K03874.01,FALSE POSITIVE,0,1,0,0,1.466535757,131.992658,0.8222,1346.4,86.1,1.02,4.387,5888.0
11911561,K03875.01,FALSE POSITIVE,0,1,0,0,8.870415578,137.481093,1.2864,873.1,43.8,1.514,4.027,6022.0
6547322,K07786.01,FALSE POSITIVE,0,0,1,0,1.49131759,132.1676,4.721,25.8,10.3,2.429,3.782,6014.0
3440118,K03876.01,CONFIRMED,0,0,0,0,19.57783279,131.71421,1.9857,432.6,37.2,0.884,4.533,5620.0
9159265,K03877.01,FALSE POSITIVE,0,1,1,1,3.04476607,132.43708,9.568,272.6,67.0,0.818,4.568,5627.0
5816806,K03645.01,FALSE POSITIVE,0,1,0,0,4.45543346,134.453921,5.116,245681.0,508.6,1.0,4.438,5780.0
6531496,K03646.01,FALSE POSITIVE,0,1,1,0,14.323889947,135.225964,4.83729,69071.6,834.3,0.895,4.529,5853.0
3097352,K03648.01,FALSE POSITIVE,0,1,0,0,4.029803201,134.422433,4.4301,191073.0,352.3,1.078,4.385,6024.0
6066379,K03649.01,FALSE POSITIVE,0,1,1,0,1.303858554,131.606872,4.36797,126636.0,904.0,1.343,4.207,6282.0
6508221,K00416.03,CANDIDATE,0,0,0,0,9.74765878,139.16424,2.62,102.0,11.6,0.738,4.612,5176.0
12154526,K02004.02,CONFIRMED,0,0,0,0,3.18899015,133.52624,2.722,66.2,18.4,1.176,4.327,5700.0
3459199,K03725.01,FALSE POSITIVE,0,1,0,0,1.570518376,132.340523,3.2035,2213.2,76.7,11.82,2.782,5314.0
12023089,K03727.01,FALSE POSITIVE,0,1,0,0,0.623441636,131.6792187,1.46001,19340.5,164.7,0.654,4.612,5319.0
6286155,K03803.01,FALSE POSITIVE,0,1,1,1,14.5417471,137.58734,5.6067,1088.6,71.2,5.922,3.042,5032.0
7831363,K03804.01,FALSE POSITIVE,0,1,0,0,2.81753381,132.8937,2.1551,3836.0,39.3,1.098,4.325,6313.0
8804845,K02039.02,CONFIRMED,0,0,0,0,0.762132307,131.61542,1.22,63.7,11.5,0.934,4.489,5594.0
5560830,K03879.01,FALSE POSITIVE,1,0,1,1,0.867719291,132.165597,6.323,2651.8,157.1,1.056,4.398,6220.0
4147444,K03880.01,CANDIDATE,0,0,0,0,1.803697292,131.51365,1.5922,69.7,25.8,1.166,4.33,6438.0
8211824,K03881.01,FALSE POSITIVE,0,1,0,0,0.84112187,132.164939,2.0431,75070.0,89.7,0.707,4.571,5048.0
5980800,K03882.01,FALSE POSITIVE,0,1,0,0,0.828326025,132.175806,1.42721,10718.0,164.5,0.978,4.382,5400.0
9592850,K03883.01,FALSE POSITIVE,0,1,0,0,1.219324537,131.94673,4.7501,379055.0,241.0,0.897,4.458,5455.0
6227560,K03650.01,FALSE POSITIVE,0,1,0,0,2.401751509,133.711919,2.0835,25044.0,83.1,0.557,4.688,4577.0
8256044,K03652.01,FALSE POSITIVE,0,1,0,0,16.371883638,140.020073,3.44467,65927.0,639.8,1.415,4.114,5642.0
8780968,K03653.01,FALSE POSITIVE,0,1,0,0,2.617284592,132.390683,9.5545,231450.0,1215.2,2.649,3.641,5510.0
6960446,K03654.01,FALSE POSITIVE,0,1,0,0,10.14873521,136.02501,5.603,116125.0,250.9,1.296,4.239,6366.0
8264097,K03655.01,FALSE POSITIVE,0,1,0,0,2.897436854,132.038502,3.2833,289807.0,274.2,1.0,4.438,5780.0
7515679,K03728.01,CONFIRMED,0,0,0,0,5.546083089,133.50348,2.717,2211.0,56.4,4.037,3.538,7358.0
9674592,K03729.01,FALSE POSITIVE,1,0,1,0,6.87366398,136.13966,7.0845,9766.9,143.2,0.805,4.575,5662.0
10879213,K03730.01,FALSE POSITIVE,0,1,0,0,0.668483494,132.156558,2.4129,722770.0,334.3,1.0,4.438,5780.0
5650314,K03731.01,FALSE POSITIVE,0,0,1,0,1.070272827,131.835891,4.2844,9886.5,284.0,0.653,4.651,4628.0
6962901,K07799.01,FALSE POSITIVE,0,1,1,0,0.977170246,132.23783,3.4842,151.1,94.5,3.938,3.48,5596.0
8302302,K03732.01,FALSE POSITIVE,0,1,0,0,1.135930136,132.396556,4.5036,27247.4,551.7,0.954,4.489,6247.0
10581918,K03807.01,FALSE POSITIVE,1,0,0,0,1.801863222,132.48449,7.2492,262582.0,463.4,2.324,3.919,7479.0
9097892,K03809.01,FALSE POSITIVE,0,1,1,0,1.674690886,132.172107,2.0179,527.4,118.6,1.157,4.331,6397.0
5769943,K03810.01,CANDIDATE,0,0,0,0,1.013774136,131.95888,1.2774,33878.0,166.8,0.389,4.871,3644.0
4579313,K03884.01,FALSE POSITIVE,0,1,1,1,2.112405306,132.97515,2.5845,489.0,42.2,0.756,4.601,5562.0
11614528,K03885.01,FALSE POSITIVE,0,0,1,0,1.870990236,132.68949,1.8432,642.6,37.4,1.086,4.419,6384.0
8848288,K03886.01,FALSE POSITIVE,0,1,0,0,5.56648691,133.03305,10.931,694.9,103.6,12.701,2.564,4694.0
5308419,K03887.01,FALSE POSITIVE,0,1,1,1,1.241483276,132.10028,2.195,141.0,32.0,1.053,4.394,6140.0
6312521,K03656.01,FALSE POSITIVE,0,1,0,0,3.01551943,132.943637,3.1713,159584.0,367.3,2.761,3.672,5299.0
4579321,K03657.01,FALSE POSITIVE,0,1,0,0,2.112395777,134.034448,2.7714,262602.0,243.2,1.0,4.438,5780.0
5202905,K01932.02,CONFIRMED,0,0,0,0,14.8444836,143.576,6.091,177.9,10.5,1.846,4.057,6642.0
1575690,K03658.01,FALSE POSITIVE,0,1,0,0,2.252417903,132.436339,1.9767,32296.0,129.5,0.544,4.699,3979.0
4386047,K03659.01,FALSE POSITIVE,0,1,0,0,2.900613144,133.422871,3.7357,165475.0,617.7,0.931,4.472,5977.0
10275880,K03734.01,FALSE POSITIVE,0,1,1,1,9.72675447,139.47635,19.6214,6641.6,366.4,2.433,3.84,6327.0
2166200,K03735.01,FALSE POSITIVE,0,1,0,0,8.096939227,132.646466,2.8833,142891.0,177.9,1.418,4.208,6572.0
3547315,K03736.01,FALSE POSITIVE,0,1,0,0,0.64234865,131.911078,2.1184,39597.0,231.7,0.791,4.553,5441.0
6148271,K03812.01,FALSE POSITIVE,0,0,1,0,1.78526527,133.1265,6.2233,1733.1,123.1,1.228,4.342,6505.0
5386904,K03813.01,FALSE POSITIVE,0,0,1,0,4.8591441,132.6666,3.8588,2183.6,81.6,1.207,4.361,6586.0
2997178,K03814.01,FALSE POSITIVE,0,0,1,0,5.95077813,135.06469,5.6,761.8,71.9,9.828,2.886,5122.0
6507433,K03815.01,CANDIDATE,0,0,0,0,4.7425521,133.13755,1.11,3583.0,10.9,1.053,4.454,6161.0
8260198,K03888.01,FALSE POSITIVE,0,1,1,0,0.955297055,132.179352,1.7405,846.1,67.3,0.734,4.548,5319.0
11760860,K03892.01,CONFIRMED,0,0,0,0,2.41660149,131.53713,1.9699,83.6,33.7,1.026,4.444,5705.0
7910148,K03661.01,FALSE POSITIVE,0,1,1,0,4.252082243,134.299947,2.7543,8290.5,254.8,0.794,4.492,5802.0
12459731,K03662.01,FALSE POSITIVE,0,1,0,0,14.180228311,143.127623,4.5344,172737.0,472.3,1.142,4.33,6289.0
4678875,K03664.01,FALSE POSITIVE,0,1,0,0,1.87887673,133.0741983,6.60887,824392.0,3176.9,1.235,4.281,6569.0
7812175,K03665.01,FALSE POSITIVE,0,1,0,0,17.79391159,134.035628,4.3194,93395.0,247.0,1.0,4.438,5780.0
7708193,K03666.01,FALSE POSITIVE,0,1,1,0,7.942583252,134.817062,7.0612,88327.0,855.4,2.178,3.765,5516.0
5478083,K03738.01,FALSE POSITIVE,0,0,1,0,15.85231085,142.52451,4.8707,437862.0,252.4,1.0,4.438,5780.0
10857342,K03739.01,FALSE POSITIVE,0,1,0,0,2.415925551,133.610004,9.7769,560970.0,1598.3,3.278,3.711,8796.0
5215700,K03740.01,FALSE POSITIVE,0,1,0,0,0.656201038,132.0994299,4.17901,174860.0,2065.8,0.999,4.472,6025.0
8780959,K03741.01,FALSE POSITIVE,0,1,1,1,2.617280959,132.391963,9.661,3089.9,262.4,1.345,4.207,6432.0
5565486,K03742.01,FALSE POSITIVE,0,1,0,0,1.412524016,131.704429,5.74859,175776.0,1475.4,1.174,4.375,6690.0
8453214,K01776.01,FALSE POSITIVE,0,1,1,1,5.77676732,131.5416,6.822,5794.8,74.1,0.645,4.621,4401.0
8556077,K02027.01,FALSE POSITIVE,0,0,1,0,3.635723653,134.6084,2.1862,80.0,43.1,1.295,4.249,6422.0
8652999,K01953.01,FALSE POSITIVE,0,0,1,0,15.160166,136.55982,5.856,307.9,26.1,1.191,4.3,5940.0
12164770,K02088.01,FALSE POSITIVE,0,0,1,1,2.63009438,132.22517,11.226,388.9,69.4,1.091,4.418,6338.0
9541322,K02089.01,FALSE POSITIVE,0,0,1,0,9.40527028,134.55181,2.076,470.9,20.7,0.996,4.464,6347.0
10362031,K02118.01,FALSE POSITIVE,0,0,1,0,3.2136904,132.98252,2.205,55.8,19.2,1.579,4.151,6184.0
6373680,K02127.01,FALSE POSITIVE,0,0,1,0,2.87066026,133.66393,1.541,450.8,13.2,0.796,4.578,5910.0
9957351,K03964.01,FALSE POSITIVE,1,0,0,0,0.991105114,131.893383,2.2137,286389.0,273.8,0.578,4.673,4769.0
5385575,K03965.01,FALSE POSITIVE,1,0,1,1,12.425580393,141.5382062,57.2012,1131.0,58.8,0.743,4.58,4594.0
5385697,K03967.01,FALSE POSITIVE,1,0,1,1,12.4260454,141.5025,27.7691,582.1,55.7,0.817,4.569,5645.0
5385697,K03967.02,FALSE POSITIVE,1,0,1,1,12.4260002,133.9385,30.1966,468.6,47.8,0.817,4.569,5645.0
8823833,K03968.01,FALSE POSITIVE,0,1,0,1,1.50650136,132.98952,3.1126,66.9,41.9,0.948,4.381,5607.0
5008501,K01666.01,CANDIDATE,0,0,0,0,0.968026356,131.756162,0.7143,212.7,32.6,1.193,4.385,6469.0
5015913,K01667.01,FALSE POSITIVE,0,1,0,0,1.179969562,133.381942,1.9745,1109.3,277.9,3.899,3.491,5500.0
5103942,K01668.01,FALSE POSITIVE,0,1,0,0,10.10176739,131.80667,2.1267,601.7,28.8,0.867,4.54,6058.0
5184709,K01670.01,CANDIDATE,0,0,0,0,10.57910009,141.07251,1.4553,329.3,17.9,1.093,4.418,6323.0
5195172,K01671.01,CONFIRMED,0,0,0,0,1.480283464,134.37254,2.486,60.5,21.3,1.259,4.25,5897.0
8678664,K01782.01,FALSE POSITIVE,0,1,0,0,15.420409367,133.516609,2.3707,14759.2,268.5,0.88,4.505,5468.0
8832512,K01821.01,CONFIRMED,0,0,0,0,9.97682072,131.76825,3.4873,966.8,31.3,0.928,4.416,5500.0
9042357,K01993.01,FALSE POSITIVE,0,1,1,0,16.00351679,146.38812,4.001,668.3,29.9,0.695,4.594,5283.0
9115681,K01865.01,FALSE POSITIVE,0,0,1,0,1.86390886,132.19741,4.414,176.1,18.3,3.381,3.594,6689.0
10481045,K02320.01,FALSE POSITIVE,0,0,1,1,2.03743942,131.55893,3.103,112.5,16.0,0.774,4.577,5751.0
8582291,K02330.01,FALSE POSITIVE,0,0,1,0,2.4681015,132.07692,2.83,172.8,22.1,0.872,4.466,5516.0
8179325,K02359.01,FALSE POSITIVE,0,0,1,0,3.17275711,133.98944,5.404,313.2,30.1,0.739,4.61,5058.0
5211199,K02158.02,CANDIDATE,0,0,0,0,6.68231249,132.18853,3.251,48.7,12.3,2.506,3.764,5343.0
5475494,K03969.01,FALSE POSITIVE,0,1,1,0,0.73619448,132.08341,1.1148,247.3,27.2,1.09,4.418,6355.0
9412445,K03970.01,FALSE POSITIVE,0,0,1,1,10.18670759,132.51843,7.498,261.2,35.5,0.555,4.694,3995.0
6057684,K03972.01,FALSE POSITIVE,0,1,1,0,0.54028956,131.85133,3.619,293.5,58.4,0.993,4.483,5997.0
5271608,K01673.01,FALSE POSITIVE,0,0,1,0,2.49047468,133.44225,2.2003,222.2,20.7,0.997,4.433,6067.0
5357470,K01674.01,FALSE POSITIVE,0,1,0,0,2.17257963,133.00429,1.5794,335.5,27.1,0.971,4.34,6038.0
5443775,K01676.01,FALSE POSITIVE,0,0,1,0,3.307669761,131.56743,1.672,243.1,66.7,2.382,3.829,5959.0
5527172,K01678.01,FALSE POSITIVE,0,1,0,0,3.183961388,132.865355,3.7875,39268.0,339.2,1.76,3.963,5716.0
5529643,K01679.01,FALSE POSITIVE,0,1,1,1,0.759766456,131.7904,5.323,480.5,73.0,1.026,4.455,6174.0
9366989,K01785.01,FALSE POSITIVE,0,1,1,1,1.219034472,132.100235,2.151,6923.8,99.2,1.192,4.333,5833.0
9468717,K01954.01,FALSE POSITIVE,0,1,0,0,7.37339245,134.0101,2.883,125.0,36.6,1.093,4.36,6484.0
9528420,K01742.01,FALSE POSITIVE,0,1,0,0,4.70847097,134.153065,6.0503,32622.1,607.2,1.061,4.391,6214.0
9529744,K01806.01,FALSE POSITIVE,1,0,1,1,2.404556949,131.67616,7.4918,408.7,147.1,1.775,4.013,6426.0
9574614,K01745.01,CANDIDATE,0,0,0,0,0.982090079,131.701452,1.44892,5396.7,304.1,0.742,4.573,5472.0
9674608,K01795.01,FALSE POSITIVE,0,1,0,0,2.972047661,133.24987,1.198,5945.0,20.0,0.711,4.58,4491.0
8495415,K02362.01,FALSE POSITIVE,0,0,1,0,2.237180102,133.68185,1.4734,493.8,23.3,0.793,4.538,5080.0
10341905,K02391.01,FALSE POSITIVE,0,0,1,1,0.93374232,131.52477,6.552,351.4,49.1,0.806,4.577,5553.0
9850957,K02446.01,FALSE POSITIVE,0,0,1,1,8.48031302,135.86745,5.988,107.0,20.2,2.43,3.778,6541.0
8189801,K02480.01,CANDIDATE,0,0,0,0,0.66682654,133.041202,0.7847,511.6,33.4,0.554,4.696,3993.0
11568224,K03973.01,FALSE POSITIVE,1,0,0,0,0.882131829,131.900716,6.8106,3620.9,70.6,0.911,4.482,6168.0
4544571,K03976.01,FALSE POSITIVE,0,1,1,1,2.189098506,132.080937,5.1498,2533.7,194.9,0.859,4.551,5681.0
3245661,K03977.01,FALSE POSITIVE,0,1,1,0,0.7088055,132.168239,3.6789,17575.0,195.6,0.908,4.5,5989.0
6312534,K01689.01,FALSE POSITIVE,0,1,1,1,1.507761203,132.942717,3.096,2773.7,153.1,0.818,4.53,5069.0
6470917,K01690.01,FALSE POSITIVE,0,0,1,0,1.506019633,133.02809,2.408,136.9,18.8,0.896,4.454,6065.0
7431709,K07838.01,FALSE POSITIVE,0,1,1,1,0.572513875,131.776,2.353,49.3,10.2,0.76,4.576,5171.0
6699368,K01694.01,FALSE POSITIVE,0,0,1,0,3.690317047,131.542094,1.3784,465.5,43.0,1.054,4.395,6120.0
9973855,K01966.01,FALSE POSITIVE,0,0,1,0,2.95600563,134.06322,2.6717,76.1,35.5,0.916,4.472,5668.0
10019399,K01796.01,FALSE POSITIVE,0,1,0,0,11.805707539,133.050811,2.0494,2052.1,124.9,1.891,3.888,6065.0
10028352,K01957.01,CANDIDATE,0,0,0,0,1.38680229,132.532038,1.7065,242.3,84.4,2.037,4.04,6823.0
10031707,K01827.01,FALSE POSITIVE,0,1,1,1,8.58966893,132.01936,6.962,429.6,47.5,80.307,0.829,3837.0
10092312,K01823.01,FALSE POSITIVE,0,1,0,0,4.468456599,138.741584,1.4195,906.7,39.1,0.942,4.513,5869.0
10407054,K02500.01,FALSE POSITIVE,0,0,1,1,0.933754669,132.44306,4.048,89.3,43.2,1.457,4.146,6443.0
6525185,K02568.01,FALSE POSITIVE,0,0,1,1,1.71030803,131.6107,2.718,216.0,21.0,0.9,4.528,5790.0
10090219,K03978.01,FALSE POSITIVE,0,1,1,1,2.28612573,133.53049,12.408,301.6,45.3,1.012,4.476,6063.0
9899217,K03979.01,FALSE POSITIVE,0,1,1,1,1.33254971,132.05415,4.69,158.3,35.3,1.004,4.41,6150.0
5895588,K03981.01,FALSE POSITIVE,0,0,1,0,0.849277809,132.17649,3.137,690.8,17.1,0.853,4.553,5743.0
6891366,K01696.01,FALSE POSITIVE,0,1,1,1,1.752564549,132.71889,3.503,116.6,38.0,1.18,4.333,6221.0
7448023,K07839.01,FALSE POSITIVE,0,0,1,1,0.566816802,131.77983,1.981,94.0,12.9,0.704,4.584,4665.0
6891637,K01697.01,FALSE POSITIVE,0,0,1,1,1.752553762,132.72735,3.877,414.7,32.5,0.529,4.713,4408.0
6975615,K01698.01,FALSE POSITIVE,0,0,1,0,2.065351521,133.15601,2.661,173.2,25.3,0.749,4.536,5266.0
7137725,K01699.01,FALSE POSITIVE,0,0,0,1,2.253551793,132.4798,3.66,119.6,42.1,1.426,4.217,6526.0
10153855,K01981.01,CONFIRMED,0,0,0,0,1.06378861,131.52465,1.072,251.5,21.5,1.002,4.4,5265.0
10294613,K01896.01,FALSE POSITIVE,0,1,1,1,1.854493861,132.49056,4.2367,1287.3,108.2,0.843,4.563,5431.0
7879648,K07852.01,FALSE POSITIVE,0,1,1,0,1.020713389,132.20309,0.873,102.3,11.3,0.87,4.52,5815.0
10491044,K01763.01,FALSE POSITIVE,0,0,1,1,2.1990638,133.06948,3.197,344.8,19.3,0.707,4.572,5003.0
10616415,K01999.01,FALSE POSITIVE,0,1,0,0,1.120646438,131.59197,1.7664,322.5,45.7,4.034,3.449,4972.0
6525193,K02653.01,FALSE POSITIVE,0,0,1,1,1.710279417,131.61739,2.252,228.8,19.9,1.023,4.472,5834.0
7117710,K07817.01,FALSE POSITIVE,1,0,1,1,0.56679641,131.8085,2.324,26.7,14.1,0.888,4.54,5403.0
7762723,K02663.01,CONFIRMED,0,0,0,0,9.88736642,139.52781,4.23,68.0,14.6,0.816,4.57,5693.0
5980208,K02742.01,CONFIRMED,0,0,0,0,0.789160884,131.50545,0.9268,215.1,23.6,0.622,4.635,4258.0
5303557,K03982.01,FALSE POSITIVE,0,0,1,0,2.399081606,133.06425,4.384,6071.6,89.9,1.0,4.438,5780.0
10227863,K03983.01,FALSE POSITIVE,1,0,1,1,5.14072621,135.0222,27.24,145.6,44.5,1.035,4.389,5751.0
7281668,K07829.01,FALSE POSITIVE,0,0,1,1,0.566798545,131.8431,5.224,36.9,23.3,0.87,4.553,5629.0
8036287,K03984.01,CONFIRMED,0,0,0,0,1.44445234,132.80685,0.9753,200.7,20.9,1.449,4.088,5305.0
9602562,K03985.01,FALSE POSITIVE,0,0,1,1,3.55653637,133.5172,8.7,202.5,23.1,1.114,4.395,5950.0
10668665,K03986.01,FALSE POSITIVE,0,1,1,0,9.60853601,137.74499,3.672,584.4,19.3,1.158,4.398,6377.0
10407020,K03987.01,FALSE POSITIVE,0,0,1,1,0.933747751,131.52218,3.9236,76.6,49.5,2.187,3.936,6985.0
7380829,K01703.01,FALSE POSITIVE,1,0,1,0,3.17463577,132.24293,10.988,405.9,83.1,0.996,4.417,5999.0
8162790,K01712.01,FALSE POSITIVE,0,0,0,1,10.16104834,141.51593,3.0448,908.9,36.8,0.913,4.462,5636.0
9655129,K01714.01,FALSE POSITIVE,0,1,0,0,2.743978797,133.76412,6.442,39994.0,56.5,0.81,4.492,5334.0
9899483,K01719.01,FALSE POSITIVE,0,1,1,1,1.332561398,132.0511,4.103,150.6,77.1,1.602,4.107,6468.0
10917681,K01963.01,CANDIDATE,0,0,0,0,12.89623554,136.82697,2.625,426.6,32.9,0.923,4.51,6072.0
11285136,K01774.01,FALSE POSITIVE,0,1,0,0,2.368173896,133.81015,2.346,10143.0,52.9,0.991,4.393,5944.0
11298815,K02015.01,FALSE POSITIVE,0,0,1,0,5.73865933,136.91835,4.051,688.6,40.1,0.509,4.756,3841.0
7134626,K07818.01,CANDIDATE,0,0,0,0,2.52443998,133.77012,2.369,45.8,10.6,2.225,3.846,6461.0
9823519,K02793.01,CONFIRMED,0,0,0,0,4.49686066,134.20642,1.7306,1932.5,37.0,0.444,4.81,3698.0
11246161,K02796.01,CANDIDATE,0,0,0,0,0.5374094,131.49675,1.2039,94.2,21.9,0.988,4.457,5749.0
4952341,K02818.01,FALSE POSITIVE,0,1,1,0,1.79683793,134.83029,7.911,223.3,27.9,1.714,4.159,7592.0
5385491,K03988.01,FALSE POSITIVE,1,0,1,1,12.425484,133.99,28.0218,117.2,43.0,1.017,4.351,5478.0
11358389,K02163.02,CONFIRMED,0,0,0,0,17.7838298,146.91035,3.997,247.1,18.7,1.021,4.436,6014.0
5551504,K03989.01,FALSE POSITIVE,0,0,1,0,1.204529346,131.93613,1.62,86.9,11.1,1.504,4.046,5340.0
6421503,K03990.01,FALSE POSITIVE,0,0,1,1,2.15839583,131.89506,8.09,352.2,38.9,0.662,4.659,5272.0
10352333,K03991.01,CANDIDATE,0,0,0,0,1.570592397,131.530377,0.623,214.4,29.7,0.921,4.431,5519.0
10487119,K01635.01,FALSE POSITIVE,0,1,0,0,3.374684854,131.769948,4.48335,80917.0,658.3,0.943,4.514,5754.0
10621666,K01636.01,FALSE POSITIVE,0,1,1,1,2.61841046,136.66312,3.304,180.2,24.8,0.82,4.566,5912.0
10747439,K01638.01,FALSE POSITIVE,0,0,1,1,4.593594819,134.889552,2.6391,1455.2,83.5,0.969,4.486,6075.0
10813841,K01640.01,FALSE POSITIVE,0,0,1,0,6.17039154,354.54497,2.116,502.9,19.0,0.963,4.487,6137.0
12253474,K01947.01,CANDIDATE,0,0,0,0,6.422943288,135.55302,1.0815,261.4,30.6,1.016,4.447,6102.0
12691412,K01983.01,FALSE POSITIVE,0,0,1,0,6.90522317,137.02059,3.533,420.3,34.4,1.721,4.135,6596.0
5024482,K02041.01,FALSE POSITIVE,0,0,1,1,1.5259105,132.7061,3.114,83.9,14.3,2.099,3.884,6640.0
8175131,K02139.01,FALSE POSITIVE,0,0,1,0,4.27121961,132.10466,2.9283,966.7,38.0,0.67,4.602,4702.0
3764879,K02141.01,CANDIDATE,0,0,0,0,1.306984786,131.529128,1.194,302.1,38.4,1.026,4.457,6102.0
7177766,K07819.01,FALSE POSITIVE,1,0,0,1,0.769358923,131.57827,1.5364,44.8,19.8,2.935,3.655,5267.0
5513897,K02591.01,FALSE POSITIVE,0,1,1,1,0.755109106,132.56239,2.967,106.0,34.0,0.815,4.572,5452.0
9602613,K02612.01,CONFIRMED,0,0,0,0,4.61225043,133.86134,2.695,29.1,13.7,0.961,4.442,5495.0
5807769,K02614.01,CONFIRMED,0,0,0,0,7.99022379,132.268,3.273,165.9,17.6,1.542,4.065,5689.0
11495766,K02630.01,FALSE POSITIVE,0,0,0,0,4.1749166,134.1713,4.828,40.7,11.8,0.94,4.505,5910.0
3228988,K03992.01,FALSE POSITIVE,0,1,1,1,0.73094701,132.22433,4.223,227.7,31.2,0.837,4.559,5767.0
2970804,K03993.01,FALSE POSITIVE,0,1,0,0,0.686994057,131.661024,3.5252,2797.1,136.6,1.0,4.438,5780.0
7552701,K03994.01,FALSE POSITIVE,0,0,1,0,1.324247867,131.51043,1.4759,83.3,26.5,1.406,4.251,6557.0
7418173,K03995.01,FALSE POSITIVE,0,1,0,0,0.780632043,132.190835,1.4109,736.5,141.0,2.18,3.754,5354.0
3228804,K03996.01,FALSE POSITIVE,0,1,1,1,0.730947169,132.22192,4.396,248.0,49.1,0.826,4.569,5514.0
11391667,K01652.01,FALSE POSITIVE,0,1,0,0,1.083736642,134.1369208,1.57912,8930.8,954.2,5.618,3.227,5591.0
11392017,K01653.01,FALSE POSITIVE,0,0,1,0,2.45570369,133.03195,3.1,273.8,23.5,2.314,3.624,5148.0
3446451,K01735.01,FALSE POSITIVE,0,1,1,1,0.64234875,131.910695,1.3699,103.7,61.3,2.584,3.842,7089.0
6603756,K01729.01,FALSE POSITIVE,0,1,0,0,5.204286663,135.885314,6.2598,35221.0,153.0,0.86,4.471,5332.0
8460600,K01730.01,FALSE POSITIVE,0,1,0,0,6.352090869,134.2069907,3.88771,75141.7,1343.2,0.693,4.58,5089.0
12121470,K02142.01,FALSE POSITIVE,0,0,1,0,1.877350712,132.26591,1.7478,185.6,23.1,1.059,4.432,6382.0
3327993,K02157.01,FALSE POSITIVE,0,0,1,1,2.11552348,134.09961,6.712,359.2,28.9,0.951,4.509,5900.0
5467124,K02161.01,FALSE POSITIVE,0,1,1,1,2.84573962,134.27578,7.28,211.7,83.9,2.372,3.792,5557.0
7906739,K02165.01,FALSE POSITIVE,0,1,1,0,7.01476115,136.88345,3.945,122.1,27.5,0.87,4.501,5912.0
2860114,K02170.01,FALSE POSITIVE,0,0,1,0,0.941603153,132.976171,1.1886,462.1,46.2,0.837,4.481,5237.0
7199644,K07821.01,FALSE POSITIVE,0,1,0,1,1.13357304,131.8204,2.849,33.1,12.0,0.954,4.449,6147.0
11966253,K02772.01,FALSE POSITIVE,0,0,1,0,0.643468999,131.83868,1.1108,108.0,19.6,0.843,4.452,5670.0
5709889,K02783.01,FALSE POSITIVE,0,0,1,0,0.526887517,131.86561,0.8971,119.9,20.6,0.519,4.721,3945.0
3119256,K02784.01,FALSE POSITIVE,0,0,1,0,4.14244748,132.907,2.203,69.9,12.3,2.124,3.83,6785.0
9943435,K02788.01,FALSE POSITIVE,0,1,1,0,0.777663575,131.52537,1.1741,134.3,28.1,0.812,4.57,5769.0
2442359,K03997.01,FALSE POSITIVE,0,0,1,0,0.552834211,131.75468,1.2887,145.7,30.0,2.648,3.675,5132.0
7707742,K03998.01,FALSE POSITIVE,0,1,0,0,0.758354475,132.623984,4.56811,581782.0,1560.5,1.83,4.084,7131.0
5471675,K04000.01,FALSE POSITIVE,0,1,1,1,0.962828092,132.20697,4.411,63.0,22.7,3.44,3.594,6552.0
8845574,K01734.01,FALSE POSITIVE,0,1,1,0,1.878156188,136.2716,2.058,787.5,38.4,0.67,4.598,5075.0
2021440,K01987.01,FALSE POSITIVE,0,1,1,0,7.81153999,136.33101,5.984,912.8,41.3,0.71,4.628,5150.0
3122985,K01949.01,FALSE POSITIVE,0,1,0,0,0.993488979,131.607354,1.9694,24327.0,145.8,0.998,4.328,5811.0
3248019,K01759.01,FALSE POSITIVE,0,1,0,0,1.334104585,132.3674913,3.14624,61690.8,1334.6,1.083,4.373,6319.0
3328026,K01994.01,FALSE POSITIVE,0,0,1,1,2.115498574,134.11259,6.738,444.2,45.4,1.0,4.475,5917.0
2014991,K02178.01,FALSE POSITIVE,0,1,1,0,6.49676881,132.17439,2.527,135.0,10.6,3.049,3.658,6418.0
12885212,K02184.01,FALSE POSITIVE,0,0,1,0,2.057499811,133.31318,2.569,325.6,23.6,0.736,4.564,4620.0
10518424,K02188.01,FALSE POSITIVE,0,1,1,1,2.69633621,132.99538,5.238,238.6,26.5,0.923,4.496,6106.0
4245933,K02190.01,FALSE POSITIVE,0,0,1,1,11.2580745,140.794,23.516,713.3,55.4,0.586,4.691,4257.0
7199724,K07822.01,FALSE POSITIVE,1,0,0,1,0.566795586,131.83245,4.124,39.4,19.6,0.997,4.471,6108.0
12935144,K02847.01,FALSE POSITIVE,0,0,1,0,1.099291188,131.50242,1.765,282.6,19.8,0.843,4.5,4878.0
9851943,K04001.01,FALSE POSITIVE,0,1,1,1,1.081935491,131.52874,5.136,202.9,33.9,0.718,4.569,4938.0
5773121,K04002.01,CONFIRMED,0,0,0,0,0.524175803,131.60105,0.7648,236.8,22.4,0.815,4.576,5278.0
2708420,K04003.01,FALSE POSITIVE,0,0,1,1,1.89129881,132.6639,5.294,82.0,29.8,0.893,4.507,5806.0
4814502,K04004.01,CONFIRMED,0,0,0,0,4.94330596,135.57568,2.9334,126.2,27.7,1.008,4.415,5661.0
3654950,K01766.01,FALSE POSITIVE,0,1,0,0,4.067371428,134.316022,5.8962,63446.7,1094.6,0.75,4.532,5385.0
3836453,K01903.01,FALSE POSITIVE,0,1,1,1,1.540395781,131.99631,1.6305,173.4,46.6,0.735,4.592,4955.0
9964670,K02192.01,FALSE POSITIVE,0,0,1,0,1.541350116,132.32528,3.29,378.0,51.7,0.784,4.59,5150.0
6209798,K02196.01,FALSE POSITIVE,0,1,1,0,1.205412526,131.93619,1.537,109.2,17.2,1.122,4.32,6292.0
6525249,K02197.01,FALSE POSITIVE,0,0,1,1,1.710316235,131.60973,3.614,409.4,31.2,1.096,4.435,6147.0
11705004,K02199.01,CONFIRMED,0,0,0,0,9.03326435,137.17738,2.857,610.7,18.3,0.788,4.588,5311.0
11244682,K03933.01,CONFIRMED,0,0,0,0,3.490785878,133.10269,1.4513,336.8,32.7,0.725,4.618,5496.0
9655419,K03934.01,FALSE POSITIVE,0,1,0,0,1.92149487,133.2283,1.891,1006.0,11.6,2.247,3.959,6831.0
5895158,K03935.01,CONFIRMED,0,0,0,0,1.093665854,132.47213,1.4399,218.4,33.5,0.874,4.541,5845.0
5471690,K04006.01,FALSE POSITIVE,1,0,1,1,12.4247333,134.0338,16.828,40.5,19.3,2.193,3.86,6632.0
8376848,K04007.01,CANDIDATE,0,0,0,0,11.4927112,133.3086,7.764,291.5,18.7,1.005,4.464,6198.0
7618364,K07844.01,FALSE POSITIVE,1,0,1,0,1.302061421,132.56436,1.8238,1046.1,29.5,2.783,3.837,7757.0
4851464,K01757.01,FALSE POSITIVE,0,1,0,0,5.548250634,133.219686,6.06772,42873.4,1170.5,1.028,4.455,6124.0
4913000,K01775.01,FALSE POSITIVE,0,0,1,1,4.442520831,133.607376,2.4779,531.5,100.3,1.33,4.272,6496.0
4945877,K01936.01,FALSE POSITIVE,0,0,1,0,1.339670241,132.16786,1.895,28.6,21.7,2.245,3.988,8867.0
5110423,K01777.01,FALSE POSITIVE,0,0,1,0,2.685223546,133.731821,4.0632,5494.6,238.7,0.719,4.62,5552.0
2581191,K02203.01,FALSE POSITIVE,0,0,1,0,1.99042642,132.71317,3.083,133.8,25.3,1.005,4.464,6198.0
6199702,K02211.01,FALSE POSITIVE,0,0,0,1,0.805259637,132.100758,0.9779,341.8,50.2,1.022,4.454,6257.0
6780158,K02231.01,FALSE POSITIVE,0,0,1,0,2.464160779,131.92201,2.427,116.7,27.3,1.883,3.84,5238.0
7199756,K07823.01,FALSE POSITIVE,1,0,1,1,0.566781152,131.85715,3.995,133.4,24.9,0.46,4.787,3725.0
4947556,K03936.02,CONFIRMED,0,0,0,0,13.0267964,139.14777,0.785,356.6,11.4,0.844,4.512,5083.0
7362696,K03937.01,FALSE POSITIVE,0,1,0,0,4.93129874,134.82009,1.8626,676.1,31.7,0.779,4.508,5457.0
3865595,K03938.01,FALSE POSITIVE,0,1,1,0,5.59187448,132.87618,1.6782,236.4,31.9,58.325,1.173,3915.0
9593528,K03939.01,FALSE POSITIVE,0,1,0,0,1.88665445,132.3531,1.343,2098.0,15.8,1.249,4.247,6296.0
5195945,K03940.01,FALSE POSITIVE,0,0,1,0,14.53682228,132.36831,3.195,1032.3,40.8,5.855,2.819,4946.0
5288577,K04010.01,FALSE POSITIVE,0,0,1,1,1.72853003,131.80572,3.819,99.1,24.0,2.237,3.882,6701.0
11969988,K04011.01,FALSE POSITIVE,0,1,1,0,2.19068738,132.01727,4.41,66.3,44.1,1.975,3.973,6208.0
4832225,K04013.01,FALSE POSITIVE,1,0,0,1,0.947730124,132.39338,1.1171,152.5,18.0,2.184,4.116,9464.0
5302006,K01755.01,FALSE POSITIVE,0,0,1,0,6.14631207,132.74983,3.803,891.1,20.3,1.31,4.335,6726.0
5389540,K01836.01,FALSE POSITIVE,0,0,1,0,10.26231992,133.20719,3.568,813.9,17.3,0.54,4.709,4316.0
5444384,K01778.01,FALSE POSITIVE,0,1,1,1,1.519529227,132.55256,5.1675,8372.5,155.1,1.046,4.46,6033.0
5450814,K01780.01,FALSE POSITIVE,0,1,0,0,6.487525901,137.625165,2.4536,20209.0,74.3,0.485,4.763,4481.0
7116519,K07813.01,FALSE POSITIVE,0,0,1,1,0.56676437,131.8708,2.326,76.5,11.7,1.005,4.478,6039.0
9635510,K02234.01,FALSE POSITIVE,0,0,1,1,2.35197616,131.90696,5.304,268.0,31.7,1.003,4.463,6147.0
8076630,K02235.01,FALSE POSITIVE,0,0,1,0,0.861643331,131.80744,2.4318,232.5,41.7,0.688,4.596,5506.0
4077901,K02239.01,FALSE POSITIVE,0,1,1,0,12.1097626,140.74725,10.174,113.9,28.2,0.739,4.547,5437.0
10544677,K02244.01,FALSE POSITIVE,0,0,1,0,19.7352868,138.58362,5.097,319.4,17.1,1.045,4.44,6329.0
7199883,K07824.01,FALSE POSITIVE,1,0,1,1,0.566799125,131.81289,3.072,30.7,22.5,1.004,4.451,6063.0
8552587,K03941.01,FALSE POSITIVE,1,0,1,1,1.061935973,131.723748,3.3177,337.9,101.2,1.062,4.434,6274.0
6019872,K03942.01,FALSE POSITIVE,0,1,1,0,1.485898163,132.74414,2.446,224.6,32.8,0.727,4.559,5088.0
4864734,K03944.01,FALSE POSITIVE,0,1,1,0,1.845610523,131.80574,2.337,374.1,33.3,2.978,3.639,5974.0
4929299,K04018.01,FALSE POSITIVE,0,1,0,0,0.868723418,132.08264,1.4617,197.1,23.8,1.046,4.331,5761.0
5565497,K01789.01,FALSE POSITIVE,0,0,1,1,1.412526202,131.70353,5.49,150.3,70.6,1.91,4.114,8468.0
5730389,K01956.01,FALSE POSITIVE,0,0,1,1,2.759573341,131.71354,6.999,382.0,64.4,0.863,4.52,5640.0
5942093,K01995.01,FALSE POSITIVE,0,1,0,0,14.38724729,131.85133,1.9078,1914.1,43.5,0.859,4.479,5830.0
7117126,K07814.01,FALSE POSITIVE,0,0,1,1,0.566717263,131.9699708,2.6079,18.5,11.1,0.957,4.438,5544.0
4761060,K02249.01,FALSE POSITIVE,0,0,1,0,13.37935853,140.92523,8.809,353.5,36.2,2.702,3.712,6739.0
5479802,K02251.01,FALSE POSITIVE,0,0,1,0,13.26255423,136.29135,4.65,916.4,31.4,0.935,4.506,5973.0
4951249,K02258.01,FALSE POSITIVE,0,0,1,0,4.52342256,135.46854,2.531,219.0,15.9,1.058,4.437,6211.0
3121340,K03945.01,FALSE POSITIVE,0,1,1,0,0.723947772,132.06247,2.125,242.7,17.7,2.897,3.424,5160.0
5952366,K03947.01,FALSE POSITIVE,0,1,1,1,0.905679492,132.196318,2.1164,2299.0,59.3,1.0,4.438,5780.0
6045250,K03948.01,FALSE POSITIVE,1,0,1,1,0.909310626,131.725419,3.4411,12126.6,454.0,1.106,4.41,6370.0
5598595,K03949.01,FALSE POSITIVE,0,1,1,1,0.648774274,131.74545,2.643,231.0,26.1,0.729,4.557,5026.0
8435247,K01131.01,FALSE POSITIVE,0,1,0,0,0.696125302,354.767068,2.0054,14966.0,177.2,0.674,4.594,5245.0
6364327,K01744.01,FALSE POSITIVE,0,0,1,1,5.24372504,132.7225,17.136,234.4,51.6,0.867,4.452,5772.0
6762829,K01740.01,FALSE POSITIVE,0,1,0,0,18.795269797,138.6686066,9.9816,28241.1,3596.6,1.841,3.925,5623.0
7593110,K01748.01,FALSE POSITIVE,0,1,0,0,3.549386251,134.247174,2.4342,50664.0,108.2,0.892,4.495,5759.0
7117147,K07815.01,FALSE POSITIVE,1,0,1,1,0.566812588,131.79719,3.596,17.1,17.5,1.718,3.971,6194.0
6634133,K02262.01,FALSE POSITIVE,0,0,1,1,9.94221873,133.84961,2.453,486.5,12.6,0.917,4.434,5213.0
7021534,K02267.01,FALSE POSITIVE,0,0,1,0,9.06557317,135.15009,1.6208,243.4,24.9,0.916,4.51,6075.0
9277210,K02268.01,FALSE POSITIVE,0,0,0,0,4.9432827,132.8581,40.01,27.1,12.9,2.236,3.907,6701.0
9728465,K02270.01,FALSE POSITIVE,0,0,1,0,7.35390869,132.01829,2.061,92.9,11.1,2.327,3.868,6385.0
7124026,K02275.01,FALSE POSITIVE,0,0,1,0,15.7455586,145.54111,13.877,161.1,37.6,0.95,4.495,6089.0
9904006,K02135.03,CONFIRMED,0,0,0,0,8.48651582,138.01698,5.267,110.8,21.1,1.267,4.269,6178.0
4544572,K03950.01,FALSE POSITIVE,1,0,1,1,2.189092892,132.082757,5.1128,1871.5,150.7,0.966,4.487,6106.0
5738634,K03951.01,FALSE POSITIVE,0,0,1,1,2.40435335,133.22999,4.07,70.6,27.1,3.358,3.568,6103.0
10651816,K03953.01,FALSE POSITIVE,1,0,1,0,3.1877519,134.418,14.836,452.3,83.2,0.896,4.489,5532.0
6964043,K01351.01,FALSE POSITIVE,0,1,0,0,10.72396374,357.14874,3.8439,13518.0,127.7,0.905,4.445,5582.0
6233890,K01624.01,FALSE POSITIVE,0,0,1,1,2.99540439,132.78128,6.172,223.2,45.6,3.09,3.633,6106.0
7671950,K07846.01,CANDIDATE,0,0,0,0,10.5994606,134.8329,9.484,128.8,11.2,1.069,4.445,6194.0
8111919,K02030.01,FALSE POSITIVE,0,0,1,0,1.664980224,131.68433,1.7455,230.8,47.6,1.567,4.058,5792.0
8127586,K01752.01,FALSE POSITIVE,0,0,1,1,16.6094904,147.61311,3.189,272.9,12.7,1.05,4.395,6047.0
7117485,K07816.01,FALSE POSITIVE,0,0,1,1,0.566789505,131.8313,5.835,54.6,12.6,0.784,4.585,5894.0
2860793,K02277.01,FALSE POSITIVE,0,0,1,1,2.62982665,132.08013,6.213,126.4,24.6,1.846,4.053,6712.0
7257363,K02292.01,FALSE POSITIVE,0,0,1,1,5.23340265,133.1457,3.242,242.1,12.7,0.741,4.611,5266.0
11922722,K02301.01,FALSE POSITIVE,0,1,1,1,3.51289168,133.79619,3.313,131.0,27.3,0.981,4.395,5523.0
12061969,K02061.01,CONFIRMED,0,0,0,0,14.092583189,141.1447066,4.1536,530.4,17.8,0.77,4.596,5081.0
8030339,K03954.01,FALSE POSITIVE,0,1,1,0,0.65244373,132.05504,1.471,610.7,41.8,0.883,4.488,5638.0
9899414,K03955.01,FALSE POSITIVE,0,0,1,1,1.332564704,132.04974,5.9775,1049.5,124.0,0.972,4.486,6046.0
5471059,K03956.01,FALSE POSITIVE,0,1,0,0,2.636899795,132.07629,0.9105,426.2,27.6,0.847,4.54,5524.0
7458309,K03957.01,FALSE POSITIVE,1,0,1,1,0.660629055,131.86099,5.894,231.6,103.3,0.849,4.55,6024.0
7777372,K03958.01,FALSE POSITIVE,0,0,1,1,0.885123683,131.88646,3.3865,113.3,42.0,0.998,4.44,5979.0
6312314,K01625.01,FALSE POSITIVE,0,0,1,0,1.221204888,133.61014,1.8511,111.6,27.3,0.997,4.378,5874.0
6468337,K01620.01,FALSE POSITIVE,0,1,1,0,0.959853772,131.85197,1.9163,55.8,27.1,1.653,4.025,6061.0
9084778,K01631.01,CANDIDATE,0,0,0,0,0.592243731,131.654831,1.386,3992.4,303.8,0.591,4.664,4920.0
8127607,K01919.01,FALSE POSITIVE,0,1,1,0,16.60973843,147.6085,4.515,667.8,29.7,0.752,4.603,5238.0
8180020,K01741.01,FALSE POSITIVE,0,1,0,0,5.803127153,136.101253,4.9041,58570.0,639.3,0.795,4.577,5533.0
8444552,K01769.01,FALSE POSITIVE,0,1,0,0,0.589049151,132.1792702,2.25397,61953.4,1227.6,0.771,4.51,5592.0
6032517,K02070.01,FALSE POSITIVE,0,0,1,0,1.791406261,132.99503,2.8159,345.5,60.7,1.028,4.453,6092.0
4768846,K02077.01,FALSE POSITIVE,0,1,1,0,1.25483232,132.18633,2.67,117.6,11.4,2.572,3.75,6168.0
8260234,K02085.01,FALSE POSITIVE,0,0,1,1,5.71483873,132.13046,2.748,286.2,18.0,0.755,4.535,5193.0
9282769,K03959.01,FALSE POSITIVE,1,0,1,1,1.332567005,132.0492,6.3373,401.3,110.6,1.223,4.284,6388.0
7777416,K03960.01,FALSE POSITIVE,0,1,1,0,2.54557259,132.69874,5.636,529.0,36.0,0.863,4.549,5718.0
7597005,K03961.01,FALSE POSITIVE,0,1,1,0,0.704541784,132.18236,1.0726,275.2,38.4,1.012,4.476,6063.0
5479717,K03962.01,FALSE POSITIVE,0,1,1,0,0.697996932,132.136059,4.3323,9094.6,244.1,0.695,4.636,5176.0
3764714,K03963.01,FALSE POSITIVE,1,0,0,0,6.63449721,134.16545,22.982,919.1,160.1,2.817,3.696,6487.0
4474645,K01657.01,FALSE POSITIVE,0,1,1,1,3.88673217,136.94489,20.491,761.7,119.0,0.767,4.589,5798.0
4570949,K01658.01,CONFIRMED,0,1,0,0,1.544928892,133.5487914,1.43586,5817.3,1109.7,1.412,4.199,6309.0
4927315,K01663.01,FALSE POSITIVE,0,1,1,0,11.76921923,138.41222,3.219,519.3,27.4,1.052,4.44,6215.0
11518201,K03104.01,CANDIDATE,0,0,0,0,1.236866732,132.1776,1.242,187.2,14.2,0.879,4.514,5621.0
10934313,K03121.01,FALSE POSITIVE,1,0,1,0,1.926888595,131.63323,1.235,130.0,11.7,1.1,4.429,6268.0
6115516,K03134.01,FALSE POSITIVE,0,0,1,0,0.865759153,131.57771,0.8408,191.6,18.7,1.076,4.428,6249.0
9758032,K03137.01,CANDIDATE,0,0,0,0,1.332035996,131.58386,1.391,136.8,12.6,0.73,4.616,5376.0
11442793,K00351.05,CONFIRMED,0,0,0,0,8.71980135,139.52134,3.7454,160.4,22.7,1.2,4.317,5970.0
11442793,K00351.06,CONFIRMED,0,0,0,0,7.00821787,137.67164,3.812,116.4,19.2,1.2,4.317,5970.0
7812455,K02881.01,FALSE POSITIVE,0,1,1,0,0.903583394,131.877566,1.5942,1027.1,151.7,1.101,4.41,6455.0
9520443,K02893.01,FALSE POSITIVE,0,1,1,0,0.99014722,132.02928,0.9394,321.1,23.0,0.747,4.606,5072.0
7461307,K02909.01,FALSE POSITIVE,0,1,1,1,0.77359329,132.09232,1.7603,80.6,21.7,0.907,4.508,5747.0
6974658,K02925.01,CANDIDATE,0,0,0,0,0.716531851,131.7213,0.655,78.9,17.9,1.03,4.349,5552.0
10964265,K02934.01,FALSE POSITIVE,0,0,1,0,0.637487312,131.97829,1.9626,211.3,25.0,1.083,4.39,6173.0
8672910,K00918.02,FALSE POSITIVE,0,0,0,0,5.71489488,134.87432,2.0705,292.5,21.2,0.833,4.555,5552.0
9634821,K02037.02,CANDIDATE,0,0,0,0,5.47715718,352.84857,1.3849,568.4,16.7,0.93,4.429,5029.0
9602613,K02612.02,CANDIDATE,0,0,0,0,7.57299816,131.94317,2.645,30.2,10.9,0.961,4.442,5495.0
9532424,K02941.01,FALSE POSITIVE,0,0,1,1,4.30908594,134.70804,1.52,160.8,17.0,1.097,4.348,5754.0
6778019,K02953.01,FALSE POSITIVE,0,1,1,1,0.945825494,131.62223,1.8496,104.7,22.1,1.084,4.44,6116.0
4571536,K02954.01,FALSE POSITIVE,0,1,0,0,0.676715927,131.7606,0.63,264.5,14.5,0.733,4.56,5334.0
10904004,K02957.01,CANDIDATE,0,0,0,0,4.64490141,133.67436,2.456,106.4,11.7,0.77,4.54,4786.0
3336283,K02974.01,FALSE POSITIVE,1,0,1,0,0.576441813,131.68331,2.027,60.8,21.2,1.038,4.425,6459.0
11304987,K02993.01,FALSE POSITIVE,0,1,1,0,0.692693892,131.804922,1.2804,1433.7,146.7,0.964,4.49,5907.0
11709423,K03001.01,FALSE POSITIVE,0,1,1,0,0.768934934,131.740302,1.216,846.8,58.9,0.777,4.535,5390.0
8758136,K03006.01,FALSE POSITIVE,0,0,1,0,0.998212785,131.81898,2.489,118.8,18.8,0.988,4.47,6072.0
12405333,K03009.01,CONFIRMED,0,0,0,0,0.764863517,132.13343,1.16,150.2,13.6,0.86,4.476,5231.0
10617638,K03016.01,FALSE POSITIVE,0,0,1,0,0.710894157,132.05192,1.0183,122.6,18.9,1.049,4.424,5862.0
12833566,K03024.01,FALSE POSITIVE,0,0,0,0,0.537839241,131.58521,2.169,23.5,12.4,3.03,3.659,6456.0
6461850,K03054.01,FALSE POSITIVE,0,1,1,0,0.544962596,131.52348,1.085,247.9,18.3,0.639,4.675,5257.0
7613246,K03062.01,FALSE POSITIVE,0,0,1,0,0.769127296,131.56425,0.998,114.6,17.0,0.831,4.561,6024.0
2715695,K03077.01,CONFIRMED,0,0,0,0,4.09578199,131.61992,1.704,405.5,11.9,0.742,4.577,4791.0
12352520,K03094.01,CONFIRMED,0,0,0,0,4.5770016,132.09921,0.949,710.0,18.0,0.497,4.767,3805.0
7455981,K03096.01,CONFIRMED,0,0,0,0,14.4540329,135.4521,7.183,79.7,17.2,0.79,4.496,5559.0
7107561,K03100.01,FALSE POSITIVE,0,1,1,1,0.812587678,131.56261,1.1144,62.9,21.7,1.877,4.009,6143.0
8669092,K00068.01,FALSE POSITIVE,1,0,0,0,1.000840564,121.293771,1.3292,2714.4,73.2,3.177,3.558,6287.0
5474613,K01599.02,CONFIRMED,0,0,0,0,13.6164547,140.93263,5.175,376.1,22.6,0.972,4.472,5823.0
9823519,K02793.02,CONFIRMED,0,0,0,0,1.766789509,133.08336,1.3345,1009.8,26.7,0.444,4.81,3698.0
2715695,K03077.02,CANDIDATE,0,0,0,0,7.55842923,137.9981,2.91,361.1,10.3,0.742,4.577,4791.0
8558011,K00577.02,CONFIRMED,0,0,0,0,0.638162933,131.74826,1.2313,109.7,17.6,0.888,4.449,5244.0
5308777,K05152.01,FALSE POSITIVE,0,0,1,0,0.944598153,132.2327,4.018,200.9,35.3,9.214,2.839,4877.0
6364143,K05272.01,FALSE POSITIVE,1,0,1,1,5.2433865,132.786,12.472,65.4,19.2,0.902,4.522,6011.0
6364307,K05273.01,FALSE POSITIVE,0,0,1,1,5.2435703,132.7496,15.864,228.5,25.1,0.722,4.621,5558.0
4932689,K03453.01,FALSE POSITIVE,0,0,1,1,18.1118457,134.7252,6.309,328.7,10.8,1.138,4.394,6434.0
3973549,K05032.01,FALSE POSITIVE,0,1,1,0,1.389947459,132.266549,1.193,1213.8,136.4,0.95,4.461,5999.0
5390913,K05156.01,CANDIDATE,0,0,0,0,1.680254289,131.898828,12.585,51633.0,178.7,1.246,4.121,6423.0
6387887,K05280.01,FALSE POSITIVE,1,0,0,0,0.650701055,131.830637,0.89164,371061.0,234.3,3.701,3.811,10921.0
6509282,K05287.01,CANDIDATE,0,0,0,0,3.98916186,132.21377,1.913,318.0,16.3,16.187,2.524,4998.0
3439096,K03509.01,FALSE POSITIVE,0,0,1,1,2.97601892,132.96926,5.5,306.1,35.3,7.746,2.955,5140.0
3324644,K03781.01,FALSE POSITIVE,1,0,0,0,2.882424694,131.63584,25.91,67298.0,416.2,8.058,2.667,4705.0
4077252,K05038.01,FALSE POSITIVE,0,1,1,0,0.534109403,131.80501,0.9513,78.3,37.0,2.432,4.1,10747.0
4160006,K05045.01,FALSE POSITIVE,0,1,0,0,1.018360336,131.67768,7.622,393969.0,967.4,1.463,4.144,6160.0
5440651,K05168.01,FALSE POSITIVE,0,1,0,0,0.502807253,131.6152743,1.01493,4658.7,240.0,0.715,4.564,5109.0
5467126,K05171.01,FALSE POSITIVE,0,1,1,1,2.845736321,134.280263,11.5703,3127.0,297.8,10.154,2.745,4878.0
6525196,K05293.01,FALSE POSITIVE,0,1,0,0,1.710299164,131.6153344,3.92227,157266.0,2291.1,1.006,4.385,6082.0
1572948,K04924.01,FALSE POSITIVE,0,0,1,0,3.0031801,132.1161,2.814,374.7,13.9,1.768,4.071,6606.0
1725193,K04925.01,FALSE POSITIVE,0,1,0,0,2.96384168,134.119473,5.4768,35652.8,607.5,1.158,4.371,6095.0
1873513,K04928.01,CONFIRMED,0,0,0,0,3.290304098,131.90944,1.7215,13552.6,220.5,0.427,4.81,3386.0
4245861,K05050.01,FALSE POSITIVE,0,0,1,1,11.2582311,140.7718,16.89,300.4,22.2,0.722,4.556,5242.0
5470851,K05172.01,FALSE POSITIVE,1,0,1,1,12.4276185,141.3698,18.56,147.0,12.6,0.942,4.513,5869.0
5471108,K05173.01,FALSE POSITIVE,1,0,0,1,12.427076,141.4085,17.447,47.5,25.3,1.193,4.278,5841.0
5551240,K05178.01,CONFIRMED,0,0,0,0,4.13960513,134.04705,3.31,106.7,11.6,1.181,4.373,6535.0
6543674,K05298.01,FALSE POSITIVE,0,1,0,1,1.195515364,132.3039982,6.08509,396401.0,4630.1,2.264,3.789,6047.0
2010607,K04929.01,FALSE POSITIVE,1,0,0,0,18.622214,141.6268,4.42,5832.0,20.1,2.471,3.801,6235.0
2165352,K04934.01,FALSE POSITIVE,1,0,1,0,0.7906069,132.077067,3.3996,689.2,133.3,0.72,4.62,4994.0
2305543,K04936.01,FALSE POSITIVE,0,1,0,0,0.681137796,131.57697,2.7287,105189.0,432.5,0.864,4.474,5872.0
4276114,K05054.01,FALSE POSITIVE,0,1,0,0,3.722404453,133.56824,2.5214,55368.0,148.9,0.799,4.542,5747.0
4365461,K05058.01,FALSE POSITIVE,0,1,0,0,1.714414962,131.8661453,5.17207,110132.0,6485.8,1.613,4.126,6351.0
4455763,K05061.01,FALSE POSITIVE,0,1,0,0,0.766298172,131.687569,1.78462,19400.9,368.9,0.996,4.431,6267.0
5563057,K05179.01,FALSE POSITIVE,0,1,0,0,1.049468616,132.26871,4.848,22.0,22.8,1.667,4.162,7479.0
5565261,K05180.01,FALSE POSITIVE,0,1,1,0,2.362348096,131.705479,3.5979,724.7,103.6,3.293,3.502,5088.0
6612411,K05305.01,FALSE POSITIVE,1,0,0,0,8.46184728,134.13323,35.525,411.2,142.4,1.913,4.087,7663.0
6615600,K05307.01,FALSE POSITIVE,0,0,1,0,2.19509634,132.74891,1.796,227.7,14.3,0.878,4.539,5799.0
6634112,K05308.01,CANDIDATE,0,0,0,0,9.942228056,133.8474942,2.45451,31067.9,1073.3,0.843,4.475,5268.0
2309910,K04937.01,FALSE POSITIVE,1,0,1,0,1.8437362,132.23042,21.04,341.1,83.4,1.114,4.358,6032.0
2452289,K04942.01,FALSE POSITIVE,0,0,1,0,6.0353643,133.1818,9.211,47.2,23.4,2.552,3.876,7377.0
2569488,K04944.01,FALSE POSITIVE,0,0,1,1,1.52327807,132.3306,3.813,924.2,78.5,7.912,2.633,4477.0
5650420,K05187.01,FALSE POSITIVE,0,1,1,0,1.049406508,131.80328,3.0072,447.5,61.3,13.417,2.425,4745.0
5653152,K05189.01,FALSE POSITIVE,0,1,1,0,3.58957045,132.99426,3.418,1221.2,53.6,0.746,4.559,4608.0
5653163,K05190.01,FALSE POSITIVE,0,1,0,1,2.40435325,133.2257,6.825,349.6,23.3,1.0,4.438,5780.0
6891512,K05335.01,FALSE POSITIVE,0,1,0,0,1.752562808,132.7222455,6.1245,368004.0,5494.6,1.795,3.971,5853.0
2570432,K04946.01,FALSE POSITIVE,0,0,1,0,1.89140138,132.6124,9.52,557.6,12.4,0.952,4.466,5504.0
2574543,K04947.01,FALSE POSITIVE,0,1,1,1,6.70258007,134.37408,4.632,859.0,23.0,13.652,2.475,4799.0
2707916,K04950.01,FALSE POSITIVE,0,0,0,1,1.89124738,132.6891,4.697,410.0,17.4,0.589,4.66,4615.0
2708270,K04951.01,FALSE POSITIVE,0,1,1,1,1.89125883,132.687,4.656,274.5,15.3,14.894,2.031,4449.0
4570555,K05072.01,FALSE POSITIVE,0,0,1,0,4.750256809,134.63889,1.9278,395.1,42.7,5.753,3.192,5161.0
4678873,K05075.01,FALSE POSITIVE,0,1,0,1,1.878877205,133.074035,5.8768,104026.0,525.4,1.999,4.036,7542.0
4732015,K05076.01,FALSE POSITIVE,1,0,0,0,0.938857507,132.206796,3.98767,12960.3,962.6,27.676,1.656,4217.0
6707260,K05318.01,FALSE POSITIVE,1,0,0,0,13.4256161,144.7838,11.781,142.3,12.5,1.332,4.283,6686.0
2711123,K04953.01,FALSE POSITIVE,0,1,1,1,2.858879267,134.17606,2.3753,644.5,37.1,16.274,2.501,4893.0
5817712,K05204.01,FALSE POSITIVE,1,0,0,1,4.20601251,132.2794,6.82,106.7,10.7,0.79,4.518,5514.0
5858519,K05206.01,FALSE POSITIVE,0,1,0,0,4.18236124,134.053289,6.70175,193983.0,2666.0,1.166,4.314,6188.0
5905728,K05209.01,FALSE POSITIVE,0,0,1,0,7.87173698,132.35405,2.619,34.7,10.8,0.94,4.404,5428.0
6762188,K05323.01,FALSE POSITIVE,0,1,0,0,7.155547398,133.998101,4.5711,2568.8,124.6,8.052,2.947,4992.0
6776555,K05327.01,CANDIDATE,0,0,0,0,5.43361347,136.711,1.0338,1421.0,17.9,0.566,4.686,3694.0
3222680,K04966.01,FALSE POSITIVE,0,1,1,0,2.31164074,132.12133,2.317,488.7,24.6,18.427,2.439,4883.0
4815612,K05090.01,FALSE POSITIVE,0,1,0,0,1.928420823,131.58805,3.8253,191238.0,438.3,1.326,4.257,6615.0
6948815,K05339.01,FALSE POSITIVE,0,1,0,0,1.541530919,131.98454,4.8691,213262.0,601.5,1.937,4.059,7631.0
7009548,K05341.01,CANDIDATE,0,0,0,0,15.18575582,144.63985,0.633,256.7,11.8,1.339,4.207,6311.0
3240049,K04968.01,FALSE POSITIVE,0,1,0,0,2.945414866,133.95496,2.702,968.7,47.5,12.927,2.178,4403.0
3341760,K04973.01,FALSE POSITIVE,0,1,1,0,0.523493764,131.6968,0.9015,54.0,23.5,2.455,3.791,6122.0
4914399,K05100.01,FALSE POSITIVE,0,0,0,1,1.23708565,132.7235,5.743,803.8,55.3,1.324,4.243,6556.0
5980354,K05218.01,FALSE POSITIVE,1,0,0,0,1.573020098,132.28063,15.574,292.2,195.5,1.449,4.232,6770.0
5986270,K05220.01,FALSE POSITIVE,0,1,0,0,1.534679933,132.331163,1.7237,456.6,64.6,8.834,2.863,4965.0
3439031,K04980.01,FALSE POSITIVE,0,1,0,0,2.976012511,132.9704424,6.52033,449091.0,3630.4,1.08,4.408,6572.0
3449540,K04982.01,FALSE POSITIVE,0,1,0,0,1.606003121,132.4945147,4.88602,402550.0,4679.3,5.059,2.909,5297.0
4945035,K05108.01,FALSE POSITIVE,0,1,1,0,1.174683069,131.835254,2.5167,356.4,87.5,1.143,4.332,5974.0
4996558,K05111.01,FALSE POSITIVE,0,1,1,0,3.017155419,133.68607,13.3898,1381.8,223.5,1.302,4.175,5893.0
5016163,K05115.01,FALSE POSITIVE,0,1,0,0,2.6228301,131.8572135,7.29719,409714.0,5312.7,0.988,4.472,6233.0
6058896,K05233.01,FALSE POSITIVE,1,0,1,1,0.56493398,131.787277,2.4385,2067.0,166.0,0.898,4.402,5808.0
3553900,K04992.01,CANDIDATE,0,0,0,0,12.5747207,142.34553,2.896,323.3,10.5,0.774,4.59,5654.0
6145939,K05243.01,FALSE POSITIVE,0,1,0,0,17.745456135,137.697754,4.0678,80258.0,272.2,2.216,3.826,6337.0
6184894,K05245.01,CONFIRMED,0,0,0,0,7.20281185,135.19499,2.8305,1832.6,49.4,0.717,4.56,5388.0
5113146,K05127.01,FALSE POSITIVE,0,1,0,0,18.78970984,143.82465,4.13997,40789.1,488.7,0.884,4.439,6477.0
6205384,K05250.01,FALSE POSITIVE,1,0,1,1,3.72273683,134.6473,8.552,37.8,14.7,0.819,4.567,5898.0
6205405,K05251.01,FALSE POSITIVE,1,0,1,1,3.7229369,134.6174,10.57,65.2,18.6,0.48,4.767,3724.0
6206470,K05252.01,FALSE POSITIVE,0,0,0,1,1.80455062,132.4262,2.166,39.7,12.5,1.019,4.41,6006.0
6277594,K05255.01,FALSE POSITIVE,0,1,0,0,3.66115536,133.7708,14.807,34.3,27.8,1.308,4.241,6356.0
6026438,K02045.03,CONFIRMED,0,0,0,0,16.9348104,137.2502,3.408,346.3,11.5,0.706,4.589,4650.0
3758499,K05007.01,CANDIDATE,0,0,0,0,14.5168151,137.5579,5.796,86.0,11.7,1.885,3.945,5934.0
3836450,K05010.01,FALSE POSITIVE,0,0,1,1,1.540399732,131.99296,1.63,57.6,14.8,0.784,4.518,5160.0
3836509,K05011.01,FALSE POSITIVE,0,0,1,1,1.540389045,131.99987,1.8325,485.7,48.6,15.155,2.562,4964.0
3836522,K05012.01,FALSE POSITIVE,0,0,1,1,1.540393027,131.998449,1.75,526.2,72.1,0.946,4.396,5466.0
3846515,K05013.01,FALSE POSITIVE,0,0,1,0,0.888045184,131.84685,2.1961,90.6,26.6,2.087,3.908,6316.0
6289897,K05260.01,FALSE POSITIVE,0,0,1,1,1.55935718,132.54264,2.892,49.7,17.9,1.9,3.921,6475.0
8753896,K02473.03,CONFIRMED,0,0,0,0,14.5123622,143.8154,4.163,355.8,11.8,0.87,4.469,5094.0
4150611,K03156.02,FALSE POSITIVE,1,0,0,0,1.434200327,132.0647,5.968,3097.3,39.1,1.501,4.038,6911.0
4150611,K03156.03,FALSE POSITIVE,0,1,0,0,8.653098686,136.657941,3.9071,60715.0,262.6,1.501,4.038,6911.0
4909707,K03175.01,FALSE POSITIVE,1,0,0,0,2.302365255,132.4231,23.88,62160.0,468.4,1.229,4.269,5948.0
3848919,K05015.01,FALSE POSITIVE,0,1,0,0,0.52363021,131.7669254,3.45121,367102.0,1948.2,0.745,4.535,5407.0
3848948,K05016.01,FALSE POSITIVE,0,0,1,0,0.523632451,131.76512,1.99,8.1,13.9,3.518,3.693,8277.0
5263802,K05145.01,FALSE POSITIVE,0,1,0,0,3.350209754,131.838052,4.43333,28325.4,671.1,1.501,4.181,6657.0
6364064,K05271.01,FALSE POSITIVE,0,0,1,1,5.24331899,132.7859,11.137,106.8,20.1,0.735,4.613,5430.0
4936990,K03290.01,FALSE POSITIVE,0,1,1,0,10.31453308,132.53723,3.6641,2004.1,71.6,0.837,4.455,6335.0
7130418,K03317.01,FALSE POSITIVE,0,0,1,0,15.52861675,145.70184,2.131,500.0,17.3,0.882,4.538,5750.0
10711551,K03359.01,FALSE POSITIVE,1,0,0,0,10.692230094,139.953907,5.46939,376651.0,2402.0,0.941,4.49,6022.0
11081512,K03364.01,FALSE POSITIVE,0,0,1,0,15.7397651,132.7942,3.297,287.7,11.2,0.723,4.569,4733.0
3953106,K05025.01,FALSE POSITIVE,0,1,0,0,6.58729511,133.3652,8.3582,127965.0,304.2,1.406,4.07,5619.0
10191056,K05774.01,FALSE POSITIVE,0,1,0,0,1.21374744,131.7423095,5.79293,185129.0,8755.2,1.619,4.137,6791.0
7599004,K05403.01,FALSE POSITIVE,0,1,0,0,2.41172358,133.8617,2.6311,3364.7,108.6,1.332,4.22,6363.0
7625138,K05406.01,CANDIDATE,0,0,0,0,5.71966537,131.78147,3.938,19.1,11.3,1.865,3.985,6356.0
10227881,K05780.01,FALSE POSITIVE,0,1,1,1,5.14108479,134.9699,25.93,611.2,57.0,0.941,4.505,5893.0
7700561,K05414.01,FALSE POSITIVE,0,1,1,1,1.507099289,132.09341,4.8361,1282.0,142.7,0.801,4.576,5762.0
8552607,K05542.01,FALSE POSITIVE,0,1,1,1,1.061934307,131.72622,3.211,264.8,70.9,0.868,4.544,5853.0
9390655,K05662.01,FALSE POSITIVE,0,0,1,1,9.5497037,137.5008,1.881,706.7,12.4,0.569,4.683,3705.0
9402670,K05667.01,FALSE POSITIVE,1,0,1,1,0.536551592,132.02205,4.89,153.2,26.2,1.027,4.455,6140.0
8560475,K05543.01,FALSE POSITIVE,0,1,0,0,7.41505161,133.31055,2.061,937.0,18.3,18.266,2.442,4989.0
8561192,K05544.01,FALSE POSITIVE,0,1,0,0,2.742590902,132.6997,10.4143,680398.0,682.9,1.705,4.129,7072.0
9418508,K05672.01,FALSE POSITIVE,0,1,0,0,11.0153889,140.6804,2.666,3446.0,31.8,1.678,3.899,5515.0
10480952,K05797.01,FALSE POSITIVE,0,1,0,0,2.037453129,131.5522356,5.43155,315914.0,6944.9,2.056,3.906,6456.0
10525077,K05800.01,CANDIDATE,0,0,0,0,11.006795,135.9925,5.112,146.4,10.9,1.047,4.424,6091.0
7800285,K05427.01,FALSE POSITIVE,0,1,1,0,0.533000886,131.735703,1.54684,4398.5,327.4,1.064,4.331,5934.0
9474485,K05683.01,FALSE POSITIVE,0,1,0,0,0.512581525,131.781117,2.54719,384482.0,1583.7,0.604,4.648,4612.0
9481235,K05685.01,CANDIDATE,0,0,0,0,14.0019064,136.311,4.257,376.1,11.6,6.502,2.783,4883.0
10551346,K05804.01,FALSE POSITIVE,1,0,0,0,1.42796645,132.604851,12.8653,6012.3,347.6,0.919,4.511,6099.0
7836096,K05435.01,CANDIDATE,0,0,0,0,15.9961296,138.93316,1.656,500.7,10.7,0.777,4.588,4949.0
8718273,K05564.01,FALSE POSITIVE,0,1,0,0,3.479508244,133.389072,3.9097,3000.4,195.7,12.623,2.437,4630.0
9489348,K05686.01,FALSE POSITIVE,1,0,0,1,3.34465934,134.7267,10.796,57.6,24.3,1.551,4.069,5966.0
9543302,K05691.01,FALSE POSITIVE,0,0,1,0,13.0366377,138.22895,3.184,154.6,15.4,1.677,4.009,6084.0
9575728,K05692.01,CANDIDATE,0,0,0,0,2.64181261,132.53192,2.127,70.0,12.7,0.683,4.601,4147.0
10813078,K05831.01,CANDIDATE,0,0,0,0,10.552241908,132.652083,2.7355,954.0,12.3,0.585,4.666,4031.0
10817600,K05832.01,FALSE POSITIVE,0,0,1,0,2.74703312,131.79105,2.655,152.2,23.1,3.134,3.753,8237.0
7885558,K05439.01,FALSE POSITIVE,0,0,1,1,0.864651455,131.69239,3.461,67.7,16.5,0.851,4.556,5587.0
7916058,K05445.01,FALSE POSITIVE,1,0,0,0,7.1091096,133.4379,10.67,156.7,13.0,0.82,4.568,5665.0
8747222,K05569.01,FALSE POSITIVE,0,1,1,0,1.667482003,133.17729,1.5931,545.5,50.2,6.72,2.756,4678.0
8766285,K05571.01,FALSE POSITIVE,1,0,0,1,5.29730786,135.55681,4.02,190.8,13.1,1.0,4.438,5780.0
9591728,K05695.01,FALSE POSITIVE,0,1,0,0,11.03571773,137.28413,5.62958,144955.0,959.6,1.23,4.213,6201.0
9602595,K05700.01,FALSE POSITIVE,0,1,0,0,3.55650976,133.5221921,12.7364,687454.0,3867.7,2.433,3.937,8105.0
10661679,K05818.01,FALSE POSITIVE,0,1,1,1,1.23138339,131.7865,3.943,72.7,21.0,0.958,4.505,5791.0
7938499,K05448.01,FALSE POSITIVE,1,0,1,1,7.2269859,136.1514,14.241,160.3,26.2,0.609,4.645,4347.0
7941635,K05449.01,FALSE POSITIVE,0,1,0,0,0.762724045,131.650802,1.98818,9782.2,451.7,0.976,4.39,5313.0
8823893,K05575.01,FALSE POSITIVE,0,0,0,1,1.50650036,132.9895,2.762,45.4,15.0,1.126,4.336,6201.0
8904714,K05582.01,FALSE POSITIVE,0,0,1,0,5.2362026,133.7395,3.148,2019.5,28.2,1.631,4.112,6176.0
9724993,K05708.01,FALSE POSITIVE,0,1,0,0,7.863361238,131.685485,3.42771,18156.7,723.3,1.4,4.136,5615.0
10724569,K05823.01,FALSE POSITIVE,0,1,1,1,0.745086745,131.82655,4.29,270.0,61.4,0.75,4.607,5325.0
10777591,K05827.01,CONFIRMED,0,0,0,0,6.10968225,133.80253,5.735,60.3,18.6,1.009,4.309,6024.0
8016211,K05460.01,FALSE POSITIVE,0,1,0,1,3.1748772,133.7621,7.089,1741.0,98.6,1.619,3.994,5116.0
8935352,K05584.01,FALSE POSITIVE,0,1,0,0,10.90962154,135.36692,17.8024,499921.0,2345.1,2.064,3.714,5323.0
8939650,K05587.01,FALSE POSITIVE,0,1,0,0,1.827660875,132.821298,3.986,46676.8,890.3,1.072,4.427,6352.0
9780149,K05713.01,FALSE POSITIVE,0,1,0,0,2.53021,132.0918,21.79,367.9,24.2,1.296,4.178,5780.0
9786017,K05714.01,FALSE POSITIVE,0,1,0,0,2.249000963,132.651415,9.6022,58776.2,1159.5,2.293,3.8,6025.0
10920086,K05841.01,FALSE POSITIVE,1,0,0,0,3.21318517,132.044475,15.47,2046.1,662.9,1.513,4.159,6712.0
8029848,K05463.01,FALSE POSITIVE,0,1,1,0,1.20608769,132.0861,2.2272,1660.6,66.9,1.355,4.186,5657.0
8037038,K05466.01,CONFIRMED,0,0,0,0,4.09513876,131.67784,2.462,181.7,11.6,0.963,4.495,5858.0
8043968,K05469.01,FALSE POSITIVE,0,1,0,1,0.779615874,131.68006,3.932,81.5,22.0,0.863,4.548,5764.0
9011877,K05597.01,CANDIDATE,0,0,0,0,7.77710639,133.86539,3.418,77.4,10.6,0.851,4.481,5073.0
9838414,K05717.01,FALSE POSITIVE,0,0,1,1,1.33261458,132.0098,5.161,1335.3,17.5,0.76,4.551,4611.0
9850843,K05724.01,FALSE POSITIVE,0,0,1,1,8.48039,135.853,6.134,133.7,12.0,1.067,4.434,6193.0
8075618,K05471.01,FALSE POSITIVE,0,1,0,0,8.780603773,137.923785,3.16989,90027.8,1406.9,0.832,4.563,5487.0
9047416,K05605.01,CANDIDATE,0,0,0,0,9.011888,138.658,4.167,987.6,15.5,1.735,4.002,5627.0
9896438,K05728.01,FALSE POSITIVE,0,1,1,1,18.0766788,146.25271,3.06,28831.0,26.6,1.0,4.438,5780.0
9899514,K05729.01,FALSE POSITIVE,0,1,1,1,1.33255577,132.0672,4.282,126.5,15.4,0.881,4.469,5122.0
9899607,K05730.01,FALSE POSITIVE,0,1,1,1,1.33259275,132.01197,4.014,79.1,15.9,0.967,4.487,6091.0
7107567,K05353.01,FALSE POSITIVE,0,0,1,0,0.812592362,131.55642,1.5646,6945.8,226.6,1.64,4.153,7117.0
7115671,K05355.01,FALSE POSITIVE,1,0,1,1,0.566805859,131.80997,3.835,61.1,21.5,1.494,4.203,6413.0
8125917,K05479.01,CANDIDATE,0,0,0,0,18.347081,145.001,2.825,1126.6,11.6,1.702,3.968,5465.0
8155368,K05481.01,FALSE POSITIVE,0,1,0,0,0.718643659,131.889141,2.51246,124930.0,575.0,0.934,4.483,5853.0
8179747,K05483.01,FALSE POSITIVE,0,1,0,0,17.946328114,136.9472719,8.15905,102994.0,3497.6,1.722,3.906,5228.0
8197406,K05486.01,CANDIDATE,0,0,0,0,4.15472242,132.61089,1.791,2243.0,19.7,3.359,3.627,6996.0
9049697,K05607.01,FALSE POSITIVE,0,0,1,1,1.3274511,131.59052,3.465,123.6,16.6,0.61,4.646,4137.0
9911112,K05733.01,FALSE POSITIVE,0,1,0,0,1.166835206,131.912321,2.17596,15527.2,388.6,2.123,4.111,8982.0
9934274,K05735.01,FALSE POSITIVE,0,0,0,1,4.99471597,136.1833,3.44,53.0,14.1,2.83,3.706,6409.0
8242350,K05493.01,FALSE POSITIVE,0,1,0,0,6.993576155,131.988507,21.2695,2924.0,643.3,2.467,3.803,6565.0
9101279,K05614.01,FALSE POSITIVE,0,1,0,0,1.811461128,132.9324534,8.42343,921671.0,3934.3,3.034,3.776,8572.0
9108058,K05615.01,FALSE POSITIVE,0,1,0,0,2.17491508,131.93954,8.4418,635412.0,1572.0,1.636,4.143,6792.0
9954225,K05742.01,FALSE POSITIVE,0,1,1,0,1.340649911,132.05521,5.0912,627633.0,791.0,1.222,4.26,6332.0
9962595,K05745.01,CANDIDATE,0,0,0,0,11.374442708,142.4558524,2.30694,27904.9,643.6,0.808,4.546,5297.0
8255058,K05495.01,FALSE POSITIVE,0,1,1,0,6.279888981,135.296067,5.5086,1514.6,150.5,6.222,3.137,5057.0
10007492,K05754.01,FALSE POSITIVE,0,1,1,0,2.645596805,133.705953,2.9095,1272.7,166.8,5.443,3.167,4980.0
7258902,K05378.01,FALSE POSITIVE,0,1,0,1,1.80774253,132.9483,2.637,592.6,15.1,1.779,3.88,5164.0
7352727,K05382.01,FALSE POSITIVE,0,0,1,0,2.45649061,133.21452,2.844,287.8,21.0,8.531,2.486,4870.0
8380743,K05510.01,FALSE POSITIVE,0,1,0,0,1.018861199,132.07252,6.5005,291214.0,911.3,1.672,4.009,6225.0
9180282,K05636.01,FALSE POSITIVE,0,1,1,0,2.79123954,131.94858,2.843,154.8,25.3,1.668,4.111,6407.0
7377343,K05384.01,CANDIDATE,0,0,0,0,7.95445779,135.48462,4.6012,6269.4,228.4,1.196,4.306,6217.0
8396288,K05512.01,CANDIDATE,0,0,0,0,8.5852872,137.39662,2.834,1406.0,11.0,0.818,4.57,5488.0
8429817,K05515.01,CANDIDATE,0,0,0,0,6.263491873,134.897906,0.8513,2829.0,35.1,1.194,4.255,6247.0
8432034,K05516.01,FALSE POSITIVE,0,1,0,0,0.83620025,131.91663,3.7127,331275.0,145.4,1.0,4.438,5780.0
10146103,K05769.01,CANDIDATE,0,0,0,0,7.58062893,132.89809,3.484,86.1,10.9,1.041,4.417,5753.0
8495232,K05524.01,FALSE POSITIVE,0,0,1,0,9.63647672,134.93429,2.999,47.6,11.1,3.007,3.631,5125.0
11968514,K05947.01,FALSE POSITIVE,0,1,1,1,1.036592136,132.089545,2.296,2118.2,150.6,8.747,2.737,4884.0
12253490,K05961.01,CANDIDATE,0,0,0,0,19.159760875,141.5680129,3.10166,32491.1,900.3,0.516,4.727,4492.0
12257851,K05962.01,FALSE POSITIVE,1,0,1,1,2.61594288,132.415,6.45,72.1,13.4,1.012,4.476,6063.0
12265150,K05963.01,FALSE POSITIVE,0,1,1,0,1.686009643,133.060575,1.1818,390.4,48.5,0.88,4.539,5783.0
12645761,K05976.01,FALSE POSITIVE,0,1,0,0,2.709570339,134.084891,5.57527,13170.8,900.9,5.208,3.18,5030.0
12736658,K05980.01,FALSE POSITIVE,1,0,1,0,0.855294909,131.6579596,2.89112,6771.6,870.3,1.207,4.27,5846.0
11076176,K05862.01,FALSE POSITIVE,0,1,0,0,0.699985822,131.840533,3.02633,389433.0,626.9,0.724,4.617,5264.0
11080702,K05863.01,CANDIDATE,0,0,0,0,8.67237968,132.55073,2.826,99.1,12.3,0.882,4.498,5620.0
11176166,K05875.01,CONFIRMED,0,0,0,0,9.8788502,134.3829,2.951,454.7,13.4,1.148,4.361,6477.0
11341314,K05887.01,FALSE POSITIVE,0,0,0,1,9.8338474,132.5363,14.585,57.6,23.8,1.202,4.308,5929.0
11401845,K05894.01,FALSE POSITIVE,0,1,0,0,1.080695116,131.86822,7.449,312773.0,198.8,2.34,3.937,7796.0
11407847,K05895.01,CANDIDATE,0,0,0,0,11.8307724,140.1105,8.791,136.0,12.4,0.958,4.411,5550.0
8374077,K06179.01,CANDIDATE,0,0,0,0,16.2957847,133.6205,5.16,409.8,14.2,1.012,4.476,6063.0
6525209,K03479.02,FALSE POSITIVE,0,0,1,1,1.71029474,131.61307,2.946,158.9,14.5,0.729,4.586,5365.0
9947653,K04647.02,CANDIDATE,0,0,0,0,12.008552,141.7017,4.613,76.6,11.8,1.964,3.87,5303.0
2309587,K05982.01,FALSE POSITIVE,0,1,0,0,1.838514245,132.101259,3.2601,118965.0,470.0,1.055,4.326,5799.0
2445134,K05983.01,FALSE POSITIVE,0,1,0,0,8.412008943,139.6485198,5.41096,136113.0,5696.2,1.314,4.225,6247.0
3241344,K05984.01,FALSE POSITIVE,0,1,0,0,3.912679136,133.4288498,3.556,291510.0,1229.9,0.72,4.553,5616.0
3347485,K05985.01,FALSE POSITIVE,0,1,0,0,7.544804312,137.11963,8.2678,6501.7,587.2,1.609,3.984,5953.0
2161623,K06094.01,FALSE POSITIVE,0,1,0,0,2.283466438,132.34883,7.7999,864260.0,1103.1,1.719,4.089,6723.0
2707097,K06095.01,FALSE POSITIVE,0,1,0,0,0.692807507,131.88094,1.49242,25338.3,260.9,1.0,4.438,5780.0
2719873,K06096.01,FALSE POSITIVE,0,1,0,0,17.279290765,135.2741342,5.07591,164308.0,2841.5,0.658,4.623,5251.0
8158127,K01015.03,CANDIDATE,0,0,0,0,16.9972894,143.87301,2.585,225.0,11.1,1.86,3.98,5897.0
8590780,K06183.01,FALSE POSITIVE,0,1,0,0,4.326946311,132.1921929,5.55905,409031.0,4247.8,1.501,4.078,6231.0
8653134,K06186.01,CONFIRMED,0,0,0,0,5.34264143,134.38122,2.453,691.3,19.9,0.67,4.63,5101.0
8702921,K06187.01,FALSE POSITIVE,0,1,0,0,19.38444245,137.214882,20.5899,3372.0,685.3,5.026,3.291,4968.0
8822421,K06188.01,CANDIDATE,0,0,0,0,1.645319649,132.13077,1.635,1082.0,11.8,0.756,4.603,5416.0
8957954,K06189.01,FALSE POSITIVE,0,1,0,0,2.179924994,132.1293516,4.87581,253149.0,4541.1,0.966,4.487,6106.0
8984706,K06190.01,FALSE POSITIVE,0,1,0,0,10.135401047,132.3238999,5.6831,256062.0,4311.3,1.415,4.103,5895.0
8030339,K03954.02,CONFIRMED,0,0,0,0,5.71668787,136.32274,1.97,431.7,11.8,0.883,4.488,5638.0
5471059,K03956.02,FALSE POSITIVE,1,0,1,1,12.4249559,141.5823,16.332,110.4,17.6,0.847,4.54,5524.0
3530668,K05986.01,FALSE POSITIVE,0,1,0,0,1.946198513,132.314091,4.0336,130722.0,902.8,1.433,4.165,6224.0
3532985,K05987.01,CANDIDATE,0,0,0,0,5.288547653,135.807213,3.2646,2185.3,218.9,9.169,2.889,4918.0
3852258,K05989.01,FALSE POSITIVE,0,1,1,0,5.7584367,135.11279,2.587,736.6,26.8,25.287,2.194,4754.0
3869326,K05991.01,FALSE POSITIVE,0,1,0,0,8.58599537,136.21367,2.4078,818.0,36.9,13.941,2.605,4805.0
3971315,K05992.01,FALSE POSITIVE,0,1,1,0,9.892240848,136.693856,4.1774,5283.2,314.0,1.009,4.461,6225.0
2997455,K06098.01,FALSE POSITIVE,0,1,1,0,1.129848432,131.789871,2.07578,4658.5,490.6,7.102,2.984,4846.0
3003991,K06099.01,FALSE POSITIVE,0,1,0,0,7.244778994,131.8598491,3.3873,99147.1,1761.4,0.788,4.586,5530.0
3229028,K06100.01,FALSE POSITIVE,0,1,0,1,0.730964241,132.19448,2.483,44.0,28.7,1.463,4.152,5929.0
3230787,K06101.01,FALSE POSITIVE,0,1,0,0,17.734020239,143.9226707,7.27595,186680.0,2905.9,1.554,4.04,5883.0
9101400,K06192.01,FALSE POSITIVE,0,1,1,0,0.829019343,131.46667,4.8401,278264.0,631.1,1.328,4.271,6645.0
9119652,K06193.01,FALSE POSITIVE,0,1,0,0,1.1080999,131.7222,3.3542,380934.0,155.4,1.769,3.865,5299.0
9153823,K06195.01,CANDIDATE,0,0,0,0,1.444486083,132.31096,1.437,980.7,12.0,0.559,4.686,4569.0
7100673,K04032.03,CONFIRMED,0,0,0,0,5.99273265,131.75079,2.6502,69.8,19.2,1.065,4.354,5574.0
7100673,K04032.04,CONFIRMED,0,0,0,0,5.10110666,132.42955,2.657,65.1,19.5,1.065,4.354,5574.0
3747817,K04103.02,CANDIDATE,0,0,0,0,14.2378417,140.4771,4.86,193.0,10.5,0.801,4.566,5273.0
4037428,K05993.01,FALSE POSITIVE,0,1,0,0,4.264729569,135.198495,2.2075,22672.0,201.6,1.417,4.084,6052.0
4049124,K05994.01,FALSE POSITIVE,0,1,0,0,4.804469712,136.0047256,3.51946,132624.0,1177.8,0.809,4.558,5561.0
4275328,K05995.01,FALSE POSITIVE,0,1,1,0,6.150529292,132.522141,4.4562,2417.1,301.4,1.565,4.084,6691.0
4753561,K05996.01,FALSE POSITIVE,0,1,1,0,4.944927575,131.61124,3.4648,1028.7,62.5,0.701,4.59,4428.0
4912991,K05997.01,FALSE POSITIVE,0,1,0,0,4.442517008,133.608114,2.43922,25341.5,396.2,1.119,4.387,6316.0
5254230,K05999.01,FALSE POSITIVE,0,1,1,0,7.035518449,137.950087,3.5286,2139.0,91.5,0.71,4.566,5288.0
3761319,K06104.01,FALSE POSITIVE,1,0,0,0,16.2480865,143.96708,8.232,438.7,21.1,0.923,4.436,5729.0
4035675,K06107.01,FALSE POSITIVE,0,1,0,0,2.873657901,132.5847,2.1054,43895.0,65.6,2.287,3.829,5692.0
9282687,K06196.01,FALSE POSITIVE,0,1,0,0,1.680425996,132.33173,5.4548,277249.0,440.1,1.629,4.145,6844.0
9343862,K06201.01,FALSE POSITIVE,0,1,0,0,1.123258617,132.02671,4.27355,377575.0,779.2,2.17,4.023,7945.0
11081504,K04287.02,CANDIDATE,0,0,0,0,9.6183111,138.3435,4.215,25.0,11.9,1.665,4.065,6134.0
8110757,K07865.01,CANDIDATE,0,1,0,0,0.518060209,131.9425,1.8062,2258.4,140.6,1.772,3.853,5405.0
5511659,K04541.02,CANDIDATE,0,0,0,0,17.236085,148.4127,4.209,330.0,10.4,1.111,4.318,5543.0
5385139,K06000.01,FALSE POSITIVE,1,0,1,0,12.4297161,141.2846,15.078,192.7,13.3,0.905,4.534,5754.0
5385150,K06001.01,FALSE POSITIVE,1,0,1,1,12.4288476,141.2012,16.43,165.4,15.2,0.886,4.513,5595.0
5385269,K06002.01,FALSE POSITIVE,1,0,1,1,12.4258252,141.5229,21.841,130.2,30.0,1.048,4.426,5968.0
5385509,K06003.01,FALSE POSITIVE,1,0,1,1,12.4257907,141.5345,19.859,340.1,28.2,0.693,4.586,4873.0
5385566,K06004.01,FALSE POSITIVE,1,0,1,1,12.4253356,141.58,27.49,374.4,35.4,0.783,4.541,5442.0
5385773,K06005.01,FALSE POSITIVE,1,0,1,1,12.4254201,141.5458,18.56,144.5,24.9,0.691,4.643,5571.0
5386163,K06006.01,FALSE POSITIVE,1,0,1,1,12.424995,141.5904,20.282,51.5,21.4,2.657,3.707,6098.0
5470960,K06007.01,FALSE POSITIVE,1,0,1,1,12.4227918,141.7972,27.29,202.6,15.5,0.72,4.62,5279.0
10141900,K01082.04,CANDIDATE,0,0,0,0,9.6550473,137.07505,2.752,313.1,12.2,0.843,4.49,4999.0
4150701,K06110.01,FALSE POSITIVE,0,1,1,1,8.65315602,136.64735,2.627,417.5,13.6,0.696,4.605,4746.0
4285087,K06112.01,FALSE POSITIVE,0,1,0,0,2.243015737,133.450825,4.31675,277946.0,5552.2,1.444,4.084,6181.0
4346875,K06113.01,FALSE POSITIVE,0,1,0,0,4.694218481,133.780334,4.53365,175471.0,739.8,0.787,4.575,5512.0
9471755,K06204.01,FALSE POSITIVE,0,1,1,0,0.953734449,132.413233,1.7616,1240.4,120.5,1.46,4.265,7332.0
9479460,K06205.01,FALSE POSITIVE,0,1,0,0,2.073873563,132.59754,6.5605,603811.0,637.1,3.373,3.688,7803.0
9549472,K06206.01,FALSE POSITIVE,0,1,0,0,15.713787218,132.0981464,11.3122,60384.4,3602.0,1.006,4.399,5843.0
9576197,K06207.01,FALSE POSITIVE,0,1,0,0,7.964440392,136.194674,9.1701,68454.0,693.8,0.736,4.548,5250.0
8110758,K07866.01,FALSE POSITIVE,0,1,1,0,0.518071538,131.92715,1.7865,2195.5,152.1,1.209,4.273,5876.0
9579860,K06208.01,FALSE POSITIVE,0,0,1,0,2.151214629,131.74391,2.226,332.6,28.5,8.179,2.635,4748.0
5471068,K06008.01,FALSE POSITIVE,1,0,1,1,12.426469,141.4649,25.71,180.5,24.2,0.887,4.544,5691.0
5471192,K06009.01,FALSE POSITIVE,1,0,1,1,12.4262889,141.4617,18.764,94.2,20.5,1.092,4.433,6246.0
5471217,K06010.01,FALSE POSITIVE,1,0,1,1,12.424747,141.6151,25.24,139.0,30.7,0.826,4.569,5514.0
5471769,K06011.01,FALSE POSITIVE,1,0,1,1,12.4255705,141.5298,28.88,139.4,21.1,0.827,4.564,5742.0
5471770,K06012.01,FALSE POSITIVE,1,0,1,1,12.426173,141.5013,30.64,115.1,36.9,1.357,4.181,6367.0
5556804,K06013.01,FALSE POSITIVE,1,0,1,1,12.4244306,141.647,26.15,214.1,15.5,0.791,4.581,5761.0
5597970,K06014.01,FALSE POSITIVE,0,1,0,0,6.71738328,137.2100078,3.60057,164979.0,1208.2,0.936,4.416,5301.0
8107150,K07863.01,CANDIDATE,0,0,0,0,5.2449156,136.0365,8.367,35.5,11.7,0.878,4.486,5823.0
4547480,K06116.01,FALSE POSITIVE,0,1,0,0,4.426942241,133.564383,1.6116,2896.6,68.9,0.746,4.569,5511.0
4739229,K06118.02,CANDIDATE,0,0,0,0,4.66185924,133.58514,3.164,49.3,15.8,1.619,4.16,7081.0
8620565,K01250.02,CANDIDATE,0,0,0,0,1.213672208,131.94978,1.3644,2731.0,24.8,0.995,4.463,6113.0
4740676,K06119.01,FALSE POSITIVE,0,1,0,0,3.454241684,131.711253,4.69505,88194.9,6581.3,2.433,3.822,6562.0
9767392,K06211.01,FALSE POSITIVE,0,1,0,0,1.457256942,131.60891,6.51381,364905.0,2443.8,1.416,4.235,6630.0
9774400,K06212.01,FALSE POSITIVE,0,1,0,0,10.818248422,137.17026,18.2848,13695.9,581.0,0.894,4.446,5955.0
9839081,K06213.01,FALSE POSITIVE,1,0,0,0,2.559236603,132.263863,1.6706,11273.0,45.7,0.883,4.534,5955.0
8780959,K03741.03,CONFIRMED,0,0,0,0,5.1117547,133.76122,3.281,267.8,12.1,1.345,4.207,6432.0
8780959,K03741.04,CONFIRMED,0,0,0,0,9.6310258,132.7273,5.255,297.2,12.7,1.345,4.207,6432.0
5795648,K06016.01,FALSE POSITIVE,0,1,0,0,4.553370029,135.433898,3.2209,23692.1,570.6,1.109,4.346,6306.0
5961350,K06017.01,FALSE POSITIVE,0,1,0,0,5.262652179,135.6269856,2.85554,22650.6,2246.9,1.549,4.212,7049.0
5979863,K06018.01,FALSE POSITIVE,0,1,0,0,16.621853404,133.5526451,3.91517,55296.7,1872.6,0.907,4.451,5949.0
6117415,K06019.01,FALSE POSITIVE,0,1,0,0,19.741616041,136.446922,3.07231,88821.5,2153.0,1.529,4.183,6535.0
6128027,K06020.01,FALSE POSITIVE,0,1,0,0,5.455766383,136.907217,2.8923,104538.0,536.8,0.694,4.625,5067.0
4826439,K06121.01,FALSE POSITIVE,0,1,0,0,1.237147407,132.6581514,7.06623,435364.0,5557.4,1.449,4.16,6064.0
4990977,K06123.01,FALSE POSITIVE,0,1,0,0,2.649026189,133.379281,2.4698,52172.0,190.1,0.988,4.342,5838.0
5034333,K06124.01,FALSE POSITIVE,0,1,0,0,6.932281325,134.876198,11.0301,6405.9,325.8,2.168,4.08,8675.0
5039441,K06125.01,FALSE POSITIVE,0,1,0,0,2.151384476,133.1088143,3.34471,263861.0,2657.6,1.257,4.19,6184.0
8231299,K07874.01,FALSE POSITIVE,0,1,0,0,0.562273947,131.52433,3.1572,67.0,52.4,0.847,4.45,5632.0
5121173,K06126.01,FALSE POSITIVE,1,0,0,0,17.4352218,143.2261,51.666,603.3,121.8,2.641,3.706,6313.0
10200627,K06217.01,CANDIDATE,0,0,0,0,7.7016694,134.2294,10.898,155.7,17.8,3.608,3.228,5174.0
10341878,K06220.01,FALSE POSITIVE,0,0,0,1,0.933753371,131.50945,4.438,47.3,19.8,2.056,3.998,7286.0
10357831,K06221.01,FALSE POSITIVE,0,1,0,0,1.72153588,131.7292,1.9227,39929.0,29.3,0.668,4.607,4535.0
8332521,K04567.02,CANDIDATE,0,0,0,0,4.67250377,135.23678,4.441,79.6,13.8,0.987,4.454,6146.0
6150977,K06022.01,FALSE POSITIVE,0,1,1,0,2.765621941,133.680095,2.3191,8342.2,173.2,0.828,4.542,5423.0
6182019,K06023.01,FALSE POSITIVE,0,1,0,0,3.664964374,134.152879,3.9058,90827.0,437.8,0.987,4.403,5726.0
6191945,K06024.01,FALSE POSITIVE,0,1,0,0,6.8072842,135.5474,1.9477,14578.0,32.9,1.824,3.935,5182.0
6209347,K06025.01,FALSE POSITIVE,0,1,0,0,2.136577151,133.026579,2.4682,79078.0,124.3,0.905,4.442,5457.0
6268722,K06026.01,FALSE POSITIVE,0,1,0,0,2.638432816,133.003946,2.42989,48488.0,529.4,1.753,3.991,6502.0
6301030,K06027.01,FALSE POSITIVE,1,0,0,0,11.991000357,139.598337,6.4648,375940.0,802.9,1.13,4.271,5988.0
10480982,K00744.02,FALSE POSITIVE,0,0,1,1,2.03746414,131.54567,2.895,138.8,14.1,0.947,4.496,6117.0
5385548,K06128.01,FALSE POSITIVE,1,0,1,1,12.42555055,141.5457,28.492,409.0,123.7,1.423,4.155,6381.0
5385778,K06129.01,FALSE POSITIVE,1,0,1,1,12.42592247,141.54848,31.5,8707.6,190.8,6.952,3.06,4849.0
5428657,K06130.01,CANDIDATE,0,0,0,0,1.54287434,132.61697,1.1121,401.4,20.7,0.539,4.704,4530.0
5471617,K06131.01,FALSE POSITIVE,0,1,0,1,12.4237327,133.9642,18.15,30.1,20.1,2.067,3.72,5221.0
5629353,K06132.02,CONFIRMED,0,0,0,0,7.5844241,137.847,3.918,1005.0,23.8,1.651,4.133,6264.0
10385682,K06223.01,FALSE POSITIVE,0,1,0,0,3.103730697,132.8744585,6.93402,369228.0,5143.6,1.091,4.422,6075.0
10483644,K06225.01,FALSE POSITIVE,0,1,0,0,5.110771787,133.315344,2.48392,50681.0,394.0,0.894,4.523,6029.0
10601549,K06226.01,FALSE POSITIVE,1,0,0,0,1.463773705,132.807589,1.9123,64776.0,119.7,0.668,4.599,5446.0
10614158,K06227.01,FALSE POSITIVE,1,0,0,0,4.46255312,133.64977,14.0957,22720.0,140.9,3.619,3.277,4847.0
10662202,K00750.03,CANDIDATE,0,0,0,0,14.516741,138.83799,2.706,227.2,10.1,0.828,4.5,4954.0
6614926,K06029.01,FALSE POSITIVE,0,1,0,0,3.026764871,133.3279059,4.32532,66719.9,1561.2,1.01,4.459,6283.0
6628237,K06030.01,FALSE POSITIVE,0,1,0,0,3.840130917,135.139765,2.8951,60401.0,275.6,1.012,4.418,5931.0
6694186,K06031.01,FALSE POSITIVE,0,1,0,0,5.554227226,135.16203,4.77434,142313.0,1517.7,0.843,4.465,5433.0
6934587,K06032.01,FALSE POSITIVE,0,1,0,0,1.570919281,132.47362,3.2232,65124.0,316.9,1.162,4.326,6192.0
7257373,K06034.01,FALSE POSITIVE,0,1,0,0,5.233450136,133.1261573,8.57374,430422.0,3921.8,0.977,4.454,5841.0
7295570,K06035.01,FALSE POSITIVE,0,1,0,0,3.6037011,131.6711,2.994,16112.0,33.4,1.547,4.016,5633.0
7362852,K06036.01,FALSE POSITIVE,0,1,0,0,3.518356021,131.8005089,6.90375,316750.0,3217.6,0.989,4.472,6201.0
5629353,K06132.03,CANDIDATE,0,0,0,0,11.867172,142.985,4.815,595.6,13.4,1.651,4.133,6264.0
5738698,K06134.01,FALSE POSITIVE,0,1,0,0,2.404386969,133.2105484,7.40348,313168.0,8577.4,1.21,4.278,6466.0
5768927,K06135.01,FALSE POSITIVE,0,1,0,0,4.390513938,132.550761,2.9472,46829.0,290.7,1.454,4.133,6081.0
5816144,K06137.01,CANDIDATE,0,0,0,0,12.4970599,140.8987,3.877,180.0,10.6,1.021,4.445,6174.0
5816144,K06137.02,FALSE POSITIVE,0,0,1,0,7.384681,132.1721,3.548,142.8,10.6,1.021,4.445,6174.0
10728219,K06229.01,FALSE POSITIVE,0,1,0,0,3.371796653,134.876289,3.4421,366901.0,560.2,0.912,4.455,5615.0
10735988,K06230.01,FALSE POSITIVE,0,1,0,0,1.927177921,132.571474,2.7742,136135.0,204.7,0.774,4.525,5193.0
8112324,K07867.01,FALSE POSITIVE,0,1,0,0,0.575925434,131.92458,2.4676,137404.0,354.4,0.683,4.586,5461.0
10973583,K06232.01,FALSE POSITIVE,0,1,0,0,6.256352128,133.543181,2.3512,3289.3,120.4,0.836,4.549,5772.0
11099351,K06234.01,FALSE POSITIVE,0,1,0,0,2.37795507,132.557333,2.4329,4391.1,257.5,2.286,4.088,9565.0
11147460,K06235.01,FALSE POSITIVE,0,1,0,0,2.053866175,132.944062,4.8045,5021.3,380.5,4.089,3.22,5051.0
11607193,K00983.02,FALSE POSITIVE,0,1,1,0,5.177577252,132.9009561,2.4777,1325.4,23.6,1.796,4.143,7429.0
10743597,K00989.04,FALSE POSITIVE,0,0,1,0,4.08029328,131.7047,2.8343,1128.4,43.1,0.874,4.536,5619.0
11968463,K02433.06,CANDIDATE,0,0,0,0,6.06330298,136.17607,3.275,200.7,13.1,1.153,4.353,6308.0
9008737,K02768.03,FALSE POSITIVE,1,0,0,0,11.83271013,137.5928634,6.152,176.3,12.7,0.859,4.551,5639.0
7436177,K06038.01,FALSE POSITIVE,0,1,0,0,19.93364711,143.94041,8.6122,174830.0,1863.4,1.29,4.25,6505.0
7537945,K06039.01,FALSE POSITIVE,0,1,1,0,1.071911311,131.607529,3.8559,9817.8,397.6,0.933,4.413,5885.0
7624297,K06040.01,FALSE POSITIVE,0,1,0,0,18.019651402,148.6673673,5.08572,176998.0,3373.3,0.659,4.658,5278.0
7695093,K06041.01,FALSE POSITIVE,0,1,0,0,4.032762189,133.3016604,4.14212,119350.0,1520.0,0.962,4.438,5960.0
7749318,K06042.01,FALSE POSITIVE,0,1,0,0,2.371589507,132.743293,3.5116,235104.0,386.0,0.601,4.715,5340.0
7777397,K06043.01,FALSE POSITIVE,0,1,1,1,5.09112124,135.17945,2.159,115.1,11.4,3.293,3.629,6705.0
5817566,K06138.01,FALSE POSITIVE,0,1,0,0,4.206070484,132.248423,10.6988,119812.0,508.0,3.185,3.736,8212.0
5952403,K06139.01,FALSE POSITIVE,0,1,0,1,0.905677864,132.197687,2.2432,3670.4,107.4,7.553,3.002,5037.0
11252617,K06236.01,FALSE POSITIVE,0,1,0,0,4.478116695,132.8719936,3.357,117981.0,3665.4,1.058,4.435,6304.0
11252617,K06236.02,FALSE POSITIVE,0,0,1,0,1.27620899,131.6866,2.169,186.2,11.4,1.058,4.435,6304.0
7830321,K06044.01,FALSE POSITIVE,0,1,0,0,2.027383251,131.686117,1.5528,3856.2,126.1,0.875,4.435,5544.0
7841986,K06045.01,FALSE POSITIVE,1,0,1,0,10.73370737,141.11176,7.6706,6155.3,239.5,2.003,3.914,5971.0
7877820,K06046.01,FALSE POSITIVE,1,0,1,1,9.449438672,136.025779,5.5479,12867.3,231.4,1.431,4.167,6558.0
7914906,K06047.01,FALSE POSITIVE,0,1,0,0,8.752913958,138.724933,3.4546,41770.0,326.1,2.624,3.856,7279.0
8019043,K06048.01,FALSE POSITIVE,0,1,0,0,1.985586627,132.9336782,2.53163,72584.2,1594.1,3.219,3.6,6651.0
8023317,K06049.01,FALSE POSITIVE,0,1,0,0,16.579028045,146.733098,7.803,37979.8,813.6,2.3,3.808,5870.0
8121067,K06050.01,FALSE POSITIVE,0,1,1,0,2.064900876,132.874485,6.8769,10939.4,364.0,0.901,4.501,5714.0
6197038,K06144.01,FALSE POSITIVE,0,1,0,0,9.751720174,138.538319,16.1937,332900.0,1767.3,3.145,3.424,5147.0
6221385,K06145.01,CONFIRMED,0,0,0,0,19.672324,134.3013,4.812,649.9,20.6,1.485,4.136,6486.0
6362386,K06146.01,FALSE POSITIVE,0,1,0,0,4.592401261,133.139791,4.96038,87426.1,5784.8,1.724,4.138,7201.0
6449358,K06147.01,FALSE POSITIVE,0,1,0,0,5.776794344,133.6275034,6.33505,121544.0,8022.8,3.601,3.658,7666.0
6674908,K06149.01,FALSE POSITIVE,0,0,1,0,0.503199724,131.90627,1.117,275.6,10.1,0.63,4.639,4013.0
11566064,K00353.03,CANDIDATE,0,0,0,0,11.1619384,133.5538,5.195,124.4,13.4,1.64,4.072,6200.0
8042835,K07862.01,FALSE POSITIVE,1,0,0,0,2.38793696,133.22902,17.302,114.3,41.7,1.161,4.379,6769.0
11673686,K06243.01,FALSE POSITIVE,0,1,0,0,4.618767943,133.386655,6.03,32609.2,674.9,1.781,3.937,6195.0
8153568,K06051.01,FALSE POSITIVE,0,1,0,0,3.60727417,133.77548,14.0841,841897.0,710.9,1.785,4.068,7026.0
8167938,K06052.01,FALSE POSITIVE,1,0,0,0,2.565717939,133.22148,1.7084,1941.7,45.8,4.712,3.636,11360.0
8168581,K06054.01,FALSE POSITIVE,0,1,0,0,2.881338104,132.909319,3.5943,2533.7,111.3,0.88,4.539,5783.0
8230809,K06055.01,FALSE POSITIVE,0,1,0,0,4.078355243,132.160073,6.4649,36133.0,310.0,0.867,4.481,5872.0
8364115,K06056.01,FALSE POSITIVE,0,1,1,1,7.73590441,137.98785,4.4389,465.3,59.5,0.86,4.544,5927.0
8458207,K06057.01,FALSE POSITIVE,0,1,0,0,3.530164642,134.77535,4.11466,69923.0,731.2,1.344,4.226,6208.0
7108433,K06153.01,FALSE POSITIVE,0,1,0,0,1.51918335,131.913532,5.45573,499989.0,899.3,1.698,4.116,7426.0
7129465,K06155.01,FALSE POSITIVE,0,1,0,0,2.745910734,133.1719105,4.02594,286812.0,1550.9,0.96,4.396,5372.0
7174617,K06156.01,FALSE POSITIVE,0,1,0,0,1.608363345,131.58432,2.1988,96134.0,312.3,0.589,4.668,5022.0
11724210,K06244.01,FALSE POSITIVE,0,1,0,0,5.746017234,132.042549,3.6347,29236.3,393.9,0.96,4.429,5940.0
11856178,K06246.01,CANDIDATE,0,0,0,0,9.13315062,139.9861,2.1557,231.2,23.0,0.964,4.487,6122.0
11867071,K06247.01,FALSE POSITIVE,0,1,0,0,3.963787093,135.029951,3.10316,25015.2,584.8,1.18,4.373,6617.0
11975363,K06248.01,FALSE POSITIVE,0,1,0,0,1.759208679,132.6537254,4.60837,362327.0,1967.2,0.961,4.453,5721.0
8580438,K06058.01,FALSE POSITIVE,0,1,0,0,6.496031958,135.4687416,5.21924,108889.0,1797.6,0.988,4.364,5516.0
8581232,K06059.01,FALSE POSITIVE,0,1,1,0,4.012537983,134.652406,2.0101,19796.0,166.0,0.63,4.629,4483.0
8655458,K06060.01,FALSE POSITIVE,0,1,1,0,1.594162001,132.634679,5.4958,9876.3,415.0,0.885,4.449,5388.0
8695779,K06061.01,FALSE POSITIVE,0,1,0,0,10.238939876,132.722552,3.4851,3153.1,427.6,1.807,3.986,6244.0
8953059,K06062.01,FALSE POSITIVE,0,1,0,0,5.499941387,136.869403,5.1339,40110.4,506.4,1.157,4.385,6435.0
9048145,K06063.01,FALSE POSITIVE,0,1,0,0,8.667826242,137.3415297,5.06514,43491.0,4638.1,1.538,4.174,6712.0
7422883,K06159.01,FALSE POSITIVE,0,1,0,0,11.41437505,142.59649,6.276,45966.0,34.2,1.52,4.187,6826.0
7622059,K06161.01,FALSE POSITIVE,0,1,0,0,10.4032399,138.18443,23.85,1056.2,272.8,1.436,4.144,6428.0
12367464,K06250.01,FALSE POSITIVE,0,1,0,0,1.853209359,132.249661,1.7543,12319.1,238.9,1.716,4.026,6384.0
12470041,K06251.01,FALSE POSITIVE,0,1,0,0,14.66769462,139.161736,2.4462,29862.0,86.5,3.226,3.717,7517.0
8179286,K07869.01,FALSE POSITIVE,0,1,1,0,11.4132144,140.11988,2.371,76.4,10.4,1.155,4.33,6188.0
9221398,K06066.01,FALSE POSITIVE,0,1,0,0,13.787520532,136.762097,2.55435,12978.3,2126.1,1.289,4.312,6399.0
9411317,K06067.01,FALSE POSITIVE,0,1,0,0,8.2904597,132.24956,2.6002,173007.0,297.2,0.566,4.681,4601.0
9418619,K06068.01,CANDIDATE,0,0,0,0,6.150251376,134.4228253,1.68923,2128.7,471.0,2.867,3.896,8914.0
9532123,K06069.01,FALSE POSITIVE,1,0,0,0,8.214204254,135.01403,4.5905,74177.0,613.1,0.774,4.59,5654.0
9549471,K06070.01,FALSE POSITIVE,0,1,1,1,15.71377375,132.09973,7.464,9482.0,98.1,0.96,4.434,5812.0
9649222,K06071.01,FALSE POSITIVE,0,1,0,0,5.918619554,132.924716,3.94804,94124.0,1117.0,0.971,4.498,5957.0
9664215,K06072.01,FALSE POSITIVE,0,1,0,0,3.319523463,131.923046,3.3465,38832.0,249.4,0.791,4.581,5761.0
7750740,K06162.01,FALSE POSITIVE,0,1,0,0,5.874197307,134.3187261,4.26585,205698.0,2200.0,1.083,4.363,6103.0
7779942,K06163.01,FALSE POSITIVE,1,0,0,0,19.7959731,135.93667,5.342,334.0,16.6,1.876,4.043,6731.0
7838906,K06165.01,FALSE POSITIVE,0,1,1,0,5.614892073,132.842964,3.7294,2373.0,122.3,35.695,1.603,4289.0
7908367,K06166.01,CONFIRMED,0,0,0,0,12.2064304,134.053,2.407,1337.2,16.2,1.514,4.05,5254.0
7908367,K06166.02,CONFIRMED,0,0,0,0,6.6513189,135.289,2.135,1058.4,15.3,1.514,4.05,5254.0
7940533,K06167.01,FALSE POSITIVE,0,1,0,0,3.905532605,133.349361,6.8091,73081.0,350.4,0.798,4.543,5495.0
4665571,K02393.02,CONFIRMED,0,0,0,0,0.766691517,132.19667,1.2638,244.0,29.5,0.788,4.529,4821.0
6364215,K02404.02,FALSE POSITIVE,1,0,1,1,5.2438528,132.6659,10.539,135.8,17.8,0.918,4.5,5815.0
7289317,K02450.02,CANDIDATE,0,0,0,0,7.1931193,137.2737,2.935,125.6,10.7,1.008,4.4,5518.0
9714358,K06073.01,FALSE POSITIVE,0,1,0,0,6.474202359,134.3950738,3.35989,203491.0,1284.0,0.624,4.636,4947.0
9851123,K06074.01,FALSE POSITIVE,0,1,1,1,8.4803048,135.85228,7.5348,2672.9,70.1,0.812,4.573,5478.0
9966115,K06075.01,FALSE POSITIVE,0,1,0,0,8.947426242,132.0457395,4.89701,85995.2,7878.0,1.506,4.155,6297.0
10026458,K06076.01,FALSE POSITIVE,0,1,1,1,9.93443795,132.87307,8.098,2750.0,92.8,0.998,4.484,5763.0
10139305,K06077.01,FALSE POSITIVE,0,1,0,0,2.173552528,132.3118,1.6107,3026.0,35.9,0.594,4.663,5008.0
1432789,K00992.02,CANDIDATE,0,0,0,0,4.57834367,132.2982,3.987,140.7,11.4,1.22,4.28,5782.0
10288922,K06078.01,FALSE POSITIVE,0,1,1,0,10.157715971,139.442275,2.9526,9520.1,168.0,0.986,4.489,5993.0
12266636,K01522.02,CANDIDATE,0,0,0,0,12.654896,134.6826,4.325,100.6,10.4,1.022,4.407,5833.0
8043882,K06169.01,FALSE POSITIVE,0,0,1,1,0.779609509,131.67843,4.013,88.5,21.0,1.07,4.37,5899.0
8095099,K06171.01,FALSE POSITIVE,0,1,0,0,2.103239235,132.8681395,7.08365,314928.0,3069.4,0.965,4.466,6074.0
10659313,K06079.01,FALSE POSITIVE,0,1,0,0,15.249335907,143.662829,3.82224,34565.1,635.5,1.189,4.316,6385.0
10710755,K06080.01,FALSE POSITIVE,0,1,0,0,4.816610903,133.763636,3.82353,80226.0,759.1,0.904,4.472,5796.0
10727668,K06081.01,FALSE POSITIVE,0,1,0,0,2.305903447,131.7928588,3.3828,23268.7,511.7,2.492,4.033,9696.0
10735519,K06082.01,FALSE POSITIVE,0,1,0,0,1.814128042,131.938871,3.0646,2063.6,163.9,12.899,2.662,4822.0
8197767,K07871.01,FALSE POSITIVE,1,0,1,0,1.247121237,132.39461,9.363,966.7,92.1,0.651,4.613,4852.0
10935310,K06083.01,FALSE POSITIVE,0,1,0,0,4.128795314,132.5796644,2.771,154870.0,1041.8,1.083,4.311,5949.0
11021252,K06084.01,FALSE POSITIVE,0,1,0,0,3.269176601,133.257825,2.7233,59095.0,515.5,1.015,4.453,6372.0
11404644,K06085.01,CANDIDATE,0,0,0,0,5.902596818,136.388994,5.5711,54894.0,533.9,1.094,4.371,6184.0
11408935,K06086.01,FALSE POSITIVE,0,1,0,0,15.995094054,147.305407,8.45037,44315.3,2019.7,0.805,4.574,5899.0
8197761,K06175.01,FALSE POSITIVE,0,1,0,0,9.86869589,138.99584,2.876,5915.0,15.8,1.717,4.11,7301.0
8265156,K06177.01,FALSE POSITIVE,0,0,1,0,0.978362973,132.126,1.206,37.1,15.9,1.671,4.156,7193.0
8355178,K06178.01,CANDIDATE,0,0,0,0,13.0327301,133.6778,3.902,242.3,11.1,0.996,4.471,6122.0
6609270,K03090.02,FALSE POSITIVE,0,0,1,0,15.0367776,133.6558,3.042,503.5,10.8,0.514,4.733,3729.0
11125797,K03371.02,CONFIRMED,0,0,0,0,12.25384348,143.70549,2.373,147.7,12.3,0.82,4.579,5413.0
11756821,K06088.01,FALSE POSITIVE,0,1,0,0,2.745121487,133.619276,2.9845,14608.0,86.7,0.658,4.648,4608.0
11826400,K06091.01,FALSE POSITIVE,0,1,0,0,5.889372452,134.779685,4.94674,56841.0,4146.7,2.071,3.993,7249.0
12010534,K06092.01,FALSE POSITIVE,0,1,0,0,2.581595167,132.947414,4.9153,171132.0,338.2,0.989,4.407,5720.0
7116117,K03163.01,FALSE POSITIVE,0,0,0,1,0.566801886,131.8258,5.733,5.9,16.3,2.169,4.023,7589.0
3337061,K03172.01,FALSE POSITIVE,0,1,0,0,6.5583706,133.83031,3.286,136.0,18.1,1.606,4.083,6144.0
4663658,K03187.01,FALSE POSITIVE,1,0,0,0,0.705891195,131.62062,5.281,15.0,32.9,2.449,4.077,10346.0
5482603,K03199.01,FALSE POSITIVE,0,0,1,0,3.88258905,134.82111,2.741,57.8,13.2,1.0,4.438,5780.0
9518710,K03207.01,CANDIDATE,0,0,0,0,0.954388314,132.44537,6.26,57.2,56.3,2.785,3.813,7056.0
10338624,K03222.01,FALSE POSITIVE,1,0,0,0,0.607538435,131.70989,5.549,34.9,30.4,1.691,4.147,7076.0
5307990,K03228.01,FALSE POSITIVE,0,0,1,0,0.98762513,131.97212,1.127,28.6,14.8,2.022,4.172,9456.0
11098573,K03406.01,FALSE POSITIVE,0,0,1,0,15.6937855,131.9841,5.149,367.7,14.2,1.037,4.397,5868.0
7289338,K03420.01,CANDIDATE,0,0,0,0,5.77451117,134.51434,3.752,156.3,11.2,1.492,4.127,5821.0
3344427,K03764.01,FALSE POSITIVE,1,0,0,0,1.303570451,146.145985,2.28163,332340.0,573.2,3.584,3.279,4884.0
6205481,K03774.01,FALSE POSITIVE,1,0,1,0,3.72277264,136.51757,15.869,1114.6,58.1,0.688,4.633,5333.0
4474637,K03829.01,FALSE POSITIVE,0,1,0,0,3.886730304,135.0201,16.1723,372425.0,280.6,1.0,4.438,5780.0
6462874,K01231.02,FALSE POSITIVE,0,0,1,1,10.42360821,138.01504,5.404,878.3,18.7,0.58,4.663,4260.0
5716244,K06619.01,FALSE POSITIVE,0,1,0,0,1.330333096,132.785555,5.045,61867.0,700.5,0.906,4.521,5984.0
5725851,K06620.01,FALSE POSITIVE,1,0,0,1,1.140133012,132.34077,9.251,223.2,63.4,5.97,3.211,6715.0
5731312,K06621.01,FALSE POSITIVE,0,1,0,0,7.946367138,135.0947711,2.58667,278086.0,1228.9,0.573,4.678,4789.0
5735878,K06622.01,FALSE POSITIVE,0,1,0,0,16.832079803,133.1746947,7.79748,48374.6,5156.6,2.755,3.646,6300.0
5736461,K06623.01,FALSE POSITIVE,1,0,0,0,7.346159047,136.8912771,6.5974,121807.0,2541.2,0.81,4.574,5616.0
5771589,K06625.01,FALSE POSITIVE,0,1,0,0,10.738427243,139.893962,2.3544,1684.2,112.8,1.686,4.007,6180.0
6695889,K06757.01,FALSE POSITIVE,0,1,0,0,1.106560721,132.3745985,2.64151,253683.0,643.6,0.873,4.534,6205.0
6697716,K06758.01,FALSE POSITIVE,0,1,0,0,0.721624431,131.859672,2.54242,157754.0,514.4,0.715,4.565,5067.0
6698670,K06760.01,FALSE POSITIVE,0,1,0,0,10.81589054,139.7935811,4.73495,45399.6,4313.4,1.508,4.109,6269.0
7597703,K06891.01,FALSE POSITIVE,0,1,0,0,4.608901433,133.9949845,8.73393,378548.0,2624.6,0.755,4.605,5938.0
7605600,K06893.01,FALSE POSITIVE,0,1,0,0,3.326193904,133.329774,2.08375,178470.0,502.0,0.349,4.906,3520.0
8312222,K07017.01,FALSE POSITIVE,0,1,0,0,12.823275455,136.1765764,5.32062,121991.0,2541.7,0.826,4.562,5973.0
8316503,K07019.01,FALSE POSITIVE,0,1,0,0,5.065329723,134.9819163,4.90392,155614.0,5497.0,1.286,4.233,6350.0
8330575,K07020.01,FALSE POSITIVE,0,1,0,0,0.957079167,131.7737065,3.85011,48673.6,3062.6,1.468,4.133,6367.0
8345358,K07021.01,FALSE POSITIVE,0,1,0,0,9.380632783,132.5586444,4.295,65832.8,1053.1,0.913,4.519,5926.0
8358008,K07022.01,FALSE POSITIVE,0,1,0,0,10.064687893,135.251088,3.59854,10088.0,585.4,0.705,4.571,5185.0
8364119,K07024.01,FALSE POSITIVE,0,1,0,0,7.73591011,137.9876592,5.01919,315131.0,3786.7,0.763,4.596,5623.0
9278021,K07152.01,FALSE POSITIVE,0,1,0,0,3.359470825,133.952372,2.14715,2707.8,504.1,3.514,3.531,6587.0
9286728,K07154.01,FALSE POSITIVE,0,0,0,1,3.04459739,132.4989,7.638,66.1,18.2,0.753,4.603,5525.0
9291368,K07155.01,FALSE POSITIVE,0,1,0,0,3.796448299,131.37037,11.5917,522879.0,1487.2,3.07,3.748,8117.0
9291368,K07155.02,FALSE POSITIVE,0,1,0,0,3.79654367,133.2353,11.4071,70781.0,283.7,3.07,3.748,8117.0
9291748,K07156.01,FALSE POSITIVE,0,1,0,0,15.926990634,144.4526221,11.5142,394232.0,3458.3,0.65,4.615,5191.0
9304561,K07158.01,FALSE POSITIVE,0,0,0,1,1.219049953,132.09455,1.477,53.5,10.1,3.374,3.521,5742.0
9328852,K07159.01,FALSE POSITIVE,1,0,0,0,0.64585177,131.889136,1.97644,308504.0,808.3,0.463,4.788,4399.0
10091257,K07284.01,FALSE POSITIVE,0,1,0,0,1.70192371,131.955498,3.0271,49833.0,351.1,1.262,4.273,5826.0
10093664,K07285.01,FALSE POSITIVE,1,0,0,0,1.20693963,132.63953,6.881,20.0,24.3,2.041,4.041,7331.0
10095512,K07286.01,FALSE POSITIVE,0,1,0,0,3.008602107,132.923023,4.34296,120272.0,502.0,1.026,4.398,6033.0
10129482,K07288.01,FALSE POSITIVE,0,1,0,0,0.846291334,132.1935855,1.79962,190191.0,1049.3,0.526,4.721,4627.0
10155080,K07289.01,FALSE POSITIVE,0,1,0,0,1.930451347,131.770748,3.87956,53075.2,602.3,1.168,4.399,6154.0
10156064,K07290.01,FALSE POSITIVE,0,1,0,0,2.427967843,133.598772,4.7847,126975.0,472.8,1.921,4.104,7652.0
11198723,K07417.01,FALSE POSITIVE,0,1,0,0,6.840305932,137.5713643,4.32742,124933.0,2025.7,0.908,4.521,5970.0
11200773,K07419.01,FALSE POSITIVE,0,1,0,0,2.489550708,132.044138,2.84685,29838.9,443.6,0.794,4.569,6018.0
11228612,K07420.01,FALSE POSITIVE,0,1,0,0,2.980479588,134.40206,3.72527,375343.0,1737.7,1.047,4.377,6065.0
11232745,K07421.01,FALSE POSITIVE,0,1,0,0,4.81712182,133.10276,2.45699,35756.4,445.3,0.795,4.581,5419.0
11233911,K07422.01,FALSE POSITIVE,0,1,0,0,2.479948394,133.643169,5.7219,150682.0,489.6,0.822,4.539,5391.0
11234677,K07423.01,FALSE POSITIVE,0,1,0,0,1.58742695,131.9849807,2.66475,76162.0,1150.7,1.241,4.313,6440.0
11235323,K07424.01,FALSE POSITIVE,0,1,0,0,19.668404822,132.523858,21.1764,352808.0,1834.5,0.717,4.56,5260.0
3765917,K04526.02,CANDIDATE,0,0,0,0,11.8187288,132.51,4.017,249.0,10.3,1.328,4.211,5803.0
8652360,K04562.02,FALSE POSITIVE,1,0,1,0,0.968065631,131.97214,1.772,92.5,14.0,0.687,4.639,5367.0
5476671,K04598.02,FALSE POSITIVE,1,0,1,0,0.824181335,131.68906,2.4864,224.7,40.2,0.883,4.514,5977.0
8094120,K04881.02,FALSE POSITIVE,0,0,0,1,0.706423768,132.15228,1.0597,46.1,15.9,1.585,4.09,6514.0
3972391,K06374.01,FALSE POSITIVE,0,1,0,0,0.634131057,131.78951,2.851,27.1,11.7,1.109,4.345,6428.0
3973002,K06376.01,FALSE POSITIVE,0,1,0,0,1.992098705,132.891052,4.03833,69414.0,1186.0,0.9,4.523,6024.0
5025217,K06496.01,FALSE POSITIVE,1,0,0,0,1.78752921,132.4646,5.315,62.9,16.0,7.342,3.056,6286.0
5025234,K06497.01,FALSE POSITIVE,1,0,0,0,1.77555333,131.92,14.41,83.5,14.1,1.138,4.39,6594.0
5025294,K06498.01,FALSE POSITIVE,0,1,1,0,5.462689263,134.26516,3.2605,4184.6,82.6,0.888,4.479,5929.0
5026187,K06499.01,FALSE POSITIVE,1,0,0,0,3.58966681,134.56621,18.534,421.3,102.3,3.837,3.515,6564.0
5031804,K06500.01,FALSE POSITIVE,1,0,0,0,1.37347867,132.22105,12.62,289.9,27.2,1.753,4.028,6877.0
5031882,K06501.01,FALSE POSITIVE,1,0,0,0,1.00960235,131.6797,7.847,31.9,12.5,2.412,3.724,6028.0
5036516,K06502.01,FALSE POSITIVE,0,1,0,1,1.060996585,132.53457,2.6494,41142.0,339.5,1.348,4.154,5433.0
5781192,K06626.01,FALSE POSITIVE,0,1,0,0,9.459993213,138.3433458,5.3012,237595.0,3164.4,0.829,4.566,5569.0
5802285,K06627.01,FALSE POSITIVE,0,1,1,0,1.208524388,131.985195,1.8478,4759.6,181.3,0.701,4.63,4963.0
5802470,K06628.01,FALSE POSITIVE,0,1,0,0,3.79187443,134.134368,3.5521,230736.0,1111.9,0.723,4.619,5622.0
5807579,K06629.01,FALSE POSITIVE,0,1,0,0,17.844323157,133.6947708,5.07999,222364.0,4456.6,1.485,4.114,5993.0
5871918,K06632.01,FALSE POSITIVE,0,1,0,0,12.643303542,139.7603975,5.48853,236718.0,2907.6,0.562,4.697,3977.0
5894825,K06633.01,FALSE POSITIVE,1,0,0,0,1.36293943,132.7485,10.32,54.4,15.8,2.106,3.971,6831.0
6706287,K06761.01,FALSE POSITIVE,0,1,0,0,1.267693801,132.120397,3.57993,333641.0,713.8,0.961,4.388,5446.0
6766748,K06764.01,FALSE POSITIVE,0,1,0,0,7.002865192,136.013297,5.90232,349695.0,8168.6,1.216,4.357,6818.0
6768616,K06765.01,CANDIDATE,0,0,0,0,13.05609,140.7128,3.498,170.8,10.8,0.994,4.434,6078.0
6781535,K06769.01,FALSE POSITIVE,0,1,0,0,9.12208711,138.8352077,4.62417,58790.4,1599.1,1.039,4.396,5857.0
7622072,K06894.01,FALSE POSITIVE,0,1,1,0,6.373454978,136.899832,3.9377,6084.6,258.1,1.254,4.161,5953.0
7630658,K06895.01,FALSE POSITIVE,0,1,1,0,1.075577069,131.558551,4.11779,140584.0,1589.6,1.267,4.217,6011.0
7631194,K06896.01,FALSE POSITIVE,1,0,1,0,0.811390968,131.8759,1.0114,139.9,19.2,12.487,2.682,4994.0
7670485,K06900.01,FALSE POSITIVE,1,0,0,0,8.467706136,139.412302,4.05376,77323.6,976.0,0.843,4.554,5873.0
8367298,K07025.01,FALSE POSITIVE,0,1,0,0,5.1348689,134.236,48.69,115.8,36.1,1.001,4.357,5515.0
8374499,K07026.01,FALSE POSITIVE,0,1,0,0,5.251918489,136.74098,5.59653,296478.0,6979.7,0.919,4.511,6099.0
8378656,K07027.01,FALSE POSITIVE,0,1,0,0,3.62944008,134.701164,5.94104,130083.0,5131.4,1.093,4.355,6284.0
8379547,K07029.01,FALSE POSITIVE,0,1,0,0,6.042029838,132.205367,8.0666,132864.0,312.5,0.587,4.67,5030.0
8381592,K07030.01,FALSE POSITIVE,0,1,0,0,2.892087553,133.201742,3.16757,71631.0,563.9,0.924,4.443,5622.0
8382339,K07031.01,FALSE POSITIVE,0,0,1,0,5.40597608,131.61052,2.79,461.0,23.5,15.355,2.56,4840.0
8398290,K07033.01,FALSE POSITIVE,1,0,0,0,0.510804497,131.88057,2.539,42.7,15.4,2.176,3.913,6596.0
9328864,K07160.01,FALSE POSITIVE,0,1,1,1,0.645850521,131.88911,1.2082,54.9,16.8,0.911,4.426,5381.0
9334490,K07161.01,FALSE POSITIVE,0,1,1,0,18.84497113,149.94759,4.9442,4143.4,79.8,0.695,4.578,5220.0
9340411,K07162.01,CANDIDATE,0,0,0,0,5.1581317,131.7314,7.773,37.9,13.0,3.355,3.511,5155.0
9344623,K07163.01,FALSE POSITIVE,0,1,0,0,14.759477667,139.7828128,9.7746,357470.0,3813.5,1.105,4.407,6522.0
9353182,K07164.01,FALSE POSITIVE,0,1,0,0,10.476258265,136.5282906,7.77203,120206.0,8251.5,1.536,4.097,6109.0
9357275,K07165.01,FALSE POSITIVE,0,1,0,0,1.588298157,132.1833032,4.37027,165034.0,1071.6,2.094,4.024,7742.0
9392702,K07167.01,FALSE POSITIVE,0,1,0,0,3.909314318,131.8944811,5.36124,97123.4,1587.6,1.143,4.341,6425.0
10164018,K07292.01,FALSE POSITIVE,0,0,1,0,8.5412411,131.6163,3.654,298.8,10.7,0.732,4.614,5602.0
10189523,K07293.01,FALSE POSITIVE,1,0,0,0,1.013922622,132.414157,1.6393,34957.0,79.8,0.647,4.618,5110.0
10198109,K07294.01,FALSE POSITIVE,0,1,0,0,17.918743061,146.3929572,4.36387,118355.0,4696.8,1.63,3.903,5870.0
10208759,K07295.01,FALSE POSITIVE,0,1,0,0,2.287515702,132.3567704,10.0879,358575.0,3017.9,1.391,4.306,6773.0
11240948,K07425.01,FALSE POSITIVE,0,1,0,0,3.401949837,134.6247,16.5797,2477.0,304.0,2.17,3.905,7094.0
11250867,K07428.01,FALSE POSITIVE,0,1,0,0,2.252822538,131.6331462,3.41062,269847.0,1575.9,0.951,4.431,6116.0
11282568,K07430.01,CANDIDATE,0,0,0,0,1.320499473,132.61488,1.184,204.0,12.0,13.454,2.693,5172.0
11285625,K07431.01,FALSE POSITIVE,0,1,0,0,5.39525573,131.542553,7.8377,104242.0,175.7,2.804,3.768,7216.0
11286311,K07432.01,CANDIDATE,0,0,0,0,13.1538409,143.31,11.56,104.6,10.6,1.008,4.36,5443.0
4732015,K05076.02,FALSE POSITIVE,1,0,0,0,0.939740093,131.7401,3.682,106.5,14.3,33.474,1.663,4297.0
11176166,K05875.02,CANDIDATE,0,0,0,0,4.2742605,133.0463,2.687,263.8,11.4,1.148,4.361,6477.0
1026032,K06252.01,FALSE POSITIVE,0,1,0,0,8.460438928,133.7744903,4.73492,76412.9,1797.4,0.702,4.638,5951.0
3973504,K06377.01,FALSE POSITIVE,0,1,0,0,4.318726936,131.605675,2.67349,59429.0,394.4,0.916,4.518,5896.0
4067549,K06380.01,FALSE POSITIVE,0,1,1,0,7.698431197,137.868033,5.43677,42548.8,942.6,0.876,4.508,5774.0
4069063,K06381.01,FALSE POSITIVE,0,1,0,0,0.504296702,131.905285,1.4145,5995.4,231.8,1.187,4.243,6140.0
4069213,K06382.01,FALSE POSITIVE,0,1,0,0,5.194256813,134.5723735,7.25775,38851.4,2390.4,2.086,3.895,6100.0
4076952,K06385.01,FALSE POSITIVE,0,1,0,0,9.761172507,133.7034265,11.4007,205866.0,3150.9,2.048,3.893,6468.0
5036538,K06504.01,FALSE POSITIVE,0,1,0,0,1.061008464,132.5213941,2.8029,408767.0,997.7,0.454,4.793,4239.0
5039687,K06506.01,FALSE POSITIVE,1,0,0,0,5.8957069,136.3002,56.84,129.7,24.1,0.934,4.504,5956.0
5078879,K06508.01,FALSE POSITIVE,0,1,1,0,1.039370613,131.62419,1.0713,743.6,182.9,3.137,3.615,6429.0
5080346,K06509.01,FALSE POSITIVE,1,0,0,0,2.31169425,132.3203,8.689,38.4,16.0,2.679,3.97,9451.0
5080652,K06510.01,FALSE POSITIVE,0,1,0,0,2.072177815,133.095727,4.54864,293717.0,590.7,0.718,4.621,5519.0
5894972,K06634.01,FALSE POSITIVE,1,0,0,0,3.34328534,134.8451,27.29,166.8,79.5,2.652,3.773,6541.0
5951140,K06635.01,CANDIDATE,0,0,0,0,0.52740121,131.6718,4.807,1316.0,31.1,0.41,4.847,3582.0
5952309,K06636.01,FALSE POSITIVE,0,1,1,1,0.905678252,132.19647,1.249,70.4,11.1,0.909,4.501,6075.0
5952457,K06637.01,FALSE POSITIVE,0,0,1,1,0.905672916,132.20453,1.0,110.4,12.1,0.741,4.552,4949.0
5962514,K06639.01,FALSE POSITIVE,0,1,0,0,0.790046373,132.1225,4.9939,149304.0,174.5,1.342,4.321,6785.0
5962716,K06640.01,FALSE POSITIVE,0,1,0,0,1.804591904,132.3963298,3.85009,137295.0,1666.6,1.515,4.178,6271.0
6792124,K06770.01,FALSE POSITIVE,0,1,0,1,0.52880817,131.67844,2.2865,57.7,38.8,2.368,3.815,6224.0
6806632,K06772.01,FALSE POSITIVE,1,0,0,0,9.469191607,140.9753434,9.55999,63501.9,4419.3,1.832,4.244,9454.0
6841577,K06773.01,FALSE POSITIVE,0,1,0,0,15.53753378,140.2734399,5.8262,209006.0,2807.8,0.868,4.476,5704.0
6842345,K06774.01,CANDIDATE,0,0,0,0,17.3816224,142.4067834,2.73456,59099.4,1149.7,1.02,4.407,6116.0
6852488,K06775.01,FALSE POSITIVE,0,1,0,0,2.172042913,131.764641,8.0331,154381.0,583.6,1.775,4.105,7128.0
8460634,K07887.01,FALSE POSITIVE,0,0,1,1,6.35216475,134.1982,3.251,185.7,10.9,13.654,2.471,4820.0
7671594,K06902.01,FALSE POSITIVE,0,1,0,0,0.705174384,131.694866,1.11196,375227.0,222.8,0.25,5.031,3354.0
7691527,K06905.01,FALSE POSITIVE,1,0,0,0,4.800232532,135.7829072,3.57105,277001.0,893.6,0.756,4.59,5591.0
7695445,K06906.01,FALSE POSITIVE,1,0,0,0,1.74336627,132.8574,10.405,451.0,20.8,1.478,4.208,6640.0
7700578,K06908.01,FALSE POSITIVE,1,0,0,1,1.507100589,132.09322,5.8097,497657.0,711.8,1.748,4.099,6919.0
7707736,K06909.01,FALSE POSITIVE,1,0,0,1,0.758355704,131.863972,4.4135,9568.3,153.3,0.783,4.586,5629.0
8411947,K07034.01,FALSE POSITIVE,0,1,0,0,0.898837525,132.13405,3.5342,399778.0,445.6,0.807,4.518,5284.0
8414159,K07035.01,FALSE POSITIVE,0,1,0,0,11.931131598,142.8536843,5.56983,300506.0,5606.7,0.959,4.449,6089.0
8414216,K07036.01,FALSE POSITIVE,0,0,0,1,11.93137992,142.82366,3.639,122.1,14.7,0.505,4.742,3787.0
8423903,K07038.01,FALSE POSITIVE,1,0,0,0,12.4964346,132.0358,84.32,271.7,141.5,2.73,3.805,6821.0
8429450,K07039.01,FALSE POSITIVE,0,1,0,0,1.352576807,132.0374311,5.49531,317484.0,1365.1,2.406,3.831,6881.0
8445775,K07042.01,FALSE POSITIVE,0,1,0,0,13.254134073,136.3679147,4.34991,44979.8,2281.0,1.436,4.111,6175.0
9411943,K07170.01,FALSE POSITIVE,0,1,1,0,1.922009494,132.161285,3.101,6547.8,284.4,1.087,4.296,5880.0
9412462,K07171.01,FALSE POSITIVE,0,1,0,0,10.186578749,132.5289587,10.6304,340671.0,5867.8,0.916,4.448,5557.0
9451096,K07173.01,FALSE POSITIVE,0,1,0,0,1.250390814,131.7337519,3.7184,231167.0,2046.8,1.663,4.006,6297.0
9468296,K07176.01,FALSE POSITIVE,0,1,0,0,5.748815953,132.28021,1.9216,11657.0,43.3,0.753,4.545,4961.0
10264202,K07300.01,FALSE POSITIVE,0,1,0,0,0.517573708,131.5161551,2.23102,87205.0,740.2,0.7,4.633,5427.0
10274244,K07303.01,FALSE POSITIVE,0,1,0,0,13.68369259,135.2108067,4.22504,185514.0,3641.6,0.708,4.566,5359.0
10275887,K07304.01,FALSE POSITIVE,0,1,0,0,9.726748645,139.4774644,19.4093,393412.0,4414.3,1.406,4.107,5618.0
10292465,K07307.01,FALSE POSITIVE,0,1,0,0,1.35337091,131.936954,2.2396,104562.0,303.0,0.784,4.511,5426.0
10294608,K07308.01,FALSE POSITIVE,0,1,0,0,1.854491777,132.4915806,5.14771,383431.0,1070.6,0.99,4.413,5843.0
11287726,K07433.01,FALSE POSITIVE,0,1,0,0,4.737713268,132.325253,6.384,105259.0,476.7,0.719,4.624,5335.0
11288772,K07435.01,CANDIDATE,0,0,0,0,1.36752316,131.77163,1.208,61.0,11.7,1.048,4.417,5836.0
11295085,K07436.01,FALSE POSITIVE,1,0,0,0,2.49777454,133.7602628,5.241,78.7,51.1,2.211,3.964,7117.0
11350389,K07438.01,FALSE POSITIVE,0,1,0,0,1.51264208,132.025984,1.871,23842.0,262.6,0.811,4.508,5258.0
11358392,K07440.01,FALSE POSITIVE,0,1,0,0,0.984971822,132.402887,1.64247,6683.5,279.1,1.369,4.237,6437.0
2012722,K06257.01,FALSE POSITIVE,1,0,0,0,2.32539968,132.12985,16.791,288.1,79.9,2.724,3.831,7046.0
2013883,K06258.01,FALSE POSITIVE,0,0,1,0,0.764597756,131.69552,1.119,16.6,12.0,1.726,4.066,6218.0
2162994,K06260.01,FALSE POSITIVE,0,1,0,0,4.101595158,132.6324315,6.10362,366585.0,3809.8,0.808,4.533,5610.0
2167444,K06261.01,FALSE POSITIVE,1,0,0,0,2.43574046,133.47404,22.25,6223.0,74.6,1.781,4.129,7239.0
4078693,K06386.01,FALSE POSITIVE,0,1,0,0,2.756536015,133.025652,1.5908,3590.8,100.1,1.669,4.02,5496.0
4142768,K06387.01,FALSE POSITIVE,1,0,0,0,13.99585365,131.65924,5.0308,19681.0,118.1,2.703,3.597,5638.0
4149684,K06388.01,FALSE POSITIVE,0,1,0,0,4.320850062,132.4183917,4.26661,75927.4,1691.5,1.083,4.384,6098.0
4157488,K06390.01,FALSE POSITIVE,0,1,0,0,5.197420145,132.5674705,6.78534,91307.3,4262.1,1.528,4.05,6248.0
4160669,K06391.01,FALSE POSITIVE,0,1,1,0,2.183517999,132.692938,4.2703,1321.6,147.7,162.725,0.047,3198.0
4174507,K06393.01,FALSE POSITIVE,0,1,0,0,1.945914237,133.042081,2.8712,9880.5,299.2,0.83,4.516,5967.0
5091075,K06514.01,FALSE POSITIVE,1,0,0,0,1.25625738,131.7577,9.726,15.2,50.1,3.063,3.68,7450.0
5990753,K06645.01,FALSE POSITIVE,0,1,0,0,7.21636091,133.88924,2.218,384.7,37.2,9.476,2.909,5029.0
6029130,K06647.01,FALSE POSITIVE,0,1,0,0,12.591656377,134.7421233,5.53385,302584.0,3990.5,0.756,4.604,5293.0
6035335,K06648.01,FALSE POSITIVE,1,0,0,0,1.044408447,132.31116,3.633,46.2,15.1,1.698,4.161,7274.0
6042116,K06650.01,FALSE POSITIVE,1,0,0,0,5.407157086,136.5956575,5.8919,74653.3,2882.0,2.439,3.856,7617.0
6044064,K06652.01,FALSE POSITIVE,0,1,0,0,5.06318803,133.707285,13.8913,662677.0,1602.7,0.752,4.531,5375.0
6859813,K06778.01,FALSE POSITIVE,0,1,0,0,10.88242209,132.6767451,5.51934,206811.0,4284.2,1.045,4.422,6200.0
6863840,K06779.01,FALSE POSITIVE,1,0,0,0,1.926366998,131.7468446,3.98088,399528.0,1093.2,0.76,4.542,5176.0
6864569,K06780.01,FALSE POSITIVE,1,0,0,0,2.325185422,133.265218,7.2871,268.5,256.3,2.896,3.989,11076.0
6877871,K06785.01,FALSE POSITIVE,1,0,0,0,0.536869783,131.84557,4.164,221.7,27.8,1.168,4.379,6495.0
7741048,K06911.01,FALSE POSITIVE,0,0,1,0,0.843400322,131.57039,1.7606,43.7,23.8,0.96,4.493,5982.0
7751562,K06912.01,FALSE POSITIVE,0,1,0,0,17.042155208,142.4257555,7.80412,55165.0,2046.2,1.035,4.449,6197.0
7755741,K06913.01,FALSE POSITIVE,1,0,0,0,0.874236216,131.7986,2.352,58.4,11.1,4.378,3.667,10894.0
7755741,K06913.02,CANDIDATE,0,0,0,0,1.75173647,132.2995,5.122,68.4,10.2,4.378,3.667,10894.0
7769072,K06914.01,FALSE POSITIVE,0,1,0,0,0.60886299,132.0506751,1.27896,2019.5,457.8,4.167,3.311,5022.0
7798259,K06917.01,FALSE POSITIVE,0,1,0,0,1.734221252,132.833439,2.4577,289817.0,542.2,0.702,4.584,4765.0
8453191,K07043.01,FALSE POSITIVE,0,1,0,0,5.776764285,131.5421677,6.99715,153902.0,3033.4,2.072,3.875,6263.0
8453324,K07044.01,FALSE POSITIVE,0,1,0,0,1.26227317,132.0407385,3.30141,7342.5,1159.9,9.356,2.882,4927.0
8479107,K07045.01,FALSE POSITIVE,0,1,0,0,0.76757669,131.819082,2.04757,157612.0,431.3,0.627,4.635,5182.0
8479386,K07046.01,FALSE POSITIVE,0,1,0,0,5.860377067,134.8440004,10.4634,361615.0,3044.1,1.158,4.284,6267.0
8488876,K07047.01,FALSE POSITIVE,0,1,0,1,5.801881299,136.9821453,4.21133,34469.8,3642.0,3.009,3.739,7259.0
8504570,K07048.01,FALSE POSITIVE,0,1,0,0,4.00770453,134.8009815,5.50884,168776.0,1753.5,1.631,4.185,7162.0
8509346,K07049.01,FALSE POSITIVE,0,1,0,0,6.099032889,135.5223947,4.82208,55374.3,2884.0,1.141,4.297,6356.0
8517433,K07050.01,FALSE POSITIVE,1,0,0,0,0.652956712,131.52361,0.627,50.0,12.7,1.055,4.419,5812.0
9474222,K07177.01,FALSE POSITIVE,0,1,0,0,13.691790011,133.7914664,5.64674,97563.5,8326.3,1.554,4.158,6295.0
9509207,K07181.01,FALSE POSITIVE,1,0,0,0,14.199840087,135.748091,5.98531,214604.0,1408.6,1.414,4.139,5864.0
9520700,K07183.01,FALSE POSITIVE,1,0,0,0,2.136834989,133.617975,4.34882,346183.0,644.7,0.989,4.42,5753.0
12116489,K00547.02,CANDIDATE,0,0,0,0,7.34672485,134.5155,2.136,143.0,10.1,0.821,4.578,5271.0
10296163,K07309.01,FALSE POSITIVE,0,1,0,0,9.296746368,135.6856399,6.88069,213838.0,4407.8,2.884,3.67,6461.0
10330495,K07310.01,FALSE POSITIVE,0,1,0,0,18.060078203,138.611105,11.5759,58975.4,1797.6,0.855,4.464,5330.0
10332789,K07311.01,FALSE POSITIVE,0,1,0,0,18.74072534,135.2072208,5.19791,125477.0,2964.7,0.996,4.471,6122.0
10341787,K07313.01,FALSE POSITIVE,0,0,1,1,0.93373716,132.46828,5.015,144.9,16.0,0.852,4.479,5390.0
10342097,K07314.01,FALSE POSITIVE,0,0,1,1,0.933735579,131.53509,3.892,351.4,27.1,5.344,3.013,5016.0
10346522,K07316.01,FALSE POSITIVE,0,1,0,0,3.989144446,132.572437,20.7947,630524.0,2055.9,0.719,4.555,5538.0
11391181,K07442.01,FALSE POSITIVE,0,1,0,0,8.61733907,139.0692516,4.05563,185861.0,1542.6,0.87,4.482,5387.0
11401869,K07443.01,FALSE POSITIVE,0,1,0,1,2.16146908,131.8342,3.643,84.8,11.8,1.013,4.422,6047.0
11409698,K07444.01,FALSE POSITIVE,0,1,0,0,10.26782676,139.1769796,6.02685,247175.0,5758.7,1.44,4.176,6664.0
11455795,K07446.01,FALSE POSITIVE,0,1,0,0,1.057335679,131.792007,1.5795,47337.0,476.0,0.683,4.594,4664.0
11457191,K07447.01,FALSE POSITIVE,0,1,0,0,1.149198426,131.817374,4.1603,37721.0,164.2,0.867,4.486,5858.0
11462556,K07448.01,FALSE POSITIVE,1,0,0,0,2.50012775,131.5829,28.2,49.9,17.6,1.664,4.12,6923.0
2283362,K06262.01,CANDIDATE,0,0,0,0,0.673141323,131.68751,0.921,229.5,10.5,0.858,4.552,5461.0
2305372,K06264.01,FALSE POSITIVE,0,1,0,0,1.40469182,131.552084,6.26327,702439.0,2651.1,1.863,4.043,6230.0
2306740,K06265.01,FALSE POSITIVE,0,1,0,0,10.306982793,143.7331641,11.4277,341790.0,3691.9,1.217,4.225,5912.0
2308957,K06266.01,FALSE POSITIVE,0,1,0,0,1.109841858,132.1655985,8.11952,300713.0,2082.6,3.211,3.607,5788.0
2422820,K06267.01,CANDIDATE,0,0,0,0,13.8911152,137.3481,5.062,204.9,10.3,0.79,4.499,5472.0
2437452,K06268.01,FALSE POSITIVE,0,1,0,0,7.234965722,134.582307,7.0245,164848.0,671.3,0.798,4.573,5653.0
2437804,K06269.01,FALSE POSITIVE,0,1,1,1,7.45301717,131.77618,3.685,551.5,18.3,16.755,2.329,4475.0
2438061,K06270.01,FALSE POSITIVE,0,1,0,0,2.442941283,132.011468,4.1847,37338.0,229.7,1.0,4.438,5780.0
4180396,K06394.01,FALSE POSITIVE,1,0,0,0,3.684337918,132.61121,2.1931,76.7,31.4,2.108,4.149,9609.0
4245897,K06395.01,FALSE POSITIVE,0,1,0,0,11.2570616,140.81576,29.059,690235.0,655.2,1.875,4.012,6915.0
4261960,K06397.01,FALSE POSITIVE,1,0,1,0,1.461270059,131.78154,16.467,3348.7,131.0,0.674,4.651,5226.0
4274071,K06399.01,CANDIDATE,0,0,0,0,6.76890076,133.07724,3.616,123.1,10.8,1.125,4.327,5737.0
4281895,K06400.01,FALSE POSITIVE,0,1,0,0,9.543584955,137.7738831,3.72007,68184.5,3442.2,1.785,3.837,5537.0
4282390,K06401.01,CANDIDATE,0,0,0,0,1.96134311,132.30563,11.856,207.8,59.5,2.198,3.935,6221.0
5095269,K06518.01,FALSE POSITIVE,0,1,0,0,18.611957253,133.8661994,4.24721,124833.0,2671.7,1.17,4.32,6492.0
5097278,K06519.01,FALSE POSITIVE,1,0,0,0,0.73240662,131.5735,4.33,329.0,15.3,1.772,4.135,7392.0
5098757,K06520.01,FALSE POSITIVE,1,0,0,0,2.954598,134.3663,24.79,337.8,18.1,2.161,3.885,6955.0
5111801,K06521.01,FALSE POSITIVE,1,0,0,0,0.562006231,132.0289,3.496,14.2,12.8,1.455,4.17,6609.0
5112198,K06522.01,FALSE POSITIVE,1,0,0,0,3.21559054,133.5375,16.261,202.4,87.1,1.036,4.414,6300.0
5113809,K06523.01,FALSE POSITIVE,1,0,0,0,1.547426532,132.8859128,16.1346,532.9,210.1,1.264,4.303,6612.0
5115178,K06524.01,FALSE POSITIVE,0,1,0,0,12.851722103,132.8395131,5.71731,42518.6,1537.8,0.967,4.438,5838.0
5115379,K06525.01,FALSE POSITIVE,1,0,1,0,4.2055797,132.1233,19.4,100.5,71.7,1.259,4.261,6190.0
6046311,K06654.01,FALSE POSITIVE,1,0,0,0,0.957476003,131.91263,0.6624,450.7,20.2,1.122,4.338,6312.0
6048106,K06655.01,FALSE POSITIVE,0,1,0,0,1.559360638,132.53955,5.4458,280066.0,419.9,1.488,4.193,7002.0
6057750,K06657.01,CANDIDATE,0,0,0,0,1.6037058,131.9529,9.067,32.8,22.4,2.512,3.877,6400.0
6060580,K06658.01,FALSE POSITIVE,0,1,0,0,2.313367981,133.1999763,2.42645,13437.5,733.6,0.764,4.598,5508.0
6890618,K06787.01,FALSE POSITIVE,0,0,1,0,1.574063832,133.05514,5.6357,1118.1,145.3,0.962,4.411,5951.0
6927629,K06789.01,FALSE POSITIVE,0,1,0,0,3.867613816,135.3438766,5.36467,340908.0,1379.1,1.046,4.364,5780.0
6929016,K06790.01,FALSE POSITIVE,0,1,0,1,0.733726452,132.02005,2.309,114.6,13.8,0.797,4.578,5855.0
6939670,K06792.01,FALSE POSITIVE,0,1,0,0,4.238855579,135.201464,5.2235,68002.0,374.8,0.804,4.482,5655.0
6947623,K06793.01,CANDIDATE,0,0,0,0,3.62657392,133.57658,1.791,98.5,10.7,0.8,4.579,5416.0
6947837,K06794.01,FALSE POSITIVE,1,0,0,0,1.17033848,132.4153,11.56,17.3,13.4,2.314,3.997,8027.0
6949550,K06795.01,FALSE POSITIVE,0,1,0,0,7.841066931,136.5883392,5.47901,342094.0,3314.7,0.829,4.562,5973.0
7811211,K06918.01,CANDIDATE,0,0,0,0,0.902403563,131.827273,1.7129,4759.5,220.3,0.755,4.599,5776.0
7816680,K06920.01,FALSE POSITIVE,0,1,0,0,4.292599454,131.7702811,4.73293,140032.0,1329.6,1.174,4.377,6467.0
7816935,K06921.01,CANDIDATE,0,0,0,0,6.87778029,133.04176,3.199,124.0,10.1,1.062,4.434,6274.0
7838639,K06922.01,FALSE POSITIVE,0,1,0,0,2.113197701,132.3310213,3.46341,57315.5,1048.1,1.463,4.138,6215.0
7846730,K06923.01,FALSE POSITIVE,0,1,0,0,11.02822674,136.96732,8.275,278035.0,4680.2,1.387,4.199,6271.0
8543278,K07052.01,FALSE POSITIVE,0,1,0,0,7.549299761,135.0113297,2.46338,44575.7,907.2,0.634,4.679,5085.0
8552500,K07053.01,FALSE POSITIVE,0,0,1,1,0.530972263,131.7212,3.653,48.6,12.1,0.991,4.472,6185.0
8552540,K07054.01,FALSE POSITIVE,0,1,0,0,0.530967171,131.725385,3.8102,378394.0,671.9,0.991,4.439,5951.0
8553788,K07055.01,FALSE POSITIVE,0,1,0,0,1.606163631,131.6342249,4.92516,144603.0,1662.0,2.314,3.997,8027.0
9540450,K07187.01,FALSE POSITIVE,0,1,0,0,1.077358008,131.600551,3.6713,311051.0,537.4,1.064,4.397,6100.0
9540675,K07188.01,FALSE POSITIVE,0,0,1,1,3.55643514,133.5696,8.529,45.8,13.4,1.109,4.289,5831.0
9541163,K07189.01,FALSE POSITIVE,1,0,1,1,0.5366497,131.71771,2.887,105.4,10.6,0.898,4.529,5822.0
9569866,K07191.01,FALSE POSITIVE,0,1,0,0,1.480324075,131.7556963,3.20209,400007.0,1095.9,0.717,4.56,5260.0
9579192,K07192.01,FALSE POSITIVE,0,1,0,0,12.08353781,139.6155998,7.90317,43086.6,3799.5,2.214,3.89,6770.0
10363300,K07318.01,FALSE POSITIVE,0,1,0,0,0.934926138,132.1779461,3.1925,131941.0,1149.3,1.078,4.423,5962.0
10396708,K07320.01,CANDIDATE,0,0,0,0,8.50207749,132.36121,3.057,117.3,10.5,0.715,4.57,4889.0
10407047,K07321.01,FALSE POSITIVE,0,0,1,1,0.93374699,131.52406,6.168,172.1,25.5,5.272,3.136,4909.0
10407430,K07322.01,FALSE POSITIVE,0,0,0,1,0.933759404,131.50294,3.491,114.9,18.9,0.866,4.514,5766.0
10407464,K07323.01,FALSE POSITIVE,0,0,0,1,0.93373711,131.5293,3.151,12.9,11.2,1.025,4.391,6300.0
10422852,K07326.01,FALSE POSITIVE,0,1,0,0,1.398890216,132.16558,4.9641,66012.0,204.0,1.051,4.378,6134.0
11495989,K07449.01,CANDIDATE,0,0,0,0,1.322475635,132.66777,5.307,997.3,53.9,0.548,4.7,4668.0
11499757,K07450.01,FALSE POSITIVE,1,0,0,0,12.314402323,134.2520931,5.8903,393895.0,2540.6,1.066,4.433,6247.0
11501774,K07451.01,FALSE POSITIVE,0,1,0,0,0.691823991,131.57,5.965,165.9,18.0,0.962,4.404,5226.0
11502179,K07453.01,FALSE POSITIVE,0,0,1,1,3.98855869,135.129,1.467,214.1,10.5,1.646,4.057,5791.0
11560382,K07456.01,FALSE POSITIVE,0,0,1,1,0.527679032,131.81119,1.395,84.1,14.8,0.86,4.548,5799.0
2438062,K06271.01,FALSE POSITIVE,0,1,1,1,2.44295727,132.00292,4.0656,15298.0,85.5,1.0,4.438,5780.0
2438517,K06272.01,FALSE POSITIVE,0,0,1,1,3.31587688,131.50648,3.152,185.6,11.4,0.875,4.476,5385.0
2557350,K06276.01,CANDIDATE,0,0,0,0,3.09872834,134.39281,1.89,248.0,10.1,0.41,4.842,3628.0
2557430,K06277.01,FALSE POSITIVE,0,1,0,0,0.648868342,131.842892,2.82428,34769.5,477.0,1.524,4.12,6531.0
2568971,K06278.01,FALSE POSITIVE,1,0,1,0,5.088582739,134.055128,7.6066,448.9,40.3,1.955,4.052,7514.0
4349935,K06403.01,FALSE POSITIVE,1,0,0,0,0.792023257,131.92896,3.2604,176.6,49.6,0.625,4.632,4447.0
4352168,K06404.01,FALSE POSITIVE,0,1,0,0,10.643743766,134.9422857,6.29783,436506.0,3167.9,0.694,4.578,5282.0
4356621,K06405.01,FALSE POSITIVE,0,0,0,1,1.7317958,132.8964,2.924,60.6,10.5,1.508,4.095,5691.0
4357985,K06406.01,FALSE POSITIVE,0,1,0,1,8.65298599,136.67132,1.549,313.8,12.4,0.749,4.538,5210.0
4367544,K06407.01,FALSE POSITIVE,0,1,0,0,1.19563447,131.5506,5.3934,8245.0,105.8,1.413,4.115,5583.0
4372620,K06409.01,CANDIDATE,0,0,0,0,19.9310602,145.7465,8.48,97.9,14.2,2.491,3.775,5500.0
4372961,K06410.01,FALSE POSITIVE,0,1,0,0,2.53470797,132.88117,20.143,328.2,99.5,2.254,3.874,6440.0
5119143,K06527.01,FALSE POSITIVE,1,0,0,0,0.530799654,131.68727,3.487,318.5,12.5,1.622,4.128,6534.0
5164794,K06531.01,FALSE POSITIVE,1,0,1,0,1.0429419,131.966,7.22,412.0,40.9,1.0,4.438,5780.0
5171707,K06532.01,CANDIDATE,0,0,0,0,0.813998812,132.1244,0.675,183.4,13.7,0.989,4.424,5705.0
6068947,K06661.01,FALSE POSITIVE,0,1,0,0,0.573036404,120.5159138,1.3176,4174.5,419.6,1.196,4.29,5745.0
6103049,K06662.01,FALSE POSITIVE,0,1,0,0,0.643171495,131.8893076,2.31285,41160.0,641.4,0.989,4.387,5899.0
6109688,K06663.01,FALSE POSITIVE,0,1,0,0,14.086776961,140.287018,10.1279,106837.0,1856.9,1.89,4.062,7138.0
6128141,K06665.01,FALSE POSITIVE,0,1,0,0,1.872620976,132.727701,1.7626,1530.6,181.9,1.004,4.427,6031.0
6131659,K06667.01,FALSE POSITIVE,0,1,0,0,17.527826808,144.5700534,5.78491,347519.0,2450.1,0.732,4.579,5079.0
6953219,K06797.01,FALSE POSITIVE,0,0,1,1,0.566802325,131.79626,1.842,288.4,70.3,0.824,4.489,5233.0
6962018,K06799.01,FALSE POSITIVE,0,1,0,0,0.634946497,132.074576,2.40541,426554.0,541.4,0.737,4.567,4446.0
6965293,K06800.01,FALSE POSITIVE,0,1,0,0,5.077746556,134.63539,3.1718,18836.7,616.9,1.271,4.235,6174.0
6967430,K06801.01,FALSE POSITIVE,0,0,0,1,2.00383703,132.8086,3.473,42.3,10.5,1.028,4.439,6045.0
7009828,K06802.01,FALSE POSITIVE,0,1,0,0,5.321224925,135.125071,7.48973,98872.1,1203.4,0.758,4.544,5787.0
7025851,K06803.01,FALSE POSITIVE,0,1,0,0,2.340534383,132.74718,4.43017,241360.0,881.5,1.136,4.349,6300.0
7870250,K06926.01,FALSE POSITIVE,1,0,1,1,0.580724809,131.72956,1.82,64.2,16.9,0.933,4.492,5989.0
7885518,K06928.01,FALSE POSITIVE,0,0,1,0,1.72933255,132.5413,3.631,29.7,17.1,1.211,4.22,5921.0
7885570,K06929.01,FALSE POSITIVE,0,1,0,0,1.729338354,132.536976,6.8524,140158.0,379.7,2.553,3.754,5587.0
7886329,K06930.01,FALSE POSITIVE,1,0,0,0,0.567493852,131.9916219,1.35349,7984.0,1219.8,1.548,4.053,6370.0
7902204,K06931.01,CANDIDATE,0,0,0,0,2.54031121,133.77849,1.83,173.3,10.1,0.911,4.531,5778.0
7919653,K06932.01,FALSE POSITIVE,0,1,0,0,2.105238039,132.675463,5.23595,94675.0,1071.9,1.885,3.943,5947.0
7938468,K06933.01,FALSE POSITIVE,0,1,0,0,7.226944171,136.163008,23.0124,682175.0,3076.6,1.36,4.199,6270.0
8566113,K07061.01,CANDIDATE,0,0,0,0,1.371587993,131.80506,12.901,456.1,43.3,1.604,4.154,7045.0
8574270,K07063.01,FALSE POSITIVE,0,1,0,0,15.120212531,139.6966549,3.50007,24616.5,928.2,0.725,4.554,5232.0
8581658,K07064.01,FALSE POSITIVE,0,1,0,0,3.481657589,134.1835162,4.75315,347012.0,7428.7,1.291,4.191,6225.0
8590527,K07065.01,FALSE POSITIVE,0,1,0,0,0.739769962,131.9671179,1.95901,20729.3,726.2,1.847,3.947,6465.0
8604993,K07066.01,FALSE POSITIVE,0,1,0,0,6.570421193,134.01948,4.4698,60118.0,712.6,0.908,4.484,5812.0
8608490,K07067.01,FALSE POSITIVE,0,1,0,0,0.541405029,131.933523,2.7481,327656.0,541.2,1.782,3.889,5096.0
9579789,K07193.01,FALSE POSITIVE,0,0,1,1,2.17814186,132.02946,1.988,127.7,11.2,0.84,4.506,5101.0
9592855,K07196.01,FALSE POSITIVE,1,0,0,1,0.609662423,131.946514,4.24033,140917.0,3250.1,2.274,3.964,7498.0
9596064,K07197.01,CANDIDATE,0,0,0,0,1.74145041,132.0107,1.712,370.6,10.9,0.764,4.598,5238.0
9596187,K07198.01,FALSE POSITIVE,0,1,0,0,0.953299962,131.699309,1.69478,2236.6,298.0,1.02,4.407,6183.0
9597095,K07200.01,FALSE POSITIVE,0,1,0,0,2.745640575,131.707795,3.04508,45264.7,918.0,1.0,4.438,5780.0
10450504,K07327.01,CANDIDATE,0,0,0,0,17.9908273,141.92539,1.436,660.0,10.9,0.752,4.546,4918.0
10454401,K07328.01,FALSE POSITIVE,0,1,0,0,12.180721266,139.3460044,4.15602,414950.0,1809.8,0.882,4.538,5750.0
10468514,K07331.01,FALSE POSITIVE,0,1,0,0,0.84986054,132.0547,1.3875,6571.5,100.1,1.676,3.949,5164.0
10471113,K07332.01,FALSE POSITIVE,0,0,1,0,0.933728196,131.5336,3.441,67.7,13.3,1.032,4.43,6170.0
10481054,K07333.01,FALSE POSITIVE,0,0,0,1,2.03742712,131.5592,3.939,36.0,11.4,1.358,4.215,6356.0
10486425,K07334.01,FALSE POSITIVE,0,1,0,0,5.274819905,136.708908,4.6688,108965.0,902.5,1.834,4.111,7247.0
11560447,K07458.01,FALSE POSITIVE,0,1,0,0,0.527678272,131.8133693,2.33166,247744.0,706.1,1.475,4.069,5321.0
11616200,K07462.01,FALSE POSITIVE,0,1,0,0,1.718649321,132.21092,3.94095,190567.0,833.4,0.865,4.541,6071.0
11616631,K07463.01,FALSE POSITIVE,1,0,1,1,7.2949175,136.0798,41.04,182.8,18.9,0.731,4.614,5289.0
11616663,K07464.01,FALSE POSITIVE,1,0,1,1,7.2935801,136.2546,40.02,124.5,26.6,0.951,4.509,5900.0
2570505,K06279.01,FALSE POSITIVE,0,0,1,1,1.89129338,132.6698,5.677,33.8,15.1,0.733,4.558,4986.0
2570767,K06280.01,FALSE POSITIVE,0,0,1,1,1.89124453,132.6958,5.08,31.0,19.4,1.977,3.72,5850.0
2580872,K06283.01,FALSE POSITIVE,1,0,0,0,15.926632768,145.5519669,7.42888,271858.0,2278.9,0.917,4.471,5496.0
2583777,K06284.01,FALSE POSITIVE,0,1,1,0,0.958116585,132.052919,2.3496,2374.1,296.0,1.365,4.147,6032.0
2708156,K06286.01,FALSE POSITIVE,0,1,0,0,1.891268461,132.6833032,8.24958,641910.0,4211.8,4.662,3.642,11287.0
2708172,K06287.01,FALSE POSITIVE,0,0,1,1,1.89114441,132.7545,8.724,49.9,16.7,0.627,4.637,4267.0
4380283,K06412.01,FALSE POSITIVE,0,1,0,0,0.872359598,132.0311474,3.74512,267053.0,1063.2,1.048,4.391,6240.0
4445630,K06414.01,FALSE POSITIVE,0,1,0,0,5.627911313,133.1491782,7.08223,434329.0,2890.7,1.115,4.361,6280.0
4446411,K06415.01,FALSE POSITIVE,0,0,1,0,0.62927655,132.015321,0.9698,839.5,30.9,0.976,4.388,5628.0
4454219,K06416.01,FALSE POSITIVE,0,1,0,0,1.22578134,131.6062,2.235,99376.0,86.8,1.0,4.438,5780.0
4456622,K06417.01,FALSE POSITIVE,0,1,0,0,0.751408792,131.948266,2.2974,17481.0,267.3,0.903,4.46,5697.0
4482738,K06418.01,FALSE POSITIVE,1,0,1,1,0.866344816,132.06358,1.9188,233.6,46.5,4.527,3.055,4936.0
4484312,K06419.01,FALSE POSITIVE,0,0,0,1,2.24294107,133.47862,2.532,39.4,12.1,1.184,4.195,6082.0
5174920,K06535.01,FALSE POSITIVE,1,0,0,0,0.950487062,131.73468,2.9283,11.5,15.4,3.385,3.698,8107.0
5181455,K06536.01,FALSE POSITIVE,0,1,0,0,5.579631021,133.5534687,3.38646,118321.0,1268.7,1.022,4.427,6188.0
5196851,K06539.01,FALSE POSITIVE,1,0,0,0,0.541396363,131.5974,2.384,181.0,20.4,1.489,4.212,7118.0
5199978,K06540.01,FALSE POSITIVE,0,1,1,0,0.550509602,131.86731,1.1836,123.5,24.0,4.529,3.169,4891.0
5211470,K06541.01,FALSE POSITIVE,0,1,0,0,2.404293523,132.755943,4.4649,8150.9,471.2,17.032,2.204,4697.0
6152521,K06670.01,FALSE POSITIVE,1,0,0,0,0.94895231,131.85772,3.952,57.7,18.1,3.067,3.666,6661.0
6185717,K06671.01,FALSE POSITIVE,0,1,0,0,11.702203927,139.4312652,2.75173,28998.7,2184.7,2.133,3.793,6148.0
6187508,K06672.01,CANDIDATE,0,0,0,0,2.28494301,132.92343,1.01,161.8,10.6,0.789,4.571,5396.0
6205460,K06673.01,FALSE POSITIVE,0,1,0,0,3.722775537,136.515472,14.3309,107594.0,864.9,2.592,3.678,5425.0
6206751,K06674.01,FALSE POSITIVE,0,1,0,0,1.245342215,132.220019,4.40308,234086.0,1178.5,1.476,4.25,6967.0
6207053,K06675.01,FALSE POSITIVE,0,1,1,0,0.604755462,131.84831,1.3741,334.5,40.3,0.726,4.616,4842.0
6220470,K06677.01,FALSE POSITIVE,0,1,0,0,8.144135648,136.5054788,8.88876,87880.8,6113.7,1.862,4.123,7605.0
7031132,K06804.01,FALSE POSITIVE,1,0,0,1,0.566795196,131.80925,2.18,14.8,13.1,0.908,4.516,5680.0
7031732,K06805.01,FALSE POSITIVE,0,1,1,1,0.566798827,131.81946,3.662,34.9,21.9,0.889,4.473,5548.0
7031767,K06806.01,FALSE POSITIVE,1,0,1,1,0.56678012,131.8499,3.257,27.6,13.5,0.911,4.506,5674.0
7031948,K06807.01,FALSE POSITIVE,1,0,1,1,0.566800113,131.81731,3.315,104.0,18.1,0.526,4.721,3844.0
7031992,K06808.01,FALSE POSITIVE,1,0,1,1,0.56679293,131.83103,3.814,101.1,22.1,0.853,4.551,5812.0
7032117,K06809.01,FALSE POSITIVE,1,0,0,1,0.566809491,131.79695,3.156,69.5,21.0,0.654,4.611,4987.0
7032174,K06810.01,FALSE POSITIVE,0,0,0,1,0.566799218,131.81553,4.227,18.2,19.2,1.753,3.893,6108.0
7032383,K06811.01,FALSE POSITIVE,1,0,1,1,0.566797404,131.83652,4.109,69.4,18.8,0.784,4.51,5313.0
7943535,K06935.01,FALSE POSITIVE,0,1,0,0,4.719336335,133.514832,2.83787,12367.1,632.4,2.058,3.971,6792.0
7947631,K06936.01,FALSE POSITIVE,0,1,0,0,1.258274109,132.7042523,1.92467,14159.9,669.1,0.587,4.669,4937.0
7950775,K06937.01,FALSE POSITIVE,0,1,0,0,8.966610607,138.5745618,4.01883,59618.5,2049.1,1.132,4.351,6480.0
7955301,K06938.01,FALSE POSITIVE,0,1,0,0,15.32763411,134.92291,6.0662,17749.0,117.0,6.784,2.987,4830.0
7960295,K06939.01,FALSE POSITIVE,0,1,0,0,2.10413487,132.63638,4.2269,321239.0,86.4,1.0,4.438,5780.0
7960547,K06940.01,FALSE POSITIVE,0,1,0,0,6.767341062,135.2655184,4.49213,244952.0,3356.8,0.843,4.513,5926.0
7967100,K06941.01,FALSE POSITIVE,0,1,1,0,1.92730001,132.36067,18.812,6177.1,351.1,1.11,4.352,6057.0
8618226,K07070.01,FALSE POSITIVE,0,1,0,0,5.882036054,131.7687637,5.16326,238518.0,2168.4,1.187,4.282,5837.0
8621026,K07071.01,FALSE POSITIVE,0,1,0,0,4.059428737,133.1885651,5.26926,245217.0,5461.0,1.33,4.281,6610.0
8690001,K07075.01,FALSE POSITIVE,1,0,0,0,19.35954117,134.25201,12.8464,386979.0,3590.2,1.567,3.96,6198.0
8693536,K07076.01,CANDIDATE,0,0,0,0,16.2347636,139.9705,4.2,115.5,10.7,1.188,4.371,6478.0
9597854,K07201.01,FALSE POSITIVE,0,0,1,0,1.287097944,132.37957,1.94,106.1,12.3,0.852,4.494,5906.0
9630640,K07204.01,FALSE POSITIVE,1,0,0,0,3.661895766,132.5316735,35.6374,35477.1,291.7,1.589,4.101,6793.0
9635520,K07205.01,CANDIDATE,0,0,0,0,2.3518268,134.352,5.797,576.6,24.5,1.426,4.14,5445.0
9635529,K07206.01,FALSE POSITIVE,0,1,0,0,2.35195525,131.9168815,5.98883,212828.0,1819.1,1.225,4.324,6550.0
9637299,K07207.01,FALSE POSITIVE,0,1,0,0,1.882438182,132.7396834,3.50695,344205.0,2051.3,1.213,4.211,6322.0
10490960,K07335.01,FALSE POSITIVE,1,0,0,0,5.682410334,133.6376552,5.33373,220418.0,2041.6,1.196,4.278,5897.0
10491031,K07336.01,FALSE POSITIVE,0,1,0,0,2.199069234,133.0633498,6.30646,225250.0,5915.4,1.925,4.014,6613.0
10535807,K07337.01,FALSE POSITIVE,0,1,0,0,1.481655821,132.699429,3.4913,59134.0,554.4,1.174,4.307,6478.0
10547685,K07340.01,FALSE POSITIVE,0,1,1,0,1.388509353,131.786298,2.84811,37637.5,454.6,1.13,4.315,6075.0
10549576,K07341.01,FALSE POSITIVE,0,1,0,0,9.089355023,139.083714,6.4006,101478.0,756.4,2.015,4.051,7675.0
10552700,K07342.01,FALSE POSITIVE,1,0,0,0,0.94808587,131.93348,8.03,229.8,145.3,2.856,3.798,6875.0
11619964,K07466.01,FALSE POSITIVE,0,1,0,0,10.368552685,132.718439,4.37878,153233.0,3170.1,0.944,4.418,5855.0
11651105,K07468.01,FALSE POSITIVE,1,0,0,0,13.8602646,139.4033,74.26,481.1,72.3,0.796,4.535,5667.0
11662440,K07469.01,FALSE POSITIVE,0,1,0,0,13.639480425,144.531439,3.12422,81103.0,664.1,0.846,4.517,5461.0
11704044,K07472.01,FALSE POSITIVE,0,1,0,0,6.882686062,134.052302,5.47323,373662.0,2842.2,0.948,4.483,5704.0
11706658,K07473.01,FALSE POSITIVE,0,1,0,0,1.407937865,132.26921,1.585,50793.0,137.3,0.741,4.564,4627.0
2708445,K06288.01,FALSE POSITIVE,0,0,1,1,1.89117723,132.7285,6.986,176.2,17.4,6.86,2.66,5086.0
2711114,K06290.01,FALSE POSITIVE,0,1,0,0,1.429439352,132.74659,2.424,3367.1,292.0,1.371,4.223,6491.0
2720354,K06292.01,FALSE POSITIVE,0,1,0,0,2.821328194,131.680097,5.02692,64776.0,1227.3,1.506,4.121,6701.0
2852560,K06294.01,FALSE POSITIVE,1,0,0,0,11.961308501,131.9131819,4.6414,310679.0,1907.8,0.785,4.587,5564.0
4484356,K06420.01,FALSE POSITIVE,0,1,0,0,0.572079631,132.0189884,2.27811,127786.0,578.2,0.639,4.625,5233.0
4544623,K06423.01,FALSE POSITIVE,0,1,1,1,2.189097,132.0841,5.768,3001.0,13.5,0.406,4.848,3624.0
4565985,K06424.01,FALSE POSITIVE,0,1,0,0,17.51191534,134.39065,5.678,728.8,41.0,20.888,1.786,4029.0
4574310,K06427.01,FALSE POSITIVE,0,1,0,0,1.306220168,132.1122056,5.14519,481370.0,2019.4,1.124,4.238,6600.0
5216727,K06543.01,FALSE POSITIVE,0,1,1,0,0.756511623,131.9298652,2.81832,41596.1,845.0,1.417,4.199,6343.0
5218014,K06544.01,FALSE POSITIVE,0,1,0,0,10.845286549,138.334343,4.3876,7473.8,416.1,7.023,3.094,5096.0
5266937,K06547.01,FALSE POSITIVE,0,1,0,0,5.917085496,132.900327,23.7545,563292.0,1331.5,0.987,4.383,5661.0
5269407,K06548.01,FALSE POSITIVE,0,1,0,0,0.958871144,131.6864267,2.74361,232350.0,1191.2,0.892,4.425,5530.0
5272571,K06550.01,FALSE POSITIVE,0,0,1,1,1.288046428,132.00088,3.637,32.3,20.3,3.871,3.287,5216.0
6228703,K06678.01,FALSE POSITIVE,0,1,0,0,4.200206781,134.6578,5.21948,82364.4,943.7,1.923,4.051,6873.0
6231401,K06679.01,FALSE POSITIVE,0,1,0,0,6.091954982,137.5877592,3.60482,36700.0,1508.7,0.913,4.424,6063.0
6283224,K06682.01,FALSE POSITIVE,1,0,0,0,0.76647343,132.034804,2.46345,199901.0,545.0,0.722,4.594,5297.0
6285094,K06683.01,FALSE POSITIVE,0,0,1,1,5.2439783,132.6829,10.1,93.5,13.1,0.956,4.481,6029.0
6285396,K06684.01,FALSE POSITIVE,1,0,1,1,5.2436639,132.6741,10.53,93.5,10.4,0.862,4.537,6212.0
6285397,K06685.01,FALSE POSITIVE,0,0,0,1,5.2438269,132.6874,8.235,128.6,11.3,0.689,4.597,4634.0
7032968,K06812.01,FALSE POSITIVE,0,0,0,1,0.56678702,131.849,3.074,7.5,11.2,0.999,4.375,6045.0
7033713,K06813.01,FALSE POSITIVE,0,0,1,1,2.19642864,133.4945,4.933,99.5,11.8,0.806,4.576,5376.0
7033748,K06814.01,FALSE POSITIVE,0,1,0,0,2.19635512,133.515028,9.65516,266552.0,2132.0,1.273,4.182,6438.0
7050754,K06816.01,FALSE POSITIVE,0,1,0,0,0.615787196,131.71405,3.067,110.6,23.9,3.075,3.603,6315.0
7097571,K06818.01,FALSE POSITIVE,0,1,0,0,2.213964145,132.565776,6.7598,123355.0,951.4,1.514,4.037,6256.0
7970629,K06942.01,FALSE POSITIVE,0,1,0,0,1.025534511,132.4990072,3.52048,110948.0,3769.0,0.919,4.487,6267.0
7970760,K06943.01,FALSE POSITIVE,0,1,0,0,7.64941291,132.1070518,6.56935,236246.0,9054.7,1.076,4.398,6387.0
7971389,K06944.01,FALSE POSITIVE,0,1,0,0,13.174807933,136.4631739,3.37392,71070.9,1812.6,0.997,4.433,6067.0
7976136,K06945.01,FALSE POSITIVE,0,1,1,0,0.655094658,131.78278,6.159,372.0,59.5,1.012,4.476,6063.0
7985167,K06947.01,FALSE POSITIVE,0,1,0,0,0.692239369,131.584611,2.91121,62962.0,469.2,1.358,4.137,6163.0
7987749,K06948.01,FALSE POSITIVE,0,1,0,0,17.030857558,145.542727,4.24308,77832.4,1947.8,1.423,4.066,5575.0
8701327,K07078.01,FALSE POSITIVE,0,1,0,0,4.254417651,133.8376474,6.55436,294547.0,2074.5,1.235,4.256,6292.0
8711548,K07079.01,FALSE POSITIVE,0,1,0,0,18.778162159,149.6776416,8.1018,488408.0,3788.7,1.71,4.102,6794.0
8719897,K07081.01,FALSE POSITIVE,0,1,0,0,1.575710265,131.692741,6.83787,173954.0,1975.1,4.293,3.35,5017.0
8736245,K07082.01,FALSE POSITIVE,0,1,0,0,2.534740757,133.477837,4.85013,364349.0,675.7,0.781,4.56,5810.0
8739209,K07084.01,FALSE POSITIVE,1,0,0,0,3.6972959,131.753,21.335,19.7,23.6,1.594,4.12,6313.0
8746310,K07085.01,FALSE POSITIVE,0,1,0,0,6.855624762,136.0224296,3.02199,70873.0,1397.7,0.931,4.476,6109.0
9640921,K07210.02,FALSE POSITIVE,0,0,1,1,2.17814513,132.02979,2.321,136.0,13.8,0.949,4.494,6053.0
9641031,K07211.01,FALSE POSITIVE,0,1,0,0,1.089077111,132.024245,3.8834,304072.0,476.6,1.176,4.285,6126.0
9644683,K07214.01,FALSE POSITIVE,1,0,1,1,0.585940879,131.705742,4.6979,1943.6,189.9,0.797,4.583,5459.0
9652166,K07216.01,FALSE POSITIVE,1,0,0,0,0.646523404,131.6881,3.917,25.2,14.2,1.631,4.185,7257.0
10556578,K07343.01,FALSE POSITIVE,0,1,0,0,0.626431697,131.899296,2.0171,37224.0,174.0,0.721,4.56,5134.0
10583181,K07344.01,FALSE POSITIVE,0,1,0,0,2.696354974,132.9926416,5.39585,245988.0,2717.0,1.579,4.08,6472.0
10592163,K07346.01,FALSE POSITIVE,0,1,0,0,14.762889172,133.7747853,6.52705,79329.6,1779.1,1.031,4.354,5691.0
10597164,K07347.01,FALSE POSITIVE,0,0,1,1,4.5638537,133.2096,13.05,71.9,16.8,2.39,3.793,5446.0
10601538,K07348.01,FALSE POSITIVE,0,0,1,1,1.463775066,132.80636,0.953,45.1,12.7,1.651,4.125,6781.0
10601579,K07349.01,FALSE POSITIVE,0,1,0,0,8.098754149,134.775324,5.62354,56616.3,5402.0,1.45,4.16,6328.0
10613718,K07350.01,FALSE POSITIVE,1,0,0,0,0.587938916,132.057929,1.40211,7339.5,563.0,0.74,4.543,5237.0
11724091,K07475.01,FALSE POSITIVE,0,1,0,0,1.559090282,131.7719964,4.95211,226981.0,1315.5,2.624,3.856,7279.0
11757422,K07476.01,FALSE POSITIVE,0,1,1,0,1.81993557,132.52714,2.43,109.1,10.1,0.578,4.668,4205.0
11763910,K07477.01,FALSE POSITIVE,1,0,1,0,0.612888148,131.96372,2.822,43.1,15.9,1.368,4.276,6720.0
11768970,K07478.01,FALSE POSITIVE,0,1,0,0,15.541358818,141.9557755,2.44433,10308.2,773.4,3.54,3.42,5092.0
11773625,K07479.01,CANDIDATE,0,0,0,0,7.1969168,133.4145,4.525,47.1,10.4,1.575,4.045,5530.0
11811454,K07481.01,FALSE POSITIVE,0,1,0,0,2.274628199,132.0170362,4.52648,103972.0,2047.9,1.947,3.914,6389.0
2860594,K06296.01,FALSE POSITIVE,0,1,0,0,5.499941793,132.816764,11.3096,47751.3,814.1,2.634,3.827,7079.0
2860788,K06297.01,FALSE POSITIVE,0,1,0,0,2.629870555,132.067717,6.606,101310.0,1026.0,0.967,4.382,5566.0
2970670,K06299.01,CANDIDATE,0,0,0,0,0.947554749,131.87955,1.097,65.4,12.4,0.84,4.569,5508.0
2973509,K06300.01,FALSE POSITIVE,1,0,0,0,6.62761199,132.5466377,6.15281,227141.0,4355.5,1.333,4.231,6316.0
4665989,K06433.01,FALSE POSITIVE,0,1,0,0,1.124033822,131.62878,5.5728,247561.0,792.9,1.563,4.208,7141.0
4671584,K06434.01,FALSE POSITIVE,0,1,1,0,2.796661168,134.032331,3.3781,2363.8,251.4,1.326,4.146,6331.0
4678171,K06435.01,FALSE POSITIVE,0,1,0,0,15.288709179,132.8060911,5.00366,512474.0,1758.7,0.719,4.577,4464.0
4681152,K06436.01,FALSE POSITIVE,0,1,0,0,1.83592242,132.077813,5.9942,30745.9,1378.9,0.976,4.472,5930.0
5284133,K06552.01,FALSE POSITIVE,0,1,0,0,8.784575777,134.6752148,5.3022,262984.0,4761.5,1.914,4.139,8144.0
5285607,K06553.01,FALSE POSITIVE,0,1,0,0,1.949700508,132.4267375,4.35014,38119.2,2271.0,1.193,4.385,6469.0
5286786,K06554.01,FALSE POSITIVE,0,1,0,0,9.948701373,138.55412,3.2922,2749.5,103.1,0.786,4.517,5152.0
5288543,K06555.01,FALSE POSITIVE,0,1,0,0,3.457078812,131.8058069,5.24058,315517.0,6009.0,1.482,4.182,6526.0
5294739,K06556.01,FALSE POSITIVE,0,1,0,0,3.735993484,135.062493,17.4877,617987.0,1587.7,4.055,3.432,5467.0
5295206,K06557.01,CANDIDATE,0,0,0,0,6.63448023,137.0694,3.603,71.2,10.3,1.225,4.313,6463.0
5298620,K06558.01,FALSE POSITIVE,1,0,1,1,12.4239677,141.676,16.01,162.4,12.8,0.698,4.58,4995.0
5300878,K06559.01,FALSE POSITIVE,0,1,0,0,0.639721284,131.8546732,2.69771,465918.0,1012.9,0.625,4.633,4794.0
6292732,K06686.01,FALSE POSITIVE,0,0,0,1,1.25338826,132.6307,3.828,44.7,14.8,0.942,4.513,5869.0
6307000,K06687.01,CANDIDATE,0,0,0,0,1.002591901,131.65849,1.247,143.2,11.1,0.739,4.574,4893.0
6311637,K06688.01,FALSE POSITIVE,0,1,0,0,1.620813697,132.727367,5.9968,121323.0,680.4,1.177,4.209,5757.0
6364126,K06690.01,FALSE POSITIVE,0,1,1,1,5.2434664,132.7707,18.47,119.4,10.7,0.766,4.574,5047.0
6364195,K06691.01,FALSE POSITIVE,1,0,1,1,5.2439542,132.6525,9.82,143.8,14.2,0.691,4.636,4920.0
6364200,K06692.01,FALSE POSITIVE,0,0,0,1,5.2441517,132.6668,9.69,90.1,10.5,0.925,4.509,6060.0
6364247,K06693.01,FALSE POSITIVE,0,0,1,1,5.2443332,132.6164,11.268,29.9,13.5,0.971,4.489,5952.0
7115200,K06821.01,FALSE POSITIVE,1,0,0,1,0.566801447,131.79977,2.352,16.2,13.8,1.349,4.184,5966.0
7115332,K06822.01,FALSE POSITIVE,1,0,0,1,0.566794934,131.84569,4.399,68.9,21.7,1.049,4.436,6395.0
7115463,K06823.01,FALSE POSITIVE,1,0,1,1,0.566800287,131.815992,3.487,73.9,23.3,0.969,4.486,6075.0
7115597,K06824.01,FALSE POSITIVE,1,0,0,1,0.566791946,131.8145,2.77,125.7,14.1,0.97,4.5,5836.0
7115878,K06825.01,FALSE POSITIVE,1,0,1,1,0.566790294,131.83481,3.641,64.0,22.6,1.093,4.358,6100.0
7116043,K06826.01,FALSE POSITIVE,0,0,1,1,0.566799725,131.8211,4.097,46.7,12.5,1.132,4.297,5576.0
7116226,K06827.01,FALSE POSITIVE,1,0,0,1,0.566801325,131.82499,4.176,92.1,26.4,1.021,4.454,6273.0
8008128,K06950.01,FALSE POSITIVE,0,1,0,0,14.854415674,136.5597829,5.13753,77410.4,2822.1,1.022,4.444,6214.0
8013289,K06952.01,FALSE POSITIVE,1,0,0,0,10.643110689,140.1691798,88.1118,316.3,153.7,1.473,4.084,5930.0
8016214,K06953.01,FALSE POSITIVE,0,1,0,0,1.587485742,132.138538,7.7489,246568.0,996.8,0.821,4.566,5863.0
8016692,K06954.01,CANDIDATE,0,0,0,0,6.613671,136.4964,4.211,32.8,10.2,1.597,4.071,6056.0
8027902,K06955.01,FALSE POSITIVE,1,0,0,0,1.79621807,131.54732,10.16,47.0,42.0,2.09,3.988,7117.0
8042644,K06957.01,CANDIDATE,0,0,0,0,1.48062814,131.51535,2.898,62.5,10.3,0.937,4.499,6187.0
8081389,K06958.01,FALSE POSITIVE,0,1,0,0,1.489442254,132.0042975,5.51392,417901.0,2309.2,1.62,4.148,6962.0
8750094,K07086.01,FALSE POSITIVE,1,0,1,0,1.12679793,132.2757,12.079,227.2,21.1,0.84,4.56,5662.0
8758161,K07087.01,FALSE POSITIVE,0,1,0,0,0.998217563,131.8142317,3.90851,87567.2,3979.1,1.755,4.06,6980.0
8767034,K07089.01,FALSE POSITIVE,1,0,1,0,0.58640848,131.55583,2.616,61.3,23.6,0.615,4.676,4556.0
8784288,K07091.01,FALSE POSITIVE,0,1,0,0,1.827558898,132.26554,4.72808,314683.0,920.8,2.077,3.854,5977.0
9652632,K07217.01,FALSE POSITIVE,0,1,0,0,2.488812012,132.1282609,5.94523,131002.0,3290.5,1.497,4.084,6499.0
9658089,K07220.01,CANDIDATE,0,0,0,0,1.057080807,131.69304,1.82,60.6,11.3,0.946,4.487,6000.0
9665503,K07221.01,FALSE POSITIVE,0,1,0,0,11.567974732,137.3409726,5.96595,416030.0,2341.5,0.648,4.669,5290.0
9711751,K07225.01,FALSE POSITIVE,0,1,0,0,0.855763492,132.351325,3.64361,131660.0,598.4,1.326,4.286,6679.0
10619109,K07351.01,FALSE POSITIVE,0,1,0,0,2.045166206,132.3655682,6.84312,263637.0,1488.6,2.135,3.95,7128.0
10646620,K07352.01,FALSE POSITIVE,1,0,0,0,2.41349123,133.5687,11.29,57.0,38.1,2.595,3.783,6628.0
10661913,K07355.01,FALSE POSITIVE,0,1,1,1,1.23133063,131.82495,3.7,78.9,17.6,0.631,4.63,4237.0
10662021,K07357.01,FALSE POSITIVE,1,0,1,1,1.23140522,131.7715,3.338,51.3,10.8,1.118,4.32,5600.0
11817750,K07482.01,FALSE POSITIVE,0,1,0,0,9.762550001,131.671965,4.87531,41579.9,827.0,1.95,4.055,7199.0
11858541,K07486.01,FALSE POSITIVE,0,1,0,0,5.674353343,135.7548264,4.17722,36484.5,1098.3,1.071,4.303,5594.0
11873166,K07487.01,FALSE POSITIVE,0,1,0,0,0.734426335,131.931739,2.7415,99056.0,429.7,0.997,4.471,6108.0
11873171,K07488.01,FALSE POSITIVE,0,0,1,1,0.734426409,131.92972,1.569,94.1,10.4,1.005,4.458,6406.0
11904704,K07489.01,CANDIDATE,0,0,0,0,0.565713361,131.66357,0.954,86.4,11.6,0.881,4.48,5220.0
3102024,K06304.01,FALSE POSITIVE,0,1,0,0,13.782522208,139.480567,8.27762,248937.0,1524.1,0.668,4.604,5246.0
3110937,K06305.01,FALSE POSITIVE,0,0,1,1,1.89121656,132.7016,5.14,66.8,10.7,0.884,4.438,5741.0
3115480,K06306.01,FALSE POSITIVE,0,1,0,0,3.693702974,135.194906,3.37146,25208.0,568.7,1.396,4.265,6309.0
3120320,K06307.01,FALSE POSITIVE,0,1,0,0,10.265613245,136.4886955,5.67553,150465.0,5640.0,1.423,4.169,5865.0
3127817,K06308.01,FALSE POSITIVE,0,1,0,0,2.163569702,132.936317,7.60963,54518.0,1513.2,1.718,4.04,6425.0
3228740,K06309.01,FALSE POSITIVE,0,1,1,1,0.730956716,132.21412,2.097,27.8,11.2,1.078,4.371,6028.0
3230227,K06311.01,FALSE POSITIVE,0,1,0,0,7.047106212,132.75015,3.16223,69626.0,548.5,2.321,3.973,8162.0
4729553,K06438.01,FALSE POSITIVE,1,0,0,0,0.961292561,121.4629897,4.64294,325530.0,1703.0,1.404,4.188,6300.0
4737302,K06441.01,FALSE POSITIVE,0,1,0,0,9.455586047,133.670388,8.42272,115171.0,1876.9,4.24,3.488,7221.0
4739194,K06442.01,FALSE POSITIVE,0,1,0,0,1.246585716,132.0206985,4.62051,406770.0,2165.3,1.183,4.369,6440.0
4739565,K06443.01,FALSE POSITIVE,0,1,0,1,0.898932836,131.81613,2.437,61.1,22.3,1.872,3.959,5712.0
4740688,K06444.01,FALSE POSITIVE,0,0,1,1,3.45423296,131.71294,2.965,149.8,10.2,0.635,4.662,4186.0
4753988,K06445.01,FALSE POSITIVE,0,1,0,0,7.304451735,135.0252768,4.09326,143628.0,2096.8,0.9,4.523,6024.0
4757331,K06446.01,FALSE POSITIVE,0,1,0,0,1.181046137,132.122922,2.6923,52609.0,324.4,0.692,4.58,5229.0
5306862,K06561.01,FALSE POSITIVE,0,1,0,0,2.025580416,131.864175,4.48448,44998.1,987.8,1.99,3.996,6348.0
5310435,K06564.01,FALSE POSITIVE,0,1,0,0,4.931365987,133.153013,14.7088,255953.0,772.7,2.263,3.835,6562.0
5343976,K06565.01,FALSE POSITIVE,0,1,0,0,4.331392455,134.7274476,3.7278,200403.0,1234.3,0.854,4.472,5655.0
5347784,K06567.01,FALSE POSITIVE,0,1,0,0,9.58405667,138.8710106,6.82752,119630.0,2595.9,2.275,3.813,5605.0
6364294,K06694.01,FALSE POSITIVE,0,0,1,0,5.2436612,132.7337,11.39,88.3,14.5,1.145,4.387,6598.0
6367439,K06695.01,FALSE POSITIVE,0,1,0,1,3.7789374,132.1163,10.767,56.0,15.1,0.605,4.653,5017.0
6367628,K06696.01,FALSE POSITIVE,0,1,0,0,1.88984957,131.910944,19.45,249668.0,401.5,0.716,4.571,5328.0
6386784,K06700.01,FALSE POSITIVE,0,0,0,1,1.99567242,132.87321,3.58,18.0,14.2,1.69,4.063,6773.0
6421188,K06702.01,FALSE POSITIVE,0,1,0,0,16.434352831,136.2884989,5.15682,45699.5,2171.4,1.134,4.322,5963.0
7116236,K06828.01,FALSE POSITIVE,0,1,1,1,0.566793818,131.8298,4.929,100.3,18.3,0.828,4.538,5707.0
7117513,K06829.01,FALSE POSITIVE,0,0,0,1,0.566797474,131.8117,2.708,98.8,12.3,1.007,4.478,6046.0
7117541,K06830.01,FALSE POSITIVE,0,1,1,0,1.585673651,132.013007,3.20763,44116.4,717.5,1.025,4.457,6117.0
7118545,K06831.01,FALSE POSITIVE,0,1,0,0,14.797219157,144.6959608,7.61037,252699.0,7795.3,0.931,4.495,6343.0
7125636,K06832.01,FALSE POSITIVE,0,1,0,0,6.49066214,132.0676273,3.47128,195090.0,1680.0,0.563,4.684,4448.0
7128918,K06833.01,FALSE POSITIVE,0,1,0,0,7.11879848,137.1575204,4.11282,107665.0,1483.2,0.754,4.601,5578.0
8088354,K06959.01,FALSE POSITIVE,0,1,0,0,2.897829967,132.6047388,3.17788,163091.0,1305.8,1.077,4.366,6318.0
8091197,K06960.01,CANDIDATE,0,0,0,0,4.88698386,132.8804,1.127,125.4,10.1,1.009,4.464,6152.0
8094140,K06961.01,FALSE POSITIVE,0,1,0,0,0.706428634,132.1461749,1.75182,372128.0,1066.7,0.736,4.569,4429.0
8094221,K06962.01,FALSE POSITIVE,0,1,0,0,10.8632531,141.6569,37.68,188.2,25.4,0.914,4.516,5896.0
8097825,K06963.01,FALSE POSITIVE,0,1,0,0,1.46842648,132.165432,6.6666,150998.0,622.8,0.959,4.381,5539.0
8098300,K06964.01,FALSE POSITIVE,0,1,0,0,4.305917719,132.3501939,5.61993,361389.0,6104.8,1.037,4.44,6502.0
8104436,K06967.01,FALSE POSITIVE,0,1,1,1,2.535389624,133.38659,2.902,418.1,27.3,0.706,4.629,5488.0
8822585,K07095.01,FALSE POSITIVE,1,0,0,0,1.627538928,131.91531,5.583,39.0,29.9,2.088,3.934,6854.0
8823397,K07096.01,FALSE POSITIVE,0,1,0,0,1.506503686,132.9914262,5.02151,477104.0,3289.1,2.352,4.026,8751.0
8841616,K07097.01,FALSE POSITIVE,0,1,0,0,1.679585725,131.5600829,7.34648,101786.0,1884.3,0.554,4.7,4462.0
8845221,K07098.01,FALSE POSITIVE,0,1,0,0,5.40346248,133.7451943,7.6494,261346.0,2851.3,1.984,3.921,6350.0
8848104,K07100.01,FALSE POSITIVE,0,1,0,0,0.824851807,131.6271509,1.93637,30099.2,642.2,1.654,3.903,5658.0
8868657,K07102.01,FALSE POSITIVE,0,1,1,1,4.4473549,133.8362,18.99,203.6,25.9,0.764,4.597,5531.0
9762514,K07227.01,FALSE POSITIVE,0,0,1,1,7.51509713,138.09408,2.62,187.1,10.1,0.696,4.63,4867.0
9762519,K07228.01,FALSE POSITIVE,0,1,0,0,7.51514595,138.0800379,3.54486,117463.0,1676.8,0.777,4.516,5624.0
9777062,K07229.01,FALSE POSITIVE,0,1,0,0,19.230038188,132.5814956,7.04412,266180.0,7232.1,2.916,3.844,7703.0
9790965,K07231.01,FALSE POSITIVE,1,0,0,0,0.82206761,132.243022,3.8281,26189.8,486.3,1.921,3.962,6531.0
9790965,K07231.02,CANDIDATE,0,0,0,0,4.74701479,133.33305,2.464,3622.0,10.1,1.921,3.962,6531.0
10665749,K07359.01,CANDIDATE,0,0,0,0,4.237447181,135.17679,0.3792,350.1,11.1,0.993,4.425,5993.0
10670112,K07360.01,CANDIDATE,0,0,0,0,4.0953585,135.7884,44.35,226.8,60.2,1.7,4.094,6839.0
10685175,K07362.01,FALSE POSITIVE,1,0,0,0,3.10197712,133.78902,7.083,124.6,63.3,1.797,4.232,8709.0
10686876,K07363.01,FALSE POSITIVE,0,1,0,0,2.618414643,134.044367,4.99923,200864.0,3260.0,2.361,3.96,8143.0
10686930,K07364.01,FALSE POSITIVE,0,0,1,1,2.61844178,134.03782,3.203,45.1,12.7,3.293,3.502,5088.0
10711913,K07365.01,FALSE POSITIVE,0,1,0,0,19.407958161,135.3915368,6.09676,142059.0,2506.6,0.799,4.485,5702.0
10732401,K07366.01,FALSE POSITIVE,1,0,0,1,0.933747375,131.5199,5.974,198.9,35.9,1.024,4.454,6224.0
11913052,K07491.01,FALSE POSITIVE,0,0,1,1,3.74785307,134.17465,3.444,145.9,17.0,7.7,3.001,4929.0
11913071,K07492.01,FALSE POSITIVE,0,1,0,0,3.747835042,134.1877331,5.28519,188923.0,6016.2,3.065,3.769,8529.0
11918482,K07493.01,FALSE POSITIVE,0,1,0,0,0.94754848,132.266431,1.7347,11348.0,44.7,0.2,5.087,3246.0
11922782,K07495.01,FALSE POSITIVE,0,1,0,0,1.756466865,132.030299,4.7781,188219.0,541.9,1.465,4.077,5726.0
3241619,K06312.01,FALSE POSITIVE,0,1,0,0,1.703347524,132.4680448,3.3039,504406.0,1288.0,0.648,4.657,5325.0
3248332,K06317.01,FALSE POSITIVE,1,0,0,0,7.363572395,138.70442,5.7545,129696.0,224.9,1.508,4.208,6793.0
4758350,K06447.01,FALSE POSITIVE,0,1,0,0,1.120997701,131.48486,11.243,145.6,58.1,4.845,3.373,6720.0
4758368,K06448.01,FALSE POSITIVE,0,1,0,0,1.874967748,132.701553,10.0159,31525.9,1566.6,18.328,2.232,4588.0
4764969,K06450.01,CANDIDATE,0,0,0,0,0.602277579,131.5303,2.38,34.6,26.7,1.228,4.256,6510.0
4768756,K06451.01,FALSE POSITIVE,0,0,1,1,2.40440112,133.1975,5.49,27.1,16.7,0.769,4.55,5433.0
5359678,K06569.01,FALSE POSITIVE,0,1,0,0,3.115304946,133.1240488,4.88748,149524.0,1398.8,1.087,4.419,6367.0
5385647,K06572.01,FALSE POSITIVE,0,1,0,1,12.4269264,141.4499,21.826,126.6,28.3,1.505,4.044,5349.0
5385667,K06573.01,FALSE POSITIVE,1,0,1,1,12.4261809,141.5307,29.09,92.2,39.0,1.432,4.106,5948.0
5388229,K06574.01,FALSE POSITIVE,1,0,0,0,0.61810542,131.74488,6.666,12264.0,118.7,0.949,4.403,5371.0
5389184,K06575.01,FALSE POSITIVE,0,0,1,0,1.06995136,132.30469,1.322,54.8,10.8,1.221,4.274,5869.0
6421483,K06703.01,FALSE POSITIVE,0,1,0,0,2.158398259,131.894054,8.1633,93038.0,217.0,1.946,3.778,5210.0
6423922,K06705.01,CANDIDATE,0,0,0,0,0.9951412,131.5268,5.588,101.7,17.6,0.109,5.364,3325.0
6437993,K06708.01,FALSE POSITIVE,1,0,0,0,1.39797542,131.6767,9.06,43.2,15.5,0.761,4.536,5074.0
6443392,K06710.01,FALSE POSITIVE,1,0,0,0,0.776976021,132.2745574,1.95401,21245.0,1582.9,1.042,4.423,5999.0
7137798,K06836.01,FALSE POSITIVE,0,1,0,0,2.25353739,132.486708,5.74622,182828.0,904.8,1.662,4.119,6951.0
7177553,K06837.01,FALSE POSITIVE,0,1,0,0,17.99646148,139.5431461,4.65638,62755.2,1951.8,2.249,3.788,5684.0
7177892,K06838.01,FALSE POSITIVE,0,1,0,0,1.386249249,132.742206,2.99104,47187.6,560.0,1.594,4.135,6226.0
7198648,K06840.01,FALSE POSITIVE,1,0,0,1,0.566799833,131.64094,5.543,198.0,54.0,0.789,4.584,5488.0
7199935,K06841.01,FALSE POSITIVE,1,0,1,1,0.566795728,131.8148,2.79,18.9,12.4,1.393,4.151,6130.0
7200102,K06842.01,FALSE POSITIVE,0,1,0,0,14.665759784,139.5741023,3.65814,336981.0,1143.6,1.002,4.369,5385.0
7200225,K06843.01,FALSE POSITIVE,1,0,1,1,0.566780836,131.8749,4.937,60.9,18.7,0.962,4.493,5949.0
8111622,K06968.01,FALSE POSITIVE,0,1,0,0,15.44605962,145.5341274,4.5963,330907.0,2025.2,0.897,4.529,5838.0
8112013,K06969.01,FALSE POSITIVE,0,1,0,0,1.790518325,132.9384734,3.34624,61541.9,2493.3,1.219,4.319,6586.0
8128965,K06974.01,FALSE POSITIVE,0,1,0,0,7.140373046,138.008012,7.07032,205256.0,3250.0,1.333,4.168,5945.0
8878681,K07103.01,FALSE POSITIVE,0,1,0,0,2.496328637,132.2054088,2.73115,20527.0,1412.4,2.615,3.842,6757.0
8879427,K07104.01,FALSE POSITIVE,0,1,0,0,16.31328124,136.853981,4.45731,71589.0,982.3,1.006,4.44,6008.0
8879915,K07105.01,FALSE POSITIVE,0,1,0,0,1.721313779,132.5318957,3.54768,534625.0,742.8,1.073,4.371,5960.0
8881169,K07106.01,CANDIDATE,0,0,0,0,5.01880305,132.25191,1.823,98.7,10.3,1.083,4.398,6220.0
8890996,K07107.01,FALSE POSITIVE,0,1,0,1,1.50650745,132.98683,2.622,27.8,14.4,2.02,4.003,6839.0
8906676,K07108.01,FALSE POSITIVE,0,1,0,0,8.209514329,134.0632157,4.14104,141387.0,6579.3,2.111,3.882,6258.0
8938628,K07109.01,FALSE POSITIVE,0,1,0,0,3.431126546,133.593104,2.7986,40248.0,308.5,0.969,4.349,5815.0
8940961,K07110.01,FALSE POSITIVE,0,1,0,0,1.583334941,132.377894,4.4854,177074.0,368.8,0.953,4.472,5846.0
9821078,K07234.01,FALSE POSITIVE,1,0,0,0,8.429438192,132.2922535,3.94306,456346.0,3072.5,0.68,4.602,4268.0
9850387,K07238.01,FALSE POSITIVE,0,1,0,0,1.374249107,131.662968,5.3181,136655.0,520.3,2.121,3.958,7053.0
9850912,K07239.01,FALSE POSITIVE,0,0,1,1,8.4804737,135.834,6.157,337.0,14.5,0.998,4.471,6092.0
9873869,K07241.01,FALSE POSITIVE,0,1,0,0,4.994773558,136.1744922,4.48893,259761.0,5742.0,1.181,4.271,6253.0
10736223,K07367.01,FALSE POSITIVE,0,1,0,0,1.105094098,132.5461998,4.38191,730498.0,3732.8,2.927,3.773,8011.0
10743600,K07369.01,FALSE POSITIVE,0,1,0,0,0.8170226,132.022858,2.974,167696.0,240.1,1.0,4.438,5780.0
10753734,K07371.01,FALSE POSITIVE,0,1,0,0,19.40669392,149.807826,5.27765,464521.0,1496.8,0.778,4.588,5622.0
10794242,K07372.01,FALSE POSITIVE,0,1,0,0,7.143708297,137.8041949,5.83451,202685.0,2368.6,0.992,4.386,5655.0
10794405,K07373.01,FALSE POSITIVE,0,1,1,1,0.952377862,132.335117,4.0869,2122.3,390.8,0.863,4.524,5662.0
10809677,K07374.01,FALSE POSITIVE,0,1,0,0,3.521050679,134.218545,3.5323,4879.8,337.2,6.619,3.109,5149.0
10812541,K07375.01,CANDIDATE,0,0,0,0,4.84847245,131.90954,0.874,554.7,11.4,0.647,4.625,4137.0
11967004,K07499.01,FALSE POSITIVE,0,1,0,0,1.941635737,133.1097354,2.46683,69814.1,1243.7,1.161,4.381,6525.0
11968490,K07500.01,FALSE POSITIVE,0,1,0,0,0.539445498,131.898299,2.2821,25302.2,511.4,1.456,4.174,6486.0
12004679,K07502.01,FALSE POSITIVE,0,1,0,0,2.521245368,132.8563627,4.24027,418375.0,1495.4,0.854,4.486,5605.0
12013615,K07505.01,FALSE POSITIVE,0,1,0,0,8.202869679,138.5109062,7.29811,345937.0,6499.9,1.643,4.059,6060.0
12016243,K07506.01,CANDIDATE,0,0,0,0,11.8436119,138.0037,6.044,199.3,10.4,0.999,4.471,6077.0
12022517,K07507.01,FALSE POSITIVE,0,1,0,0,3.442714533,132.3912568,3.36034,60039.0,964.8,0.861,4.501,5819.0
7037540,K01347.02,FALSE POSITIVE,1,0,0,0,0.858285844,131.87904,1.799,43.4,10.8,1.346,4.196,5945.0
10028792,K01574.04,CANDIDATE,0,0,0,0,8.9772888,133.44748,4.72,97.5,10.3,1.699,3.963,5597.0
4860678,K01602.02,CANDIDATE,0,0,0,0,3.03359398,133.08355,4.026,95.6,12.3,1.616,4.037,5557.0
3327980,K06321.01,FALSE POSITIVE,0,1,0,0,2.115510941,131.99122,7.2877,415163.0,1351.5,2.638,3.883,7563.0
3329643,K06322.01,FALSE POSITIVE,1,0,1,1,1.015044104,131.56407,10.994,158.2,33.6,1.124,4.318,5910.0
3335816,K06323.01,FALSE POSITIVE,0,1,0,0,3.711013336,132.4882537,3.31024,24989.1,757.0,1.247,4.256,6338.0
3337438,K06324.01,FALSE POSITIVE,0,0,1,1,2.97606298,132.9637,4.124,72.2,17.8,6.669,3.158,5321.0
3339538,K06326.01,FALSE POSITIVE,0,1,0,0,14.658013949,140.4756141,3.03316,129645.0,3361.5,1.626,3.986,5146.0
3341934,K06327.01,FALSE POSITIVE,0,1,0,0,18.839487435,137.7695421,5.62797,182722.0,2003.1,1.024,4.454,6208.0
3343866,K06328.01,FALSE POSITIVE,0,0,1,0,0.555973803,131.96589,1.271,75.3,23.3,2.117,3.776,5445.0
4839180,K06456.01,FALSE POSITIVE,0,1,0,0,4.426344495,134.231165,5.84235,276139.0,732.5,1.226,4.277,6228.0
4840263,K06457.01,FALSE POSITIVE,0,1,0,0,0.957823876,132.414882,3.7232,104692.0,454.1,2.033,3.865,5908.0
4840818,K06458.01,FALSE POSITIVE,0,1,0,0,5.024768971,133.120142,3.82433,53046.4,696.5,0.989,4.444,6322.0
4851217,K06460.01,FALSE POSITIVE,0,1,0,0,2.470283788,133.251861,7.8391,193828.0,967.7,2.675,3.885,7823.0
4851338,K06461.01,FALSE POSITIVE,0,0,1,1,1.23516416,131.99301,4.713,64.6,13.0,1.076,4.428,6249.0
4851356,K06462.01,FALSE POSITIVE,0,0,1,1,1.23513471,132.0046,5.44,42.8,12.0,0.997,4.436,5930.0
4862332,K06463.01,FALSE POSITIVE,0,0,1,0,0.8903331,131.5337,2.643,134.1,10.8,18.374,2.437,4981.0
5393558,K06576.01,FALSE POSITIVE,0,1,0,0,10.217121652,137.2457336,4.35647,205223.0,3617.5,1.349,4.196,5931.0
5444392,K06578.01,FALSE POSITIVE,0,1,0,0,0.759764419,131.7927631,5.72501,393266.0,1728.1,1.909,3.93,5807.0
5462901,K06581.01,FALSE POSITIVE,0,1,0,0,5.270733213,136.180853,2.7822,293637.0,553.0,0.678,4.601,4348.0
5471010,K06583.01,FALSE POSITIVE,1,0,1,1,12.4232158,141.7294,17.67,261.5,23.6,0.809,4.577,5497.0
6447326,K06711.01,FALSE POSITIVE,1,0,1,0,4.3206933,131.8905,50.68,147.9,35.7,1.031,4.45,6225.0
6448768,K06712.01,FALSE POSITIVE,0,1,0,0,16.486796364,131.6041706,7.06797,48942.8,3181.5,2.097,3.86,6020.0
6449291,K06713.01,FALSE POSITIVE,0,0,0,1,5.7768734,133.6218,5.762,71.0,10.1,2.162,3.796,5473.0
6452742,K06715.01,FALSE POSITIVE,0,1,0,0,0.687772143,131.8669185,2.56725,40368.3,679.8,0.933,4.413,5885.0
6464285,K06716.01,FALSE POSITIVE,0,1,0,0,0.843651274,131.9478111,2.80468,305452.0,1509.3,0.695,4.578,5220.0
6466939,K06717.01,FALSE POSITIVE,0,1,0,0,1.142946648,131.9010021,3.40234,412554.0,1054.4,0.608,4.651,5058.0
6468938,K06718.01,FALSE POSITIVE,0,1,0,0,7.217010987,135.4523674,4.4215,78713.8,1307.0,1.211,4.246,6047.0
8429014,K07885.01,FALSE POSITIVE,0,0,1,0,9.72869627,140.71571,5.628,252.2,19.1,1.351,4.301,6881.0
7200301,K06844.01,FALSE POSITIVE,1,0,0,1,0.566791802,131.81736,2.2,49.3,15.6,0.887,4.544,5691.0
7203179,K06845.01,FALSE POSITIVE,1,0,0,0,2.245738777,133.2650421,8.61629,483487.0,2121.8,1.312,4.287,6508.0
7203194,K06846.01,FALSE POSITIVE,0,1,1,1,2.24572117,133.26678,3.88,48.2,13.6,1.026,4.455,6158.0
7204073,K06847.01,FALSE POSITIVE,1,0,0,1,0.566801906,131.79673,1.626,89.7,27.0,0.583,4.662,4208.0
7212722,K06848.01,FALSE POSITIVE,0,1,0,0,2.316171991,132.311636,4.03025,251484.0,2338.3,0.795,4.58,5932.0
7217088,K06849.01,CANDIDATE,0,0,0,0,12.54474243,139.58304,1.24,263.1,10.8,1.159,4.316,5767.0
7281217,K06851.01,FALSE POSITIVE,1,0,0,1,0.566810701,131.80761,6.19,200.0,45.9,0.752,4.584,5593.0
7281229,K06852.01,FALSE POSITIVE,1,0,0,0,0.566813319,131.78768,3.752,129.1,17.0,1.03,4.466,6108.0
8145789,K06977.01,FALSE POSITIVE,0,1,0,0,0.835315046,131.9570817,2.45449,16876.4,939.5,0.69,4.584,5009.0
8145958,K06978.01,CANDIDATE,0,0,0,0,3.07551068,134.46857,1.683,46.1,10.1,1.242,4.256,5763.0
8162376,K06982.01,FALSE POSITIVE,0,0,1,1,0.706430188,132.14208,1.301,50.8,11.0,0.568,4.689,5037.0
8953281,K07112.01,FALSE POSITIVE,0,1,0,0,0.78430061,132.23164,2.952,254.7,20.5,0.681,4.589,5176.0
8953426,K07113.01,FALSE POSITIVE,0,1,0,0,2.665875491,131.6187983,7.59461,161389.0,2274.7,1.159,4.351,6234.0
8953475,K07114.01,FALSE POSITIVE,0,0,0,1,2.6658312,131.627,5.771,40.8,12.4,1.353,4.17,6276.0
8957572,K07115.01,FALSE POSITIVE,1,0,0,0,1.5765874,132.4469,15.18,29.2,27.9,3.138,3.688,6742.0
8958811,K07116.01,CANDIDATE,0,0,0,0,2.52557582,133.06586,2.32,35.4,10.7,1.036,4.421,5821.0
9881258,K07242.01,FALSE POSITIVE,0,1,0,0,2.028512246,132.8392103,5.00309,121562.0,1545.8,1.025,4.412,6105.0
9899153,K07243.01,FALSE POSITIVE,0,0,1,1,1.33256167,132.0567,3.743,59.5,13.0,0.828,4.502,4895.0
9899410,K07245.01,FALSE POSITIVE,0,0,1,1,1.332545609,132.05755,3.997,278.2,31.4,16.486,2.435,5154.0
9899421,K07246.01,FALSE POSITIVE,0,0,1,1,1.33256256,132.04698,3.088,174.9,11.9,12.581,2.321,4601.0
9899577,K07247.01,FALSE POSITIVE,0,0,1,1,1.33258981,132.0364,3.987,78.4,16.1,0.763,4.595,5309.0
9899583,K07248.01,FALSE POSITIVE,0,1,1,1,1.33258375,132.0362,4.081,60.9,16.4,0.997,4.471,6108.0
9906489,K07249.01,FALSE POSITIVE,1,0,0,0,8.9648813,137.5394,61.23,454.5,109.9,1.159,4.382,6543.0
10815677,K07376.01,CANDIDATE,0,0,0,0,1.284241817,132.65223,1.965,166.5,13.3,0.919,4.517,5849.0
10816107,K07377.01,FALSE POSITIVE,0,1,0,0,2.161583501,131.80273,4.0537,50163.0,239.2,1.219,4.167,5888.0
10843431,K07378.01,CONFIRMED,0,0,0,0,8.7396758,136.5829,3.866,1431.0,15.6,0.628,4.643,4406.0
12022718,K07508.01,FALSE POSITIVE,0,1,0,0,4.627775175,133.390355,3.4079,5675.1,197.5,0.874,4.541,5845.0
12071006,K07511.01,FALSE POSITIVE,0,1,0,0,6.096030635,135.0308909,18.4531,901661.0,4885.3,2.692,3.867,7598.0
12106875,K07513.01,FALSE POSITIVE,0,0,0,1,5.9371708,135.957,4.954,157.1,10.1,0.923,4.426,5475.0
12157983,K07514.01,FALSE POSITIVE,0,1,1,1,0.577844035,131.88058,4.291,320.4,94.0,0.816,4.57,5693.0
12164751,K07515.01,FALSE POSITIVE,0,1,0,0,2.630090609,132.224741,13.6817,516932.0,1694.6,1.108,4.292,6315.0
10028352,K01957.02,FALSE POSITIVE,0,1,0,0,1.75147897,132.47509,7.89,76.7,68.2,2.037,4.04,6823.0
7620413,K02103.02,CANDIDATE,0,0,0,0,3.66520844,131.50911,3.308,65.8,10.3,1.029,4.389,5579.0
11705004,K02199.02,CANDIDATE,0,0,0,0,3.05293416,132.96692,2.155,227.5,10.1,0.788,4.588,5311.0
3352751,K06330.01,FALSE POSITIVE,0,1,0,0,3.495457889,132.083941,6.9796,114625.0,724.0,1.558,4.249,8529.0
3427776,K06332.01,FALSE POSITIVE,0,1,0,0,4.01668015,134.240703,2.2828,38007.0,87.9,0.794,4.497,5448.0
3437739,K06333.01,FALSE POSITIVE,0,0,1,1,1.89134156,132.6518,5.891,68.4,10.3,1.105,4.41,6387.0
3440230,K06334.01,FALSE POSITIVE,0,1,0,0,2.881100027,134.238752,9.43866,662832.0,3316.5,3.369,3.675,8104.0
3441340,K06335.01,FALSE POSITIVE,0,1,1,0,0.806277023,131.78567,7.275,70.8,37.9,0.996,4.471,6122.0
3448323,K06336.01,FALSE POSITIVE,1,0,1,1,0.513482156,131.75477,2.732,91.6,12.6,0.882,4.495,5495.0
4863753,K06466.01,FALSE POSITIVE,0,0,1,0,1.000012952,131.7614,1.221,36.0,11.9,3.605,3.534,5176.0
4902030,K06467.01,FALSE POSITIVE,0,1,0,0,0.878803439,132.267269,2.74503,410723.0,524.8,0.737,4.566,4524.0
4908495,K06468.01,FALSE POSITIVE,0,1,0,0,1.560158562,132.368518,3.4248,240156.0,459.9,0.749,4.548,4926.0
4914709,K06470.01,FALSE POSITIVE,0,1,0,1,8.65303996,136.66798,1.091,497.0,14.7,0.84,4.528,5301.0
5471141,K06584.01,FALSE POSITIVE,0,1,1,1,12.4253812,141.5493,19.781,115.3,26.8,1.066,4.412,5925.0
5471328,K06585.01,FALSE POSITIVE,1,0,0,1,12.42555999,133.96829,28.083,2964.8,122.0,0.704,4.576,4922.0
5471415,K06586.01,FALSE POSITIVE,1,0,1,1,12.4257442,141.52382,29.122,936.0,49.6,2.193,4.072,8691.0
5471480,K06587.01,FALSE POSITIVE,1,0,1,1,12.4254241,141.5418,24.98,378.9,36.0,0.895,4.529,5853.0
5475712,K06588.01,FALSE POSITIVE,0,1,0,0,2.991884392,134.175892,7.5583,123880.0,1280.3,1.094,4.4,6596.0
5479973,K06589.01,FALSE POSITIVE,0,1,0,0,1.795273026,131.870391,7.3232,125416.0,877.8,1.012,4.456,6363.0
5513822,K06590.01,FALSE POSITIVE,0,0,1,1,0.755109271,131.81838,2.619,23.2,12.9,0.962,4.39,5606.0
5513833,K06591.01,FALSE POSITIVE,1,0,1,1,0.755101141,131.8211,3.371,76.7,13.4,0.207,5.071,3256.0
6471229,K06719.01,FALSE POSITIVE,0,0,0,1,1.75251585,132.7544,3.489,125.9,14.2,0.844,4.554,5952.0
6521174,K06721.01,FALSE POSITIVE,0,0,1,0,8.27923132,133.81711,2.355,164.9,10.9,0.847,4.557,5631.0
6521542,K06722.01,FALSE POSITIVE,0,1,0,0,2.212877035,132.682428,4.66961,376200.0,2731.0,1.0,4.405,6153.0
6522353,K06723.01,FALSE POSITIVE,0,0,1,0,0.845097627,132.12136,1.873,86.5,10.7,0.783,4.593,5252.0
6522750,K06724.01,FALSE POSITIVE,0,1,0,0,17.445640466,135.7462627,6.08966,334158.0,4093.9,0.945,4.481,5759.0
6523216,K06725.01,FALSE POSITIVE,0,1,0,0,14.313157391,138.2205171,8.90236,21566.9,4262.9,2.379,3.703,5750.0
6531485,K06726.01,FALSE POSITIVE,0,1,0,0,0.676990194,131.8017098,1.69459,20505.9,997.0,0.816,4.568,5813.0
7281356,K06853.01,FALSE POSITIVE,1,0,0,0,2.83401711,133.5005,5.938,84.2,11.5,1.002,4.458,6247.0
7281399,K06854.01,FALSE POSITIVE,1,0,0,1,0.566803996,131.80782,3.399,141.6,23.4,0.544,4.722,4373.0
7281616,K06856.01,FALSE POSITIVE,1,0,0,1,0.566799927,131.83464,4.71,145.1,28.9,0.645,4.671,5092.0
7281699,K06857.01,FALSE POSITIVE,1,0,0,1,0.566786121,131.8363,3.404,81.8,14.0,0.846,4.556,5603.0
7282008,K06858.01,FALSE POSITIVE,1,0,1,1,0.56679797,131.841,4.503,72.6,14.0,0.777,4.594,5230.0
7285616,K06859.01,FALSE POSITIVE,0,0,1,1,0.566802891,131.79487,1.861,49.2,14.4,1.748,4.08,6487.0
8178616,K06984.01,FALSE POSITIVE,0,0,0,1,1.01884975,132.0857,3.233,30.9,14.8,0.829,4.568,6068.0
8192861,K06987.01,FALSE POSITIVE,1,0,1,0,0.552141897,131.77199,4.985,105.6,42.8,0.904,4.486,5952.0
8193315,K06988.01,FALSE POSITIVE,0,1,0,0,2.62387291,134.0049825,4.61248,232468.0,2607.6,1.46,4.206,6728.0
8195877,K06989.01,FALSE POSITIVE,1,0,0,0,0.75509861,131.962107,2.6423,60334.0,385.4,1.213,4.206,6038.0
8196180,K06990.01,FALSE POSITIVE,1,0,0,0,3.671661096,132.0909174,4.29947,129243.0,3152.6,1.94,4.02,7343.0
9001468,K07120.01,FALSE POSITIVE,0,1,0,0,17.329965871,142.727156,8.43812,252721.0,1938.7,0.683,4.588,5079.0
9005854,K07121.01,FALSE POSITIVE,0,1,0,0,1.890227354,131.678589,3.855,112262.0,252.0,0.78,4.589,5356.0
9007918,K07122.01,FALSE POSITIVE,0,1,0,0,1.387206724,132.8469146,3.82527,151432.0,1752.6,1.894,4.06,7207.0
9029486,K07126.01,FALSE POSITIVE,0,1,0,0,3.138580493,132.330622,4.16343,233337.0,2387.8,1.083,4.311,5593.0
9913481,K07253.01,FALSE POSITIVE,0,1,0,0,3.50474265,133.319536,8.2852,88625.0,977.2,3.682,3.622,7624.0
9913798,K07254.01,FALSE POSITIVE,0,1,0,0,2.14344093,133.497247,3.9741,133317.0,645.9,0.7,4.624,4817.0
9934208,K07256.01,FALSE POSITIVE,0,1,0,0,9.058487716,137.3378842,4.14334,127971.0,2098.9,0.573,4.671,4340.0
9936698,K07257.01,FALSE POSITIVE,0,1,0,0,2.856085147,133.39298,4.5776,173843.0,422.1,1.526,4.178,6604.0
10867017,K07384.01,FALSE POSITIVE,0,1,1,0,0.876941133,132.26899,1.296,73.5,12.3,0.975,4.485,6018.0
10923260,K07387.01,FALSE POSITIVE,0,1,0,0,7.436016459,136.518226,4.16284,106527.0,742.1,0.933,4.501,6214.0
10924400,K07388.01,FALSE POSITIVE,0,1,1,1,0.750737313,131.82143,1.712,38.8,13.4,0.761,4.602,5151.0
10936427,K07390.01,FALSE POSITIVE,0,1,0,0,14.361021578,138.842986,13.2895,459877.0,2599.0,0.668,4.607,5229.0
10937609,K07391.01,FALSE POSITIVE,0,1,0,0,2.570431263,133.189517,5.49699,76826.0,822.9,0.971,4.473,6244.0
10965963,K07392.01,FALSE POSITIVE,0,1,0,0,6.64024496,132.775862,6.03491,224329.0,2941.0,1.215,4.293,6085.0
12251779,K07517.01,FALSE POSITIVE,0,1,0,0,14.844240386,134.2337694,6.83577,83412.4,4542.8,0.988,4.367,6161.0
12268220,K07518.01,FALSE POSITIVE,0,1,0,0,4.42158021,134.395447,10.4532,61032.0,370.6,3.461,3.65,8026.0
12351927,K07522.01,FALSE POSITIVE,0,1,0,0,10.116144515,139.9824969,2.70314,58143.5,1144.8,0.519,4.737,4717.0
12353633,K07523.01,FALSE POSITIVE,0,1,0,1,0.684496369,131.92125,2.263,28.4,16.3,2.053,3.866,5800.0
12353720,K07524.01,FALSE POSITIVE,0,1,0,0,1.953285321,133.1432,1.67598,1520.3,237.7,3.928,3.501,6450.0
8565912,K07898.01,FALSE POSITIVE,0,1,0,0,1.012174295,131.90835,4.6617,323029.0,596.0,1.716,4.096,6987.0
7778767,K02523.02,CANDIDATE,0,0,0,0,2.61090223,133.25501,1.976,222.5,10.7,1.071,4.345,5514.0
5695396,K00283.03,CANDIDATE,0,0,0,0,9.48814747,139.17907,1.163,47.9,11.1,1.016,4.414,5680.0
6964929,K02756.02,CANDIDATE,0,0,0,0,5.06993245,135.836,3.241,93.6,11.6,0.937,4.506,5957.0
3458919,K06337.01,FALSE POSITIVE,0,1,1,0,0.892061734,131.815603,2.24307,75590.0,398.1,0.855,4.512,5561.0
3542573,K06338.01,FALSE POSITIVE,0,1,0,1,3.471399214,133.7510303,5.07707,92284.9,3230.4,1.689,4.101,6026.0
3543270,K06339.01,FALSE POSITIVE,0,1,0,0,4.176929219,133.197382,5.2003,70355.0,187.0,0.708,4.628,5462.0
3547178,K06342.01,CANDIDATE,0,0,0,0,8.1770751,136.8217,4.608,44.3,10.6,1.209,4.281,6501.0
3556742,K06344.01,FALSE POSITIVE,0,1,1,0,0.823014905,132.160787,3.5426,850.5,130.5,0.724,4.614,4975.0
4932691,K06474.01,FALSE POSITIVE,0,1,0,0,18.11208877,134.713916,6.7828,116633.0,217.7,1.722,4.167,7323.0
4939265,K06475.01,CANDIDATE,0,0,0,0,4.84505985,134.94868,2.078,298.4,10.7,0.714,4.581,4337.0
4940201,K06476.01,FALSE POSITIVE,0,1,0,0,4.408295716,134.280413,3.62479,37964.0,386.1,0.743,4.607,5496.0
4946680,K06477.01,FALSE POSITIVE,0,1,0,0,8.665259912,132.216249,3.1088,1840.6,181.4,2.389,3.796,6071.0
4947726,K06478.01,FALSE POSITIVE,0,1,0,0,4.726086185,132.9230889,4.39793,181820.0,1564.3,0.863,4.547,5873.0
4948863,K06479.01,FALSE POSITIVE,0,1,0,0,8.643550046,139.8333977,3.1273,67298.6,849.3,0.747,4.605,5679.0
5529560,K06593.01,FALSE POSITIVE,0,0,1,1,0.759755409,131.79602,2.734,70.0,15.9,1.071,4.447,6090.0
5530881,K06594.01,FALSE POSITIVE,0,1,0,0,5.082523739,132.9614122,5.04732,276277.0,5286.2,1.145,4.343,6507.0
5534476,K06595.01,FALSE POSITIVE,1,0,0,1,1.02547271,131.6002,1.996,27.0,10.9,1.712,4.114,6862.0
5534702,K06596.01,FALSE POSITIVE,1,0,0,0,1.025465924,131.6091403,3.71841,152685.0,1120.8,1.883,4.041,6700.0
5564082,K06600.01,CANDIDATE,0,0,0,0,2.70581614,132.53726,6.56,46.9,41.8,0.961,4.42,5992.0
6543682,K06728.01,FALSE POSITIVE,0,1,0,1,1.195516859,132.302869,6.17216,513813.0,1153.4,1.0,4.438,5780.0
6545018,K06729.01,FALSE POSITIVE,0,1,0,0,1.995728294,132.839699,6.43532,251876.0,1496.5,0.861,4.455,5807.0
6548447,K06730.01,FALSE POSITIVE,1,0,0,0,10.768391927,137.679347,12.5252,107382.0,2085.7,1.643,3.97,5226.0
6584167,K06732.01,FALSE POSITIVE,1,0,0,0,0.733724504,132.02461,2.208,45.9,21.4,1.405,4.099,6175.0
6584278,K06733.01,CANDIDATE,0,0,0,0,1.28940823,132.0764,3.652,32.1,10.3,4.189,3.465,5826.0
6591789,K06735.01,FALSE POSITIVE,0,1,0,0,5.08840787,134.3553111,4.77204,386682.0,3095.0,0.791,4.583,5618.0
6593363,K06736.01,FALSE POSITIVE,0,1,0,0,18.527824075,139.2576071,5.88678,76231.1,5547.2,2.321,3.793,6154.0
7336754,K06861.01,FALSE POSITIVE,0,1,0,0,12.155241119,133.7671874,6.84353,85531.5,1767.8,0.932,4.413,5761.0
7350067,K06863.01,CONFIRMED,0,0,0,0,4.48559215,135.43172,0.8161,2265.0,15.0,0.193,5.097,3236.0
7362534,K06864.01,FALSE POSITIVE,0,0,0,1,0.566789763,131.81846,4.008,25.4,15.4,0.758,4.6,5799.0
7362632,K06865.01,FALSE POSITIVE,1,0,0,1,0.566811926,131.79708,4.181,82.6,22.5,0.942,4.474,6165.0
7365447,K06866.01,FALSE POSITIVE,0,1,0,0,2.525386934,133.913493,3.71613,124878.0,1003.0,1.233,4.337,6826.0
7366036,K06867.01,FALSE POSITIVE,1,0,0,1,0.566801506,131.7969,1.738,29.5,19.2,1.111,4.358,6398.0
7366065,K06868.01,FALSE POSITIVE,0,0,1,1,0.566803738,131.79343,1.8481,100.6,33.1,1.057,4.404,6300.0
8211521,K06992.01,FALSE POSITIVE,0,0,1,0,1.69421771,132.006,4.161,91.1,15.0,0.717,4.591,5402.0
8227464,K06994.01,CANDIDATE,0,0,0,0,4.25907841,135.5815,4.513,28.1,11.5,1.316,4.173,5560.0
8229048,K06995.01,FALSE POSITIVE,0,1,0,0,2.739477089,131.930634,3.18229,32096.1,593.6,1.056,4.431,6469.0
8231877,K06996.01,FALSE POSITIVE,0,1,0,0,1.307761491,131.777769,2.22271,13941.0,531.5,0.673,4.596,5112.0
8234477,K06997.01,FALSE POSITIVE,0,1,0,0,4.028671454,133.9542149,8.12253,113967.0,2152.8,1.528,4.168,6327.0
8240109,K06998.01,FALSE POSITIVE,0,1,0,0,2.30118753,132.193218,7.8216,87537.0,404.8,2.652,3.871,7970.0
9049010,K07127.01,FALSE POSITIVE,1,0,1,0,0.687004402,131.86316,3.829,93.7,45.0,2.803,3.684,6240.0
9083503,K07128.01,FALSE POSITIVE,0,1,0,1,0.91839938,131.6132,4.479,152.1,16.8,0.795,4.556,5222.0
9093566,K07130.01,FALSE POSITIVE,1,0,0,0,0.94356284,132.3272,5.721,13.4,16.0,1.984,4.083,7693.0
9098590,K07131.01,FALSE POSITIVE,0,1,0,0,2.243569483,133.7306188,4.14769,66328.2,1107.7,0.801,4.526,6081.0
9098810,K07132.01,FALSE POSITIVE,0,1,0,0,8.258181993,131.5010463,3.9122,311858.0,2981.6,0.888,4.445,5306.0
9101208,K07134.01,FALSE POSITIVE,0,0,0,1,1.81139053,132.9689,8.64,77.5,12.5,0.911,4.519,5941.0
9944201,K07259.01,CANDIDATE,0,1,0,0,0.721522907,131.7091421,1.4521,22528.0,815.3,0.625,4.634,4893.0
9944421,K07260.01,FALSE POSITIVE,0,1,0,0,7.09520543,135.3715105,3.69044,232683.0,1959.2,0.778,4.592,5481.0
9945280,K07261.01,FALSE POSITIVE,0,1,0,0,0.651731691,131.751463,2.4602,20524.2,347.5,1.472,4.052,5791.0
9953736,K07262.01,FALSE POSITIVE,1,0,0,0,0.50818743,131.63064,3.433,54.9,29.1,1.56,4.243,7141.0
10976412,K07393.01,FALSE POSITIVE,0,0,1,0,3.75938475,134.13833,1.188,133.1,11.3,2.638,3.534,4976.0
10979716,K07394.01,FALSE POSITIVE,0,1,0,0,10.6840477,134.084445,3.515,81901.0,395.3,0.523,4.743,3887.0
10987439,K07396.01,FALSE POSITIVE,0,1,0,0,10.67459836,138.8847317,3.82706,16676.0,1845.6,1.485,4.212,6496.0
10989032,K07397.01,FALSE POSITIVE,1,0,0,0,2.305097141,133.705069,1.9378,5880.0,133.4,2.178,4.085,8851.0
10991989,K07398.01,FALSE POSITIVE,0,1,0,0,0.974477904,132.370903,2.69834,8846.9,801.7,15.004,2.631,5210.0
10992733,K07399.01,FALSE POSITIVE,0,1,0,0,18.525917446,144.1948764,5.9056,455661.0,2246.9,0.887,4.533,5492.0
11019739,K07400.01,CANDIDATE,0,0,0,0,4.15736472,132.85855,2.217,200.7,11.2,0.782,4.558,5183.0
12356746,K07525.01,FALSE POSITIVE,0,1,0,0,0.502454299,131.9221686,2.31547,37454.3,873.6,0.901,4.498,6134.0
12365000,K07527.01,FALSE POSITIVE,0,1,0,0,1.262742487,132.19792,1.7433,15911.0,60.8,3.15,3.621,5273.0
12367017,K07529.01,FALSE POSITIVE,0,1,1,0,1.222127938,131.81559,2.2613,2486.5,200.9,0.87,4.465,5157.0
12367310,K07530.01,FALSE POSITIVE,0,1,0,0,8.627475562,139.9908385,4.65505,36784.3,1157.5,4.063,3.475,5146.0
12403968,K07531.01,FALSE POSITIVE,0,0,1,0,0.589753355,131.83147,0.606,216.0,12.4,0.678,4.648,5414.0
12418662,K07532.01,FALSE POSITIVE,0,1,0,0,2.751566365,131.562267,5.2403,72609.0,180.0,0.861,4.497,5461.0
12418816,K07533.01,FALSE POSITIVE,0,1,0,0,0.760935268,131.6357605,2.77023,370600.0,1289.0,0.511,4.74,4675.0
9959492,K03051.02,FALSE POSITIVE,0,0,1,1,1.33258772,132.0314,5.187,70.8,16.0,1.289,4.201,5576.0
9117416,K03425.03,CANDIDATE,0,0,0,0,7.64370363,137.87526,2.738,70.9,13.2,2.0,3.934,6120.0
3558803,K06345.01,FALSE POSITIVE,1,0,1,1,1.353414369,131.67312,13.416,610.2,100.8,8.586,2.865,4850.0
3644174,K06347.01,FALSE POSITIVE,0,0,1,0,1.806631432,132.23663,1.102,217.5,10.4,0.699,4.591,4606.0
3655326,K06348.01,FALSE POSITIVE,0,1,0,0,15.066491533,140.655427,6.2852,106051.0,893.0,1.626,4.028,5751.0
3656322,K06349.01,FALSE POSITIVE,0,1,0,0,1.831829703,132.53923,7.289,40509.0,140.4,2.183,3.667,5269.0
3656700,K06350.01,FALSE POSITIVE,0,1,1,0,0.738527259,132.024142,1.2174,422.9,104.1,2.313,3.825,5869.0
3659940,K06351.01,FALSE POSITIVE,0,1,0,0,0.89627093,131.668052,2.2033,66994.0,152.9,0.861,4.493,5551.0
4949214,K06481.01,FALSE POSITIVE,0,1,1,0,0.922030594,132.076361,4.367,13859.0,331.7,1.153,4.386,6484.0
5017058,K06486.01,FALSE POSITIVE,0,1,0,0,1.161947482,132.2121368,4.46886,129896.0,2435.4,1.457,4.204,6225.0
5018787,K06487.01,FALSE POSITIVE,0,1,0,0,0.607191908,132.0195301,1.30166,17368.7,961.9,0.671,4.598,5370.0
5598639,K06602.01,FALSE POSITIVE,0,1,0,0,0.648775795,131.7459799,4.34648,108824.0,6873.9,0.776,4.559,5143.0
5610698,K06603.01,FALSE POSITIVE,0,1,0,0,4.132521615,132.892463,12.4949,156249.0,440.0,1.636,4.045,6567.0
5621294,K06606.01,FALSE POSITIVE,0,1,0,0,0.938905082,131.8411582,5.00453,358893.0,2584.7,3.003,3.784,8615.0
5622250,K06608.01,FALSE POSITIVE,0,1,0,0,16.294213708,143.1937219,6.01687,174006.0,7486.2,1.508,4.145,6237.0
5632781,K06609.01,FALSE POSITIVE,1,0,0,0,11.02520205,131.715631,12.8097,429759.0,2585.5,2.3,3.724,6047.0
6594972,K06737.01,FALSE POSITIVE,0,1,0,0,10.819169459,132.9864665,5.50262,437142.0,5258.2,0.991,4.429,5955.0
6595662,K06738.01,FALSE POSITIVE,0,1,0,0,2.680514453,132.598382,3.21178,195748.0,665.5,1.076,4.356,6038.0
6606282,K06740.01,FALSE POSITIVE,0,1,0,0,1.053573674,132.428012,1.70116,3063.0,445.3,7.385,3.038,5838.0
6610219,K06743.01,FALSE POSITIVE,0,1,0,0,11.300987626,801.4552005,10.5199,325703.0,5027.8,1.448,4.165,6143.0
7368103,K06869.01,FALSE POSITIVE,0,1,0,0,2.182515126,132.354186,6.8413,114931.0,861.6,2.347,3.966,8051.0
7369523,K06870.01,FALSE POSITIVE,0,1,0,0,2.659418888,133.3208183,6.98414,305233.0,5776.1,0.932,4.5,6156.0
7376982,K06871.01,FALSE POSITIVE,0,0,0,1,2.31610674,132.3383,3.347,33.6,13.0,1.193,4.3,6025.0
7381695,K06873.01,FALSE POSITIVE,0,0,1,0,0.948683571,131.88901,1.676,150.9,13.8,0.852,4.556,5576.0
7385387,K06874.01,FALSE POSITIVE,0,0,1,1,1.65546056,133.13661,3.52,125.1,12.4,0.82,4.574,5438.0
7385478,K06875.01,FALSE POSITIVE,0,1,0,0,1.655472351,133.126106,5.09197,174198.0,823.8,2.171,3.86,6725.0
8243263,K07000.01,FALSE POSITIVE,0,1,0,0,1.759276227,132.0750778,3.19585,32091.2,2857.7,1.232,4.351,6656.0
8248103,K07002.01,CANDIDATE,0,0,0,0,4.83014159,134.64407,0.957,192.0,11.7,0.939,4.467,5693.0
8256882,K07003.01,CANDIDATE,0,0,0,0,2.41194057,133.01849,1.787,67.3,10.6,1.594,4.045,5598.0
8262223,K07004.01,FALSE POSITIVE,0,1,0,0,1.613014741,131.7482916,4.39594,152120.0,1096.1,2.779,3.836,7832.0
8283875,K07007.01,CANDIDATE,0,0,0,0,0.800263219,132.06684,0.729,170.5,13.2,0.59,4.656,4336.0
9119405,K07135.01,FALSE POSITIVE,1,0,0,0,18.646323091,139.0920079,8.853,231000.0,2895.8,3.478,3.542,5786.0
9159301,K07138.01,FALSE POSITIVE,0,1,0,0,3.044771557,132.436907,11.0593,487818.0,3684.9,3.163,3.747,8199.0
9163674,K07139.01,FALSE POSITIVE,0,1,0,0,0.773144492,131.6393074,4.05643,215961.0,2947.8,1.91,4.038,6413.0
9164788,K07140.01,FALSE POSITIVE,1,0,0,0,2.66811113,133.5071,22.49,48.3,32.5,1.561,4.164,6593.0
9179531,K07142.01,FALSE POSITIVE,0,1,0,0,3.255385289,132.498277,5.9498,158913.0,840.7,0.975,4.425,5806.0
9965691,K07267.01,FALSE POSITIVE,0,1,0,0,15.68434493,133.03069,44.463,791.6,256.3,2.191,3.888,6407.0
9971475,K07268.01,FALSE POSITIVE,0,1,0,0,5.357409918,131.637601,4.28582,199157.0,936.1,2.057,3.809,5768.0
10000490,K07269.01,FALSE POSITIVE,0,1,0,0,1.400991827,132.453975,4.8798,64104.0,669.6,1.924,4.026,6706.0
10014702,K07271.01,FALSE POSITIVE,0,0,0,1,1.34062901,132.0803,3.076,69.5,13.1,0.955,4.494,6045.0
10020423,K07273.01,FALSE POSITIVE,0,1,0,0,7.448375935,137.694513,4.23892,152666.0,1837.9,0.867,4.489,5636.0
11027270,K07401.01,FALSE POSITIVE,1,0,0,0,0.533628226,132.00331,5.772,81.8,35.3,2.177,3.906,7163.0
11027722,K07402.01,FALSE POSITIVE,0,1,1,0,0.678137665,132.138369,1.00718,885.0,172.7,0.942,4.449,6429.0
11029877,K07403.01,FALSE POSITIVE,0,1,1,0,2.069415479,132.645356,5.71941,16188.3,1148.3,1.25,4.343,6640.0
11068630,K07404.01,CANDIDATE,0,0,0,0,1.817079849,131.90509,0.889,204.6,10.8,0.963,4.503,5808.0
11071207,K07405.01,FALSE POSITIVE,1,0,0,0,8.04963472,138.6541935,6.00488,279647.0,5246.5,1.485,4.171,6698.0
11073223,K07406.01,FALSE POSITIVE,0,1,0,0,11.578946873,131.7977742,4.6373,299739.0,2456.3,1.014,4.355,6028.0
11076279,K07407.01,FALSE POSITIVE,0,1,0,0,1.47258471,132.92769,4.76885,224011.0,741.5,2.024,4.008,7360.0
11124509,K07409.01,FALSE POSITIVE,0,1,0,0,4.446459958,135.730111,2.558,5663.8,178.3,0.893,4.504,5615.0
12470530,K07536.01,FALSE POSITIVE,0,1,0,0,8.207257515,135.8249178,4.23835,391305.0,1748.3,0.621,4.637,4859.0
12506342,K07538.01,FALSE POSITIVE,0,0,1,1,1.22775105,132.56346,1.602,327.6,20.3,0.56,4.713,4551.0
12557713,K07541.01,FALSE POSITIVE,0,1,0,0,7.214721393,132.498654,2.36464,46801.5,582.0,0.552,4.696,4705.0
5471690,K04006.02,FALSE POSITIVE,0,0,0,1,0.962815183,132.21629,2.581,20.7,12.1,2.445,3.792,6638.0
7100673,K04032.05,CANDIDATE,0,0,0,0,7.23524221,135.23173,2.685,60.0,15.2,1.065,4.354,5574.0
3937814,K04084.02,CANDIDATE,0,0,0,0,10.72900793,134.68026,0.696,404.3,10.1,0.876,4.541,5375.0
5078025,K04211.02,FALSE POSITIVE,1,0,1,1,0.696290095,131.52676,3.839,120.5,19.4,0.867,4.543,5904.0
3733638,K06353.01,CANDIDATE,0,0,0,0,10.0714369,140.0456,6.891,49.5,10.8,2.81,3.633,5768.0
3746248,K06354.01,FALSE POSITIVE,0,1,1,0,0.62240698,131.68393,1.186,155.8,10.2,1.29,4.341,6661.0
3766353,K06359.01,FALSE POSITIVE,0,1,0,0,2.666961614,133.719065,2.4774,7583.4,249.5,0.974,4.484,6609.0
5019567,K06488.01,FALSE POSITIVE,1,0,0,0,1.17430183,131.7601,9.587,64.5,13.5,2.145,4.007,7537.0
5021732,K06490.01,FALSE POSITIVE,0,1,0,0,15.039464523,144.137252,5.39796,66876.8,1133.5,1.178,4.329,6410.0
5022440,K06491.01,FALSE POSITIVE,0,1,0,0,3.693951168,133.61052,2.2534,28290.0,173.2,0.881,4.534,5968.0
5022900,K06492.01,FALSE POSITIVE,1,0,1,0,1.05680287,131.682,5.748,82.3,10.9,0.885,4.532,5584.0
5024126,K06493.01,FALSE POSITIVE,0,1,1,1,0.787122102,131.73687,3.0999,596.8,57.4,0.799,4.528,5210.0
5024268,K06494.01,FALSE POSITIVE,0,1,0,1,2.15045295,132.32499,4.453,169.1,25.8,18.92,2.356,4899.0
5024372,K06495.01,FALSE POSITIVE,1,0,1,0,0.561524348,131.79593,3.336,34.1,15.7,0.715,4.55,5919.0
5647638,K06611.01,FALSE POSITIVE,0,1,0,0,1.21607873,132.4476,4.686,29.4,11.2,2.5,3.741,6234.0
5686974,K06613.01,FALSE POSITIVE,0,0,0,1,4.18224416,134.0885,6.209,57.2,13.8,0.999,4.392,6057.0
5696909,K06614.01,FALSE POSITIVE,0,1,1,0,0.643002821,131.689685,1.02608,2671.5,295.6,1.036,4.315,5681.0
6629588,K06748.01,FALSE POSITIVE,0,1,0,0,2.264471713,131.518805,7.1803,187430.0,873.7,1.752,4.014,6782.0
6636020,K06749.01,FALSE POSITIVE,0,1,1,0,18.3602239,143.4753,2.352,574.6,12.4,0.856,4.551,5713.0
7447895,K06878.01,CANDIDATE,0,0,0,0,2.405625303,133.14221,0.6283,163.5,12.0,0.83,4.573,5450.0
7455553,K06879.01,FALSE POSITIVE,0,1,0,0,3.258249472,134.59656,2.6358,1643.5,202.0,2.361,3.859,6712.0
7461314,K06881.01,FALSE POSITIVE,0,0,1,1,0.773595312,132.08776,0.781,93.0,13.2,0.935,4.506,5973.0
7461521,K06882.01,CANDIDATE,0,0,0,0,0.7735301,132.1961,1.335,185.4,14.2,1.35,4.217,6296.0
8285254,K07008.01,FALSE POSITIVE,0,1,0,0,7.535894184,137.781231,8.3059,172126.0,1446.7,0.537,4.736,4969.0
8285970,K07009.01,FALSE POSITIVE,1,0,0,0,0.562498925,131.750623,0.6743,420.1,44.1,0.933,4.437,5638.0
8288719,K07010.01,FALSE POSITIVE,0,1,0,0,0.755049082,132.1942347,2.09643,26067.9,683.7,0.622,4.64,5242.0
8294484,K07011.01,FALSE POSITIVE,0,1,0,0,1.012694226,132.44896,3.6017,108504.0,185.1,1.233,4.292,6487.0
8296467,K07012.01,FALSE POSITIVE,0,1,0,0,10.303356001,137.1682892,5.98633,520067.0,2039.1,0.9,4.423,5497.0
8301013,K07013.01,FALSE POSITIVE,0,1,0,0,2.214029545,133.1692046,5.64264,349110.0,2680.5,1.526,4.178,6604.0
8302455,K07014.01,FALSE POSITIVE,0,1,0,0,2.441988077,132.1323834,3.94526,95343.5,1174.5,2.059,3.874,6078.0
9181340,K07143.01,FALSE POSITIVE,0,0,1,0,2.131225773,133.29978,5.4932,2337.1,215.6,1.028,4.38,6181.0
9203154,K07144.01,CANDIDATE,0,0,0,0,0.839907158,131.69426,1.019,119.6,10.7,0.853,4.478,5120.0
9205993,K07145.01,FALSE POSITIVE,1,0,1,0,1.219736039,132.12417,4.89465,611523.0,1037.2,1.637,4.171,7358.0
9207508,K07146.01,FALSE POSITIVE,0,1,0,0,2.015152464,132.1127635,8.17997,561687.0,4129.6,1.649,4.163,6988.0
9210828,K07147.01,FALSE POSITIVE,0,1,0,0,0.82820657,131.581313,2.70353,118533.0,548.3,0.655,4.611,5033.0
9221627,K07148.01,CANDIDATE,0,0,0,0,1.7613778,132.989,1.355,359.3,10.5,1.207,4.349,6544.0
9236858,K07149.01,FALSE POSITIVE,0,1,0,0,2.537081943,134.005172,4.80903,245319.0,2434.8,1.309,4.307,6735.0
9243795,K07150.01,FALSE POSITIVE,0,1,0,0,14.443127448,139.3903174,8.33598,41685.3,2186.0,2.736,3.672,5757.0
9266285,K07151.01,FALSE POSITIVE,0,1,0,0,5.61386908,132.572901,5.07753,57385.6,1253.6,0.709,4.582,4504.0
10026136,K07274.01,FALSE POSITIVE,1,0,0,0,9.080194398,136.8170208,8.18777,324573.0,3481.8,1.131,4.396,6461.0
10026457,K07275.01,FALSE POSITIVE,0,1,0,0,9.93442075,132.874989,7.8219,55965.0,529.0,0.669,4.654,5382.0
10031409,K07276.01,FALSE POSITIVE,0,1,0,0,2.071939672,132.8368962,4.45367,198766.0,2409.8,1.254,4.247,6140.0
10031808,K07278.01,FALSE POSITIVE,0,1,0,0,8.589644815,132.0206787,9.49469,269518.0,5324.6,2.194,3.813,6331.0
10063044,K07280.01,FALSE POSITIVE,0,1,0,0,1.009671584,131.5869372,4.37759,155117.0,1440.7,2.242,3.974,7652.0
10066755,K07281.01,CANDIDATE,0,0,0,0,2.46506501,132.8845,6.218,39.8,10.3,1.714,4.101,6881.0
10070479,K07282.01,CANDIDATE,0,0,0,0,1.758599866,131.7968,0.2729,237.8,11.9,0.725,4.606,4744.0
11134079,K07410.01,FALSE POSITIVE,0,1,0,0,1.260575815,132.0569049,2.36064,154278.0,781.2,0.715,4.576,5388.0
11137061,K07411.01,FALSE POSITIVE,0,0,1,0,1.88912273,132.953,4.219,60.2,15.5,0.754,4.578,5413.0
11144439,K07412.01,FALSE POSITIVE,0,0,1,0,0.609125246,132.08281,0.655,139.2,10.9,0.796,4.581,5595.0
11147276,K07413.01,FALSE POSITIVE,0,1,0,0,1.566528935,132.537255,3.2593,92511.0,485.0,0.905,4.471,5883.0
11154043,K07414.01,FALSE POSITIVE,1,0,0,0,4.52977632,136.1237,26.752,1582.2,55.2,2.299,4.05,8912.0
11182260,K07415.01,CANDIDATE,0,0,0,0,1.291964282,132.63733,1.8378,28640.0,45.8,0.638,4.624,4995.0
9597729,K04417.02,FALSE POSITIVE,0,0,1,0,0.87630504,131.95622,1.11,170.9,25.2,0.929,4.508,6032.0
9836563,K04421.02,CANDIDATE,0,0,0,0,6.5595368,132.0079,4.324,26.3,10.1,1.196,4.323,5950.0
3830820,K06360.01,FALSE POSITIVE,0,1,0,0,15.582794732,135.112903,3.76683,52760.0,439.3,0.546,4.703,3849.0
3831523,K06361.01,FALSE POSITIVE,1,0,0,0,1.529283907,131.4176092,14.0075,54.8,41.5,2.266,3.829,6438.0
3834364,K06362.01,FALSE POSITIVE,0,1,0,0,2.908454772,132.315694,2.6005,64325.0,252.8,0.764,4.518,5631.0
3836413,K06363.01,FALSE POSITIVE,0,1,1,1,1.540396094,131.996172,2.8044,55123.0,340.4,1.0,4.438,5780.0
3836439,K06364.01,FALSE POSITIVE,0,1,0,1,1.540395674,131.9963513,2.80168,70614.6,997.9,2.283,3.897,7394.0
3851134,K06366.01,FALSE POSITIVE,1,0,0,1,0.91849333,131.8481,2.399,58.7,13.0,1.193,4.385,6469.0
3851193,K06367.01,FALSE POSITIVE,0,1,0,0,1.341078755,131.8392432,3.86492,112151.0,1829.3,1.225,4.323,6368.0
10341777,K07610.01,FALSE POSITIVE,0,0,1,1,0.933746709,132.4539,3.435,18.6,14.3,0.815,4.535,6302.0
10407271,K07611.01,FALSE POSITIVE,0,0,1,1,0.93376738,132.4404,4.036,55.4,16.5,0.787,4.53,5611.0
10471167,K07612.01,FALSE POSITIVE,0,0,1,1,0.93374073,131.5337,4.296,147.6,13.4,0.717,4.585,4753.0
10471174,K07613.01,FALSE POSITIVE,0,0,0,1,0.93369659,131.5867,4.444,81.4,10.8,0.838,4.558,5619.0
4735826,K03184.03,CANDIDATE,0,0,0,0,4.02018903,134.84387,3.616,18.5,14.4,1.376,4.178,5788.0
9291039,K03230.02,FALSE POSITIVE,1,0,0,1,3.796383639,135.2015074,8.6711,31.1,24.5,1.21,4.3,6017.0
10155321,K04422.02,FALSE POSITIVE,1,0,0,0,0.71059239,132.08465,4.92,280.6,22.8,1.853,4.107,7454.0
5003670,K04524.03,CANDIDATE,0,0,0,0,3.33930957,134.15098,2.597,91.3,10.7,1.006,4.434,5700.0
4953173,K04676.02,FALSE POSITIVE,1,0,0,0,3.36379289,132.9065,23.7,136.3,36.9,2.407,3.814,5947.0
8973285,K04782.02,CANDIDATE,0,0,0,0,4.29251656,134.4818,4.254,249.5,11.0,0.973,4.485,6032.0
6363560,K05270.02,FALSE POSITIVE,0,0,0,1,0.907818056,131.91608,1.679,29.5,13.2,1.014,4.456,6210.0
7935997,K05447.02,CONFIRMED,0,0,0,0,3.87594316,134.84758,2.314,58.6,14.2,0.893,4.541,5713.0
11453930,K05900.02,FALSE POSITIVE,1,0,0,0,0.687739345,131.73999,0.1866,37.6,11.0,1.493,4.212,6823.0
4737267,K06117.01,FALSE POSITIVE,0,1,0,0,9.524076544,134.803805,10.4891,198399.0,1942.5,3.371,3.428,5180.0
5955321,K06140.01,FALSE POSITIVE,1,0,0,0,11.637858887,136.885517,11.8851,427948.0,2637.0,1.058,4.433,6360.0
5211470,K06541.02,FALSE POSITIVE,0,1,1,0,0.938074536,132.26984,1.9618,575.9,36.1,17.032,2.204,4697.0
6665064,K06751.02,FALSE POSITIVE,0,1,1,0,0.698359996,131.7023,1.4959,774.1,26.1,0.956,4.492,5761.0
3458687,K07543.01,FALSE POSITIVE,1,0,0,0,0.98376204,132.28418,10.052,55.0,25.2,5.294,3.276,6431.0
4074294,K07547.01,FALSE POSITIVE,1,0,1,0,0.892988877,131.56303,2.4428,85.0,43.8,2.975,3.668,6228.0
4380560,K07548.01,FALSE POSITIVE,1,0,1,1,0.705816203,131.94499,5.55,149.0,19.6,0.966,4.487,6106.0
4483235,K07550.01,FALSE POSITIVE,1,0,0,0,1.7609276,132.30263,5.189,57.3,26.1,1.967,4.156,8784.0
4680745,K07552.01,FALSE POSITIVE,1,0,0,0,1.463148937,132.34802,11.04,168.0,66.6,1.805,3.993,6525.0
5024414,K07555.01,FALSE POSITIVE,0,0,1,1,1.525924746,132.69258,1.955,74.1,11.9,10.533,2.81,5000.0
5268955,K07557.01,FALSE POSITIVE,1,0,0,0,12.82252496,137.3868282,18.8,19268.0,13.7,1.352,4.178,5845.0
5444276,K07559.01,CANDIDATE,0,0,0,0,0.708965461,132.20988,3.946,87.2,13.1,1.155,4.384,6528.0
5598645,K07560.01,FALSE POSITIVE,0,0,1,1,0.648772102,131.74503,2.614,31.1,15.0,4.708,3.208,4973.0
5908086,K07563.01,FALSE POSITIVE,1,0,0,0,0.93705132,132.0238,4.808,51.5,17.3,7.781,3.088,6691.0
6590362,K07570.01,FALSE POSITIVE,1,0,1,0,0.592618966,132.09892,0.811,91.4,14.9,0.887,4.532,5926.0
6628740,K07571.01,FALSE POSITIVE,1,0,0,0,0.532854237,131.93754,3.231,50.9,27.9,1.613,4.067,6266.0
7031126,K07573.01,FALSE POSITIVE,1,0,1,1,0.566802672,131.81511,3.545,31.7,14.3,1.961,3.787,5102.0
7031208,K07574.01,FALSE POSITIVE,1,0,0,1,0.566796331,131.8335,5.194,114.8,33.3,1.032,4.447,6319.0
7031742,K07575.01,FALSE POSITIVE,1,0,1,1,0.566785459,131.82998,2.893,63.8,16.5,1.012,4.476,6063.0
7032568,K07576.01,FALSE POSITIVE,1,0,1,1,0.566792936,131.8166,2.846,23.0,14.3,1.603,4.018,6432.0
7032687,K07577.01,FALSE POSITIVE,1,0,1,1,0.5668004,131.81997,3.813,93.2,18.3,0.872,4.543,6215.0
7115384,K07578.01,FALSE POSITIVE,1,0,0,1,0.566793614,131.65376,5.723,31.4,79.8,27.384,1.549,3789.0
7116282,K07579.01,FALSE POSITIVE,1,0,1,1,0.566798676,131.81422,2.777,59.9,12.8,0.887,4.436,5490.0
7214090,K07583.01,FALSE POSITIVE,1,0,1,0,0.577910513,131.79797,1.362,144.1,18.1,0.908,4.503,5730.0
7281694,K07584.01,FALSE POSITIVE,1,0,1,1,0.566807725,131.7888,2.16,31.5,12.3,1.734,3.953,5018.0
7362450,K07585.01,FALSE POSITIVE,1,0,0,1,0.566807422,131.81547,5.148,26.1,28.8,1.547,4.04,5616.0
8007262,K07586.01,FALSE POSITIVE,1,0,0,0,1.345078434,132.04218,10.19,3025.0,27.7,1.675,4.141,6664.0
10397751,K02859.05,CANDIDATE,0,0,0,0,5.43103616,134.41711,2.469,66.8,10.8,0.721,4.555,5374.0
8258103,K07590.01,FALSE POSITIVE,0,1,0,0,0.594003994,132.07059,5.557,25.4,51.1,2.968,3.793,8596.0
8579684,K07594.01,FALSE POSITIVE,1,0,0,0,2.08802799,132.08475,24.017,70.8,60.5,1.67,4.117,6593.0
8649876,K07595.01,FALSE POSITIVE,1,0,0,0,10.4212788,140.6517,28.4832,148.0,31.0,2.073,3.908,6183.0
8846809,K07597.01,FALSE POSITIVE,1,0,0,0,0.778705577,131.64448,6.445,54.5,104.9,3.066,3.743,7846.0
8868686,K07598.01,FALSE POSITIVE,1,0,1,1,4.44709107,133.9044,16.79,40.5,22.6,1.076,4.357,6137.0
5473556,K02939.01,FALSE POSITIVE,1,0,0,0,11.258825027,134.7384085,8.9592,196280.0,6395.7,1.464,4.052,6217.0
5652983,K00371.02,FALSE POSITIVE,0,1,1,0,9.0584662,133.2317,6.376,61.8,17.9,3.207,3.614,5198.0
8953296,K07916.01,FALSE POSITIVE,0,1,0,0,0.784294574,132.2265109,4.18831,212526.0,1751.1,1.455,4.171,6576.0
8703491,K07906.01,FALSE POSITIVE,0,1,1,0,0.616343903,132.086508,0.7656,161.4,77.8,1.34,4.264,6045.0
8750503,K07910.01,FALSE POSITIVE,1,0,0,0,11.9283194,142.127,6.69,182.5,10.6,0.75,4.545,5010.0
8639155,K07902.01,FALSE POSITIVE,0,1,1,0,0.603351522,131.98902,0.8358,164.1,20.6,2.948,3.679,6240.0
10198225,K07991.01,CANDIDATE,0,0,0,0,11.9451376,142.3107,6.893,63.3,12.4,4.163,3.38,5094.0
10219288,K07993.01,FALSE POSITIVE,1,0,0,0,3.381607,132.92656,7.627,440.6,16.6,59.437,1.056,3974.0
10226343,K07994.01,FALSE POSITIVE,1,0,0,1,0.660655454,131.6909,7.111,566.9,77.7,1.215,4.375,6520.0
5128966,K08098.01,FALSE POSITIVE,0,1,1,1,0.505322676,131.542732,5.2727,77349.2,384.6,0.924,4.49,5941.0
5647008,K08103.01,FALSE POSITIVE,0,1,0,0,0.799868354,131.997209,6.613,4928.8,251.4,0.882,4.488,5568.0
10322797,K07999.01,FALSE POSITIVE,0,0,0,1,1.213742728,131.74123,3.596,31.7,20.3,1.987,3.961,6532.0
10383729,K08004.01,FALSE POSITIVE,0,1,0,1,0.734548624,132.16826,2.207,58.6,25.1,1.007,4.478,6046.0
10397315,K08006.01,FALSE POSITIVE,0,0,0,1,2.17812769,132.02922,1.645,61.7,10.4,0.958,4.494,6014.0
10405482,K08009.01,FALSE POSITIVE,1,0,1,1,0.93373895,132.4707,4.156,39.6,10.5,1.006,4.459,6223.0
6114140,K08117.01,CANDIDATE,0,0,0,0,0.933745798,131.52118,6.447,613.8,75.3,1.087,4.419,6367.0
10470882,K08014.01,FALSE POSITIVE,0,0,1,1,0.9337491,132.449,3.842,98.1,12.6,0.808,4.575,5628.0
10471055,K08017.01,FALSE POSITIVE,0,0,1,1,0.9337465,131.5267,3.629,49.9,11.6,0.887,4.528,6102.0
10471204,K08018.01,FALSE POSITIVE,0,0,1,1,0.93371631,131.5435,4.344,61.3,10.3,0.883,4.538,5734.0
10471243,K08019.01,FALSE POSITIVE,1,0,1,1,0.93376131,132.4342,3.747,55.6,10.5,0.82,4.568,5665.0
10535926,K08023.01,FALSE POSITIVE,1,0,1,1,0.93373591,132.46,4.517,35.1,10.8,0.95,4.47,6028.0
6953281,K08130.01,FALSE POSITIVE,0,0,1,1,0.566799395,131.79717,1.5368,231.2,33.7,1.075,4.426,6322.0
10616829,K08028.01,FALSE POSITIVE,0,1,0,0,1.072934147,132.293066,4.50475,96883.0,949.0,1.523,4.222,7031.0
10801951,K08032.01,FALSE POSITIVE,1,0,0,1,1.105123883,132.51976,3.001,66.7,20.7,0.959,4.476,5883.0
3662635,K08243.01,FALSE POSITIVE,0,1,0,0,0.939375593,132.016859,2.8424,100893.0,317.3,0.978,4.345,5826.0
9087580,K07924.01,CANDIDATE,0,0,0,0,0.770658979,131.83206,1.401,83.5,11.7,0.739,4.61,5058.0
10862284,K08034.01,FALSE POSITIVE,0,0,1,0,9.1447861,139.2816,5.422,268.8,14.9,0.919,4.517,5849.0
10877024,K08036.01,FALSE POSITIVE,0,1,1,1,0.786483923,131.84261,7.035,233.3,104.2,1.282,4.258,6315.0
9118340,K07927.01,FALSE POSITIVE,1,0,1,0,1.035329922,132.3319,3.8022,992.8,178.0,3.512,3.65,7030.0
9159198,K07929.01,FALSE POSITIVE,0,0,1,1,3.04463691,132.4477,6.656,47.0,10.4,0.98,4.474,6181.0
11152950,K08045.01,FALSE POSITIVE,0,0,1,0,4.17363793,134.20036,2.738,49.7,10.5,3.41,3.595,6619.0
5391407,K08254.01,FALSE POSITIVE,0,1,0,0,0.638697833,131.7556646,5.1609,141454.0,206.3,1.18,4.388,6424.0
9518558,K07939.01,FALSE POSITIVE,0,0,1,1,2.178142613,132.03328,0.906,172.7,16.1,0.898,4.527,6290.0
8129641,K08153.01,FALSE POSITIVE,0,1,1,0,0.808106001,131.69026,3.9174,7676.4,73.3,0.958,4.494,6014.0
9531850,K07943.01,FALSE POSITIVE,1,0,0,0,0.66234265,131.714,1.049,2359.0,12.4,1.0,4.438,5780.0
9541094,K07944.01,FALSE POSITIVE,1,0,1,1,0.536654028,131.70663,2.783,41.0,21.8,1.001,4.421,5887.0
9592831,K07947.01,FALSE POSITIVE,1,0,1,1,0.609668222,131.934,2.836,287.6,15.7,0.815,4.576,5296.0
9602658,K07948.01,FALSE POSITIVE,1,0,1,1,3.55650403,133.5416,6.862,132.3,11.8,0.427,4.819,3745.0
11560397,K08056.01,FALSE POSITIVE,0,0,1,1,0.527673051,131.82042,1.631,28.3,13.5,2.637,3.738,6762.0
11601597,K08058.01,FALSE POSITIVE,0,1,0,0,0.590281548,131.69127,2.72,21.6,20.6,1.315,4.196,6124.0
11612241,K08059.01,FALSE POSITIVE,1,0,1,1,4.5647147,133.0763,13.395,99.3,18.0,0.99,4.433,5953.0
9640649,K07951.01,CANDIDATE,0,0,0,0,0.862329309,132.16214,1.044,140.9,10.8,0.899,4.528,5806.0
9651155,K07955.01,FALSE POSITIVE,0,1,0,0,1.07383154,132.0326,4.846,31355.0,137.3,2.859,3.789,8059.0
11774383,K08065.01,FALSE POSITIVE,0,1,0,0,0.520227316,131.83796,1.7939,68633.0,122.3,1.0,4.438,5780.0
11819135,K08067.01,FALSE POSITIVE,0,1,0,0,1.901655058,132.83364,4.6545,87321.0,190.6,1.704,4.102,6929.0
8673511,K08277.01,CANDIDATE,0,0,0,0,0.757261281,131.62154,0.905,36.5,10.2,0.953,4.479,5651.0
10226420,K08288.01,FALSE POSITIVE,0,1,1,1,0.660663034,131.68417,2.81,134.0,23.3,1.134,4.397,6353.0
9813678,K07964.01,FALSE POSITIVE,0,1,0,0,0.505079006,131.930776,1.36737,28077.9,665.5,1.843,3.822,5398.0
9838537,K07966.01,FALSE POSITIVE,0,0,1,1,1.33257715,132.0367,5.158,27.1,15.5,0.837,4.559,5852.0
9838761,K07967.01,FALSE POSITIVE,0,0,0,1,1.33254428,132.06788,3.122,162.2,18.1,0.734,4.543,5460.0
9851983,K07969.01,FALSE POSITIVE,1,0,0,0,1.456383399,132.71661,11.838,212.2,94.0,2.646,3.665,6184.0
12307496,K08078.01,CANDIDATE,0,0,0,0,0.805941833,132.127874,1.4432,3180.4,55.4,0.672,4.597,5022.0
12419303,K08079.01,FALSE POSITIVE,0,0,1,0,0.608074963,131.66689,0.879,117.5,10.8,1.044,4.441,6309.0
12453855,K08080.01,FALSE POSITIVE,0,1,0,0,0.559643825,131.517134,0.677,1812.6,130.7,0.774,4.521,5240.0
12459808,K08081.01,FALSE POSITIVE,0,0,0,1,0.502446098,131.9359,1.803,11.4,10.1,1.197,4.311,6306.0
10341781,K08289.01,FALSE POSITIVE,0,0,1,1,0.93371211,131.5372,4.76,126.2,14.3,0.696,4.591,4604.0
11923074,K08295.01,FALSE POSITIVE,0,0,0,1,1.75647084,132.02757,2.538,69.5,10.9,0.833,4.561,5813.0
9873004,K07970.01,CANDIDATE,0,0,0,0,1.98514635,132.02682,1.625,233.4,11.0,0.845,4.559,5581.0
9899256,K07972.01,FALSE POSITIVE,0,0,1,1,1.33254024,132.0784,3.16,35.8,12.1,0.887,4.511,6071.0
9899621,K07974.01,FALSE POSITIVE,0,0,1,1,1.33255492,132.048,3.63,66.6,10.1,1.095,4.417,6310.0
9899623,K07975.01,FALSE POSITIVE,0,1,1,1,1.33259095,132.0329,4.947,105.5,13.6,1.038,4.448,6184.0
3443582,K08087.01,FALSE POSITIVE,0,1,0,0,1.085965104,132.006611,10.716,10578.7,675.9,2.404,4.152,15896.0
9899449,K08190.01,FALSE POSITIVE,0,1,1,1,1.332565736,132.049815,6.0828,2319.8,301.7,0.958,4.494,6014.0
9912977,K07977.01,FALSE POSITIVE,0,1,0,0,0.9439372,131.8207372,7.27446,279437.0,6351.7,1.365,4.126,5959.0
9959765,K07981.01,FALSE POSITIVE,0,0,1,1,1.33250451,132.1018,4.143,27.4,11.6,1.157,4.364,6600.0
3954211,K08090.01,FALSE POSITIVE,0,0,1,1,0.594274521,131.839508,2.162,4691.5,83.9,1.125,4.417,6321.0
10090151,K07985.01,FALSE POSITIVE,0,1,1,0,0.527698548,131.705093,3.2221,1579.2,453.3,0.903,4.529,5638.0
10128825,K07986.01,CANDIDATE,0,0,0,0,1.73984941,133.00127,3.114,48.5,10.6,1.031,4.444,6119.0
10147276,K07987.01,FALSE POSITIVE,0,0,1,0,0.681401611,132.18175,0.865,103.6,12.3,1.041,4.447,6173.0
